[INFO] Scanning for projects...
[INFO] 
[INFO] ----------------< com.clinicaltrial:research-assistant >----------------
[INFO] Building Clinical Trial Matching & Research Assistant 1.0.0
[INFO]   from pom.xml
[INFO] --------------------------------[ jar ]---------------------------------
[INFO] 
[INFO] >>> spring-boot:3.3.4:run (default-cli) > test-compile @ research-assistant >>>
[INFO] 
[INFO] --- resources:3.3.1:resources (default-resources) @ research-assistant ---
[INFO] Copying 2 resources from src\main\resources to target\classes
[INFO] Copying 0 resource from src\main\resources to target\classes
[INFO] 
[INFO] --- compiler:3.13.0:compile (default-compile) @ research-assistant ---
[INFO] Nothing to compile - all classes are up to date.
[INFO] 
[INFO] --- resources:3.3.1:testResources (default-testResources) @ research-assistant ---
[INFO] skip non existing resourceDirectory C:\Users\swami\Downloads\hexaware\backend\src\test\resources
[INFO] 
[INFO] --- compiler:3.13.0:testCompile (default-testCompile) @ research-assistant ---
[INFO] Nothing to compile - all classes are up to date.
[INFO] 
[INFO] <<< spring-boot:3.3.4:run (default-cli) < test-compile @ research-assistant <<<
[INFO] 
[INFO] 
[INFO] --- spring-boot:3.3.4:run (default-cli) @ research-assistant ---
[INFO] Attaching agents: []
Standard Commons Logging discovery in action with spring-jcl: please remove commons-logging.jar from classpath in order to avoid potential conflicts

  .   ____          _            __ _ _
 /\\ / ___'_ __ _ _(_)_ __  __ _ \ \ \ \
( ( )\___ | '_ | '_| | '_ \/ _` | \ \ \ \
 \\/  ___)| |_)| | | | | || (_| |  ) ) ) )
  '  |____| .__|_| |_|_| |_\__, | / / / /
 =========|_|==============|___/=/_/_/_/

 :: Spring Boot ::                (v3.3.4)

2026-08-21T08:39:28.541+05:30  INFO 29208 --- [demo] [           main] c.c.assistant.AssistantApplication       : Starting AssistantApplication using Java 21.0.4 with PID 29208 (C:\Users\swami\Downloads\hexaware\backend\target\classes started by swami in C:\Users\swami\Downloads\hexaware\backend)
2026-08-21T08:39:28.543+05:30  INFO 29208 --- [demo] [           main] c.c.assistant.AssistantApplication       : No active profile set, falling back to 1 default profile: "default"
2026-08-21T08:39:28.544+05:30 DEBUG 29208 --- [demo] [           main] o.s.boot.SpringApplication               : Loading source class com.clinicaltrial.assistant.AssistantApplication
2026-08-21T08:39:28.581+05:30 DEBUG 29208 --- [demo] [           main] ConfigServletWebServerApplicationContext : Refreshing org.springframework.boot.web.servlet.context.AnnotationConfigServletWebServerApplicationContext@60129b9a
2026-08-21T08:39:29.376+05:30  INFO 29208 --- [demo] [           main] .s.d.r.c.RepositoryConfigurationDelegate : Bootstrapping Spring Data JPA repositories in DEFAULT mode.
2026-08-21T08:39:29.392+05:30 DEBUG 29208 --- [demo] [           main] o.s.b.a.AutoConfigurationPackages        : @EnableAutoConfiguration was declared on a class in the package 'com.clinicaltrial.assistant'. Automatic @Repository and @Entity scanning is enabled.
2026-08-21T08:39:29.443+05:30  INFO 29208 --- [demo] [           main] .s.d.r.c.RepositoryConfigurationDelegate : Finished Spring Data repository scanning in 59 ms. Found 6 JPA repository interfaces.
2026-08-21T08:39:30.086+05:30 DEBUG 29208 --- [demo] [           main] .s.b.w.e.t.TomcatServletWebServerFactory : Code archive: C:\Users\swami\.m2\repository\org\springframework\boot\spring-boot\3.3.4\spring-boot-3.3.4.jar
2026-08-21T08:39:30.097+05:30 DEBUG 29208 --- [demo] [           main] .s.b.w.e.t.TomcatServletWebServerFactory : Code archive: C:\Users\swami\.m2\repository\org\springframework\boot\spring-boot\3.3.4\spring-boot-3.3.4.jar
2026-08-21T08:39:30.097+05:30 DEBUG 29208 --- [demo] [           main] .s.b.w.e.t.TomcatServletWebServerFactory : None of the document roots [src/main/webapp, public, static] point to a directory and will be ignored.
2026-08-21T08:39:30.113+05:30  INFO 29208 --- [demo] [           main] o.s.b.w.embedded.tomcat.TomcatWebServer  : Tomcat initialized with port 8081 (http)
2026-08-21T08:39:30.126+05:30  INFO 29208 --- [demo] [           main] o.apache.catalina.core.StandardService   : Starting service [Tomcat]
2026-08-21T08:39:30.126+05:30  INFO 29208 --- [demo] [           main] o.apache.catalina.core.StandardEngine    : Starting Servlet engine: [Apache Tomcat/10.1.30]
2026-08-21T08:39:30.182+05:30  INFO 29208 --- [demo] [           main] o.a.c.c.C.[Tomcat].[localhost].[/]       : Initializing Spring embedded WebApplicationContext
2026-08-21T08:39:30.183+05:30 DEBUG 29208 --- [demo] [           main] w.s.c.ServletWebServerApplicationContext : Published root WebApplicationContext as ServletContext attribute with name [org.springframework.web.context.WebApplicationContext.ROOT]
2026-08-21T08:39:30.184+05:30  INFO 29208 --- [demo] [           main] w.s.c.ServletWebServerApplicationContext : Root WebApplicationContext: initialization completed in 1602 ms
Standard Commons Logging discovery in action with spring-jcl: please remove commons-logging.jar from classpath in order to avoid potential conflicts
2026-08-21T08:39:30.325+05:30 DEBUG 29208 --- [demo] [           main] o.s.b.w.s.ServletContextInitializerBeans : Mapping filters: webMvcObservationFilter urls=[/*] order=-2147483647, characterEncodingFilter urls=[/*] order=-2147483648, formContentFilter urls=[/*] order=-9900, requestContextFilter urls=[/*] order=-105
2026-08-21T08:39:30.325+05:30 DEBUG 29208 --- [demo] [           main] o.s.b.w.s.ServletContextInitializerBeans : Mapping servlets: dispatcherServlet urls=[/]
2026-08-21T08:39:30.342+05:30 DEBUG 29208 --- [demo] [           main] o.s.b.w.s.f.OrderedRequestContextFilter  : Filter 'requestContextFilter' configured for use
2026-08-21T08:39:30.345+05:30 DEBUG 29208 --- [demo] [           main] o.s.w.f.ServerHttpObservationFilter      : Filter 'webMvcObservationFilter' configured for use
2026-08-21T08:39:30.345+05:30 DEBUG 29208 --- [demo] [           main] s.b.w.s.f.OrderedCharacterEncodingFilter : Filter 'characterEncodingFilter' configured for use
2026-08-21T08:39:30.346+05:30 DEBUG 29208 --- [demo] [           main] o.s.b.w.s.f.OrderedFormContentFilter     : Filter 'formContentFilter' configured for use
2026-08-21T08:39:30.356+05:30 DEBUG 29208 --- [demo] [           main] ySourcesPropertyResolver$DefaultResolver : Found key 'DB_PASSWORD' in PropertySource 'systemEnvironment' with value of type String
2026-08-21T08:39:30.357+05:30 DEBUG 29208 --- [demo] [           main] ySourcesPropertyResolver$DefaultResolver : Found key 'DB_USERNAME' in PropertySource 'systemEnvironment' with value of type String
2026-08-21T08:39:30.461+05:30  INFO 29208 --- [demo] [           main] o.hibernate.jpa.internal.util.LogHelper  : HHH000204: Processing PersistenceUnitInfo [name: default]
2026-08-21T08:39:30.513+05:30  INFO 29208 --- [demo] [           main] org.hibernate.Version                    : HHH000412: Hibernate ORM core version 6.5.3.Final
2026-08-21T08:39:30.542+05:30  INFO 29208 --- [demo] [           main] o.h.c.internal.RegionFactoryInitiator    : HHH000026: Second-level cache disabled
2026-08-21T08:39:30.796+05:30  INFO 29208 --- [demo] [           main] o.s.o.j.p.SpringPersistenceUnitInfo      : No LoadTimeWeaver setup: ignoring JPA class transformer
2026-08-21T08:39:30.823+05:30  INFO 29208 --- [demo] [           main] com.zaxxer.hikari.HikariDataSource       : HikariPool-1 - Starting...
2026-08-21T08:39:30.973+05:30  INFO 29208 --- [demo] [           main] com.zaxxer.hikari.pool.HikariPool        : HikariPool-1 - Added connection com.mysql.cj.jdbc.ConnectionImpl@6585df70
2026-08-21T08:39:30.975+05:30  INFO 29208 --- [demo] [           main] com.zaxxer.hikari.HikariDataSource       : HikariPool-1 - Start completed.
2026-08-21T08:39:31.017+05:30  WARN 29208 --- [demo] [           main] org.hibernate.orm.deprecation            : HHH90000025: MySQLDialect does not need to be specified explicitly using 'hibernate.dialect' (remove the property setting and it will be selected by default)
2026-08-21T08:39:31.929+05:30  INFO 29208 --- [demo] [           main] o.h.e.t.j.p.i.JtaPlatformInitiator       : HHH000489: No JTA platform available (set 'hibernate.transaction.jta.platform' to enable JTA platform integration)
2026-08-21T08:39:31.953+05:30 DEBUG 29208 --- [demo] [           main] org.hibernate.SQL                        : alter table clinical_events drop foreign key FKnmh31lvf23pt7ak0rdexl10pt
2026-08-21T08:39:31.970+05:30 DEBUG 29208 --- [demo] [           main] org.hibernate.SQL                        : alter table criterion_results drop foreign key FKqwa6sk32jc0ttu9ney0c5eoyg
2026-08-21T08:39:31.979+05:30 DEBUG 29208 --- [demo] [           main] org.hibernate.SQL                        : alter table criterion_results drop foreign key FKapka20gslno7ufuuu8v26nd8h
2026-08-21T08:39:31.987+05:30 DEBUG 29208 --- [demo] [           main] org.hibernate.SQL                        : alter table criterion_results drop foreign key FKny7ltg5s5pl90eno4mv2h68i9
2026-08-21T08:39:31.996+05:30 DEBUG 29208 --- [demo] [           main] org.hibernate.SQL                        : alter table patient_identities drop foreign key FKdfg6va1ghblxqgrywhbhtspnq
2026-08-21T08:39:32.004+05:30 DEBUG 29208 --- [demo] [           main] org.hibernate.SQL                        : alter table trial_criteria drop foreign key FKfva2ncs1aqwmswo5vuwfl227x
2026-08-21T08:39:32.013+05:30 DEBUG 29208 --- [demo] [           main] org.hibernate.SQL                        : alter table trial_matches drop foreign key FK453r1rkvj6i58hetjuvcrjdwl
2026-08-21T08:39:32.021+05:30 DEBUG 29208 --- [demo] [           main] org.hibernate.SQL                        : alter table trial_matches drop foreign key FKi93m1ow2v8fyr3cc0rhiqxoid
2026-08-21T08:39:32.029+05:30 DEBUG 29208 --- [demo] [           main] org.hibernate.SQL                        : drop table if exists audit_logs
2026-08-21T08:39:32.043+05:30 DEBUG 29208 --- [demo] [           main] org.hibernate.SQL                        : drop table if exists clinical_events
2026-08-21T08:39:32.055+05:30 DEBUG 29208 --- [demo] [           main] org.hibernate.SQL                        : drop table if exists criterion_results
2026-08-21T08:39:32.069+05:30 DEBUG 29208 --- [demo] [           main] org.hibernate.SQL                        : drop table if exists patient_identities
2026-08-21T08:39:32.081+05:30 DEBUG 29208 --- [demo] [           main] org.hibernate.SQL                        : drop table if exists patients
2026-08-21T08:39:32.093+05:30 DEBUG 29208 --- [demo] [           main] org.hibernate.SQL                        : drop table if exists trial_criteria
2026-08-21T08:39:32.105+05:30 DEBUG 29208 --- [demo] [           main] org.hibernate.SQL                        : drop table if exists trial_matches
2026-08-21T08:39:32.117+05:30 DEBUG 29208 --- [demo] [           main] org.hibernate.SQL                        : drop table if exists trials
2026-08-21T08:39:32.133+05:30 DEBUG 29208 --- [demo] [           main] org.hibernate.SQL                        : create table audit_logs (id bigint not null auto_increment, timestamp datetime(6) not null, current_hash varchar(64), previous_hash varchar(64), action varchar(255), details TEXT, entity_id varchar(255), entity_type varchar(255), performed_by varchar(255), primary key (id)) engine=InnoDB
2026-08-21T08:39:32.173+05:30 DEBUG 29208 --- [demo] [           main] org.hibernate.SQL                        : create table clinical_events (numeric_value decimal(38,2), created_at datetime(6), event_timestamp datetime(6), id bigint not null auto_increment, patient_id bigint, code varchar(255), display_name varchar(255), raw_fhir_json TEXT, source_record_id varchar(255), source_system varchar(255), unit varchar(255), value varchar(255), event_type enum ('CONDITION','ENCOUNTER','MEDICATION','OBSERVATION','PROCEDURE'), primary key (id)) engine=InnoDB
2026-08-21T08:39:32.193+05:30 DEBUG 29208 --- [demo] [           main] org.hibernate.SQL                        : create table criterion_results (gap_to_pass decimal(38,2), clinical_event_id bigint, criterion_id bigint, id bigint not null auto_increment, trial_match_id bigint, explanation TEXT, gap_description varchar(255), patient_value varchar(255), status enum ('FAIL','MISSING','PASS','REVIEW_REQUIRED'), primary key (id)) engine=InnoDB
2026-08-21T08:39:32.208+05:30 DEBUG 29208 --- [demo] [           main] org.hibernate.SQL                        : create table patient_identities (match_score integer, created_at datetime(6), id bigint not null auto_increment, patient_id bigint, source_patient_id varchar(255), source_system varchar(255), match_status enum ('CONFIRMED','NEW_PATIENT','REVIEW_REQUIRED'), primary key (id)) engine=InnoDB
2026-08-21T08:39:32.221+05:30 DEBUG 29208 --- [demo] [           main] org.hibernate.SQL                        : create table patients (date_of_birth date, created_at datetime(6), id bigint not null auto_increment, updated_at datetime(6), canonical_patient_id varchar(255) not null, email varchar(255), first_name varchar(255), gender varchar(255), last_name varchar(255), phone varchar(255), consent_status enum ('CONSENTED','DECLINED','NOT_ASKED','PENDING'), primary key (id)) engine=InnoDB
2026-08-21T08:39:32.234+05:30 DEBUG 29208 --- [demo] [           main] org.hibernate.SQL                        : create table trial_criteria (max_value decimal(38,2), min_value decimal(38,2), reviewed_by_human bit not null, id bigint not null auto_increment, trial_id bigint, clinical_field varchar(255), description TEXT, operator varchar(255), unit varchar(255), value varchar(255), criterion_type enum ('EXCLUSION','INCLUSION'), primary key (id)) engine=InnoDB
2026-08-21T08:39:32.246+05:30 DEBUG 29208 --- [demo] [           main] org.hibernate.SQL                        : create table trial_matches (id bigint not null auto_increment, matched_at datetime(6), patient_id bigint, trial_id bigint, review_notes varchar(255), status enum ('ELIGIBLE','MANUALLY_OVERRIDDEN','NEEDS_REVIEW','NOT_ELIGIBLE','POTENTIALLY_ELIGIBLE'), primary key (id)) engine=InnoDB
2026-08-21T08:39:32.258+05:30 DEBUG 29208 --- [demo] [           main] org.hibernate.SQL                        : create table trials (created_at datetime(6), id bigint not null auto_increment, description TEXT, original_eligibility_text TEXT, title varchar(255), trial_code varchar(255) not null, primary key (id)) engine=InnoDB
2026-08-21T08:39:32.271+05:30 DEBUG 29208 --- [demo] [           main] org.hibernate.SQL                        : create index idx_audit_entity on audit_logs (entity_type, entity_id)
2026-08-21T08:39:32.280+05:30 DEBUG 29208 --- [demo] [           main] org.hibernate.SQL                        : create index idx_audit_timestamp on audit_logs (timestamp)
2026-08-21T08:39:32.289+05:30 DEBUG 29208 --- [demo] [           main] org.hibernate.SQL                        : create index idx_event_patient on clinical_events (patient_id)
2026-08-21T08:39:32.301+05:30 DEBUG 29208 --- [demo] [           main] org.hibernate.SQL                        : create index idx_event_timestamp on clinical_events (event_timestamp)
2026-08-21T08:39:32.311+05:30 DEBUG 29208 --- [demo] [           main] org.hibernate.SQL                        : create index idx_event_code on clinical_events (code)
2026-08-21T08:39:32.322+05:30 DEBUG 29208 --- [demo] [           main] org.hibernate.SQL                        : create index idx_event_source on clinical_events (source_system, source_record_id)
2026-08-21T08:39:32.335+05:30 DEBUG 29208 --- [demo] [           main] org.hibernate.SQL                        : alter table clinical_events add constraint uq_event_source_record unique (source_system, source_record_id)
2026-08-21T08:39:32.348+05:30 DEBUG 29208 --- [demo] [           main] org.hibernate.SQL                        : create index idx_identity_source on patient_identities (source_system, source_patient_id)
2026-08-21T08:39:32.358+05:30 DEBUG 29208 --- [demo] [           main] org.hibernate.SQL                        : alter table patient_identities add constraint uq_identity unique (source_system, source_patient_id)
2026-08-21T08:39:32.369+05:30 DEBUG 29208 --- [demo] [           main] org.hibernate.SQL                        : create index idx_patient_canonical_id on patients (canonical_patient_id)
2026-08-21T08:39:32.380+05:30 DEBUG 29208 --- [demo] [           main] org.hibernate.SQL                        : create index idx_patient_dob on patients (date_of_birth)
2026-08-21T08:39:32.391+05:30 DEBUG 29208 --- [demo] [           main] org.hibernate.SQL                        : alter table patients add constraint UK8g16m5mpcq7dp5qw5kvhexf2x unique (canonical_patient_id)
2026-08-21T08:39:32.402+05:30 DEBUG 29208 --- [demo] [           main] org.hibernate.SQL                        : alter table trials add constraint UKap9qili1lc6gw3xr2w839y0w7 unique (trial_code)
2026-08-21T08:39:32.412+05:30 DEBUG 29208 --- [demo] [           main] org.hibernate.SQL                        : alter table clinical_events add constraint FKnmh31lvf23pt7ak0rdexl10pt foreign key (patient_id) references patients (id)
2026-08-21T08:39:32.457+05:30 DEBUG 29208 --- [demo] [           main] org.hibernate.SQL                        : alter table criterion_results add constraint FKqwa6sk32jc0ttu9ney0c5eoyg foreign key (clinical_event_id) references clinical_events (id)
2026-08-21T08:39:32.494+05:30 DEBUG 29208 --- [demo] [           main] org.hibernate.SQL                        : alter table criterion_results add constraint FKapka20gslno7ufuuu8v26nd8h foreign key (criterion_id) references trial_criteria (id)
2026-08-21T08:39:32.536+05:30 DEBUG 29208 --- [demo] [           main] org.hibernate.SQL                        : alter table criterion_results add constraint FKny7ltg5s5pl90eno4mv2h68i9 foreign key (trial_match_id) references trial_matches (id)
2026-08-21T08:39:32.576+05:30 DEBUG 29208 --- [demo] [           main] org.hibernate.SQL                        : alter table patient_identities add constraint FKdfg6va1ghblxqgrywhbhtspnq foreign key (patient_id) references patients (id)
2026-08-21T08:39:32.623+05:30 DEBUG 29208 --- [demo] [           main] org.hibernate.SQL                        : alter table trial_criteria add constraint FKfva2ncs1aqwmswo5vuwfl227x foreign key (trial_id) references trials (id)
2026-08-21T08:39:32.663+05:30 DEBUG 29208 --- [demo] [           main] org.hibernate.SQL                        : alter table trial_matches add constraint FK453r1rkvj6i58hetjuvcrjdwl foreign key (patient_id) references patients (id)
2026-08-21T08:39:32.703+05:30 DEBUG 29208 --- [demo] [           main] org.hibernate.SQL                        : alter table trial_matches add constraint FKi93m1ow2v8fyr3cc0rhiqxoid foreign key (trial_id) references trials (id)
2026-08-21T08:39:32.748+05:30  INFO 29208 --- [demo] [           main] j.LocalContainerEntityManagerFactoryBean : Initialized JPA EntityManagerFactory for persistence unit 'default'
2026-08-21T08:39:33.003+05:30  INFO 29208 --- [demo] [           main] o.s.d.j.r.query.QueryEnhancerFactory     : Hibernate is in classpath; If applicable, HQL parser will be used.
2026-08-21T08:39:33.725+05:30  WARN 29208 --- [demo] [           main] JpaBaseConfiguration$JpaWebConfiguration : spring.jpa.open-in-view is enabled by default. Therefore, database queries may be performed during view rendering. Explicitly configure spring.jpa.open-in-view to disable this warning
2026-08-21T08:39:33.835+05:30 DEBUG 29208 --- [demo] [           main] s.w.s.m.m.a.RequestMappingHandlerMapping : 23 mappings in 'requestMappingHandlerMapping'
2026-08-21T08:39:33.882+05:30 DEBUG 29208 --- [demo] [           main] o.s.w.s.handler.SimpleUrlHandlerMapping  : Patterns [/webjars/**, /**] in 'resourceHandlerMapping'
2026-08-21T08:39:33.934+05:30 DEBUG 29208 --- [demo] [           main] s.w.s.m.m.a.RequestMappingHandlerAdapter : ControllerAdvice beans: 0 @ModelAttribute, 0 @InitBinder, 1 RequestBodyAdvice, 1 ResponseBodyAdvice
2026-08-21T08:39:33.975+05:30 DEBUG 29208 --- [demo] [           main] .m.m.a.ExceptionHandlerExceptionResolver : ControllerAdvice beans: 1 @ExceptionHandler, 1 ResponseBodyAdvice
2026-08-21T08:39:34.453+05:30  INFO 29208 --- [demo] [           main] o.s.b.a.e.web.EndpointLinksResolver      : Exposing 14 endpoints beneath base path '/actuator'
2026-08-21T08:39:34.531+05:30  INFO 29208 --- [demo] [           main] o.s.b.w.embedded.tomcat.TomcatWebServer  : Tomcat started on port 8081 (http) with context path '/'
2026-08-21T08:39:34.546+05:30 DEBUG 29208 --- [demo] [           main] .s.b.a.l.ConditionEvaluationReportLogger : 


============================
CONDITIONS EVALUATION REPORT
============================


Positive matches:
-----------------

   AopAutoConfiguration matched:
      - @ConditionalOnProperty (spring.aop.auto=true) matched (OnPropertyCondition)

   AopAutoConfiguration.AspectJAutoProxyingConfiguration matched:
      - @ConditionalOnClass found required class 'org.aspectj.weaver.Advice' (OnClassCondition)

   AopAutoConfiguration.AspectJAutoProxyingConfiguration.CglibAutoProxyConfiguration matched:
      - @ConditionalOnProperty (spring.aop.proxy-target-class=true) matched (OnPropertyCondition)

   ApplicationAvailabilityAutoConfiguration#applicationAvailability matched:
      - @ConditionalOnMissingBean (types: org.springframework.boot.availability.ApplicationAvailability; SearchStrategy: all) did not find any beans (OnBeanCondition)

   AuditEventsEndpointAutoConfiguration matched:
      - @ConditionalOnAvailableEndpoint marked as exposed by a 'management.endpoints.web.exposure' property (OnAvailableEndpointCondition)

   BeansEndpointAutoConfiguration matched:
      - @ConditionalOnAvailableEndpoint marked as exposed by a 'management.endpoints.web.exposure' property (OnAvailableEndpointCondition)

   BeansEndpointAutoConfiguration#beansEndpoint matched:
      - @ConditionalOnMissingBean (types: org.springframework.boot.actuate.beans.BeansEndpoint; SearchStrategy: all) did not find any beans (OnBeanCondition)

   CacheMeterBinderProvidersConfiguration matched:
      - @ConditionalOnClass found required class 'io.micrometer.core.instrument.binder.MeterBinder' (OnClassCondition)

   CachesEndpointAutoConfiguration matched:
      - @ConditionalOnClass found required class 'org.springframework.cache.CacheManager' (OnClassCondition)
      - @ConditionalOnAvailableEndpoint marked as exposed by a 'management.endpoints.web.exposure' property (OnAvailableEndpointCondition)

   CachesEndpointAutoConfiguration#cachesEndpoint matched:
      - @ConditionalOnMissingBean (types: org.springframework.boot.actuate.cache.CachesEndpoint; SearchStrategy: all) did not find any beans (OnBeanCondition)

   CachesEndpointAutoConfiguration#cachesEndpointWebExtension matched:
      - @ConditionalOnBean (types: org.springframework.boot.actuate.cache.CachesEndpoint; SearchStrategy: all) found bean 'cachesEndpoint'; @ConditionalOnMissingBean (types: org.springframework.boot.actuate.cache.CachesEndpointWebExtension; SearchStrategy: all) did not find any beans (OnBeanCondition)
      - @ConditionalOnAvailableEndpoint marked as exposed by a 'management.endpoints.web.exposure' property (OnAvailableEndpointCondition)

   CompositeMeterRegistryAutoConfiguration matched:
      - @ConditionalOnClass found required class 'io.micrometer.core.instrument.composite.CompositeMeterRegistry' (OnClassCondition)

   ConditionsReportEndpointAutoConfiguration matched:
      - @ConditionalOnAvailableEndpoint marked as exposed by a 'management.endpoints.web.exposure' property (OnAvailableEndpointCondition)

   ConditionsReportEndpointAutoConfiguration#conditionsReportEndpoint matched:
      - @ConditionalOnMissingBean (types: org.springframework.boot.actuate.autoconfigure.condition.ConditionsReportEndpoint; SearchStrategy: current) did not find any beans (OnBeanCondition)

   ConfigurationPropertiesReportEndpointAutoConfiguration matched:
      - @ConditionalOnAvailableEndpoint marked as exposed by a 'management.endpoints.web.exposure' property (OnAvailableEndpointCondition)

   ConfigurationPropertiesReportEndpointAutoConfiguration#configurationPropertiesReportEndpoint matched:
      - @ConditionalOnMissingBean (types: org.springframework.boot.actuate.context.properties.ConfigurationPropertiesReportEndpoint; SearchStrategy: all) did not find any beans (OnBeanCondition)

   ConfigurationPropertiesReportEndpointAutoConfiguration#configurationPropertiesReportEndpointWebExtension matched:
      - @ConditionalOnBean (types: org.springframework.boot.actuate.context.properties.ConfigurationPropertiesReportEndpoint; SearchStrategy: all) found bean 'configurationPropertiesReportEndpoint'; @ConditionalOnMissingBean (types: org.springframework.boot.actuate.context.properties.ConfigurationPropertiesReportEndpointWebExtension; SearchStrategy: all) did not find any beans (OnBeanCondition)
      - @ConditionalOnAvailableEndpoint marked as exposed by a 'management.endpoints.web.exposure' property (OnAvailableEndpointCondition)

   DataSourceAutoConfiguration matched:
      - @ConditionalOnClass found required classes 'javax.sql.DataSource', 'org.springframework.jdbc.datasource.embedded.EmbeddedDatabaseType' (OnClassCondition)
      - @ConditionalOnMissingBean (types: io.r2dbc.spi.ConnectionFactory; SearchStrategy: all) did not find any beans (OnBeanCondition)

   DataSourceAutoConfiguration.PooledDataSourceConfiguration matched:
      - AnyNestedCondition 1 matched 1 did not; NestedCondition on DataSourceAutoConfiguration.PooledDataSourceCondition.PooledDataSourceAvailable PooledDataSource found supported DataSource; NestedCondition on DataSourceAutoConfiguration.PooledDataSourceCondition.ExplicitType @ConditionalOnProperty (spring.datasource.type) did not find property 'type' (DataSourceAutoConfiguration.PooledDataSourceCondition)
      - @ConditionalOnMissingBean (types: javax.sql.DataSource,javax.sql.XADataSource; SearchStrategy: all) did not find any beans (OnBeanCondition)

   DataSourceAutoConfiguration.PooledDataSourceConfiguration#jdbcConnectionDetails matched:
      - @ConditionalOnMissingBean (types: org.springframework.boot.autoconfigure.jdbc.JdbcConnectionDetails; SearchStrategy: all) did not find any beans (OnBeanCondition)

   DataSourceConfiguration.Hikari matched:
      - @ConditionalOnClass found required class 'com.zaxxer.hikari.HikariDataSource' (OnClassCondition)
      - @ConditionalOnProperty (spring.datasource.type=com.zaxxer.hikari.HikariDataSource) matched (OnPropertyCondition)
      - @ConditionalOnMissingBean (types: javax.sql.DataSource; SearchStrategy: all) did not find any beans (OnBeanCondition)

   DataSourceHealthContributorAutoConfiguration matched:
      - @ConditionalOnClass found required classes 'org.springframework.jdbc.core.JdbcTemplate', 'org.springframework.jdbc.datasource.lookup.AbstractRoutingDataSource' (OnClassCondition)
      - @ConditionalOnEnabledHealthIndicator management.health.defaults.enabled is considered true (OnEnabledHealthIndicatorCondition)
      - @ConditionalOnBean (types: javax.sql.DataSource; SearchStrategy: all) found bean 'dataSource' (OnBeanCondition)

   DataSourceHealthContributorAutoConfiguration#dbHealthContributor matched:
      - @ConditionalOnMissingBean (names: dbHealthIndicator,dbHealthContributor; SearchStrategy: all) did not find any beans (OnBeanCondition)

   DataSourceInitializationConfiguration matched:
      - @ConditionalOnClass found required class 'org.springframework.jdbc.datasource.init.DatabasePopulator' (OnClassCondition)
      - @ConditionalOnSingleCandidate (types: javax.sql.DataSource; SearchStrategy: all) found a single bean 'dataSource'; @ConditionalOnMissingBean (types: org.springframework.boot.autoconfigure.sql.init.SqlDataSourceScriptDatabaseInitializer,org.springframework.boot.autoconfigure.sql.init.SqlR2dbcScriptDatabaseInitializer; SearchStrategy: all) did not find any beans (OnBeanCondition)

   DataSourceJmxConfiguration matched:
      - @ConditionalOnProperty (spring.jmx.enabled=true) matched (OnPropertyCondition)

   DataSourceJmxConfiguration.Hikari matched:
      - @ConditionalOnClass found required class 'com.zaxxer.hikari.HikariDataSource' (OnClassCondition)
      - @ConditionalOnSingleCandidate (types: javax.sql.DataSource; SearchStrategy: all) found a single bean 'dataSource' (OnBeanCondition)

   DataSourcePoolMetadataProvidersConfiguration.HikariPoolDataSourceMetadataProviderConfiguration matched:
      - @ConditionalOnClass found required class 'com.zaxxer.hikari.HikariDataSource' (OnClassCondition)

   DataSourcePoolMetricsAutoConfiguration matched:
      - @ConditionalOnClass found required classes 'javax.sql.DataSource', 'io.micrometer.core.instrument.MeterRegistry' (OnClassCondition)
      - @ConditionalOnBean (types: javax.sql.DataSource,io.micrometer.core.instrument.MeterRegistry; SearchStrategy: all) found beans 'simpleMeterRegistry', 'dataSource' (OnBeanCondition)

   DataSourcePoolMetricsAutoConfiguration.DataSourcePoolMetadataMetricsConfiguration matched:
      - @ConditionalOnBean (types: org.springframework.boot.jdbc.metadata.DataSourcePoolMetadataProvider; SearchStrategy: all) found bean 'hikariPoolDataSourceMetadataProvider' (OnBeanCondition)

   DataSourcePoolMetricsAutoConfiguration.HikariDataSourceMetricsConfiguration matched:
      - @ConditionalOnClass found required class 'com.zaxxer.hikari.HikariDataSource' (OnClassCondition)

   DataSourceTransactionManagerAutoConfiguration matched:
      - @ConditionalOnClass found required classes 'javax.sql.DataSource', 'org.springframework.jdbc.core.JdbcTemplate', 'org.springframework.transaction.TransactionManager' (OnClassCondition)

   DataSourceTransactionManagerAutoConfiguration.JdbcTransactionManagerConfiguration matched:
      - @ConditionalOnSingleCandidate (types: javax.sql.DataSource; SearchStrategy: all) found a single bean 'dataSource' (OnBeanCondition)

   DiskSpaceHealthContributorAutoConfiguration matched:
      - @ConditionalOnEnabledHealthIndicator management.health.defaults.enabled is considered true (OnEnabledHealthIndicatorCondition)

   DiskSpaceHealthContributorAutoConfiguration#diskSpaceHealthIndicator matched:
      - @ConditionalOnMissingBean (names: diskSpaceHealthIndicator; SearchStrategy: all) did not find any beans (OnBeanCondition)

   DispatcherServletAutoConfiguration matched:
      - @ConditionalOnClass found required class 'org.springframework.web.servlet.DispatcherServlet' (OnClassCondition)
      - found 'session' scope (OnWebApplicationCondition)

   DispatcherServletAutoConfiguration.DispatcherServletConfiguration matched:
      - @ConditionalOnClass found required class 'jakarta.servlet.ServletRegistration' (OnClassCondition)
      - Default DispatcherServlet did not find dispatcher servlet beans (DispatcherServletAutoConfiguration.DefaultDispatcherServletCondition)

   DispatcherServletAutoConfiguration.DispatcherServletRegistrationConfiguration matched:
      - @ConditionalOnClass found required class 'jakarta.servlet.ServletRegistration' (OnClassCondition)
      - DispatcherServlet Registration did not find servlet registration bean (DispatcherServletAutoConfiguration.DispatcherServletRegistrationCondition)

   DispatcherServletAutoConfiguration.DispatcherServletRegistrationConfiguration#dispatcherServletRegistration matched:
      - @ConditionalOnBean (names: dispatcherServlet types: org.springframework.web.servlet.DispatcherServlet; SearchStrategy: all) found bean 'dispatcherServlet' (OnBeanCondition)

   EmbeddedWebServerFactoryCustomizerAutoConfiguration matched:
      - @ConditionalOnWebApplication (required) found 'session' scope (OnWebApplicationCondition)
      - @ConditionalOnWarDeployment the application is not deployed as a WAR file. (OnWarDeploymentCondition)

   EmbeddedWebServerFactoryCustomizerAutoConfiguration.TomcatWebServerFactoryCustomizerConfiguration matched:
      - @ConditionalOnClass found required classes 'org.apache.catalina.startup.Tomcat', 'org.apache.coyote.UpgradeProtocol' (OnClassCondition)

   EndpointAutoConfiguration#endpointCachingOperationInvokerAdvisor matched:
      - @ConditionalOnMissingBean (types: org.springframework.boot.actuate.endpoint.invoker.cache.CachingOperationInvokerAdvisor; SearchStrategy: all) did not find any beans (OnBeanCondition)

   EndpointAutoConfiguration#endpointOperationParameterMapper matched:
      - @ConditionalOnMissingBean (types: org.springframework.boot.actuate.endpoint.invoke.ParameterValueMapper; SearchStrategy: all) did not find any beans (OnBeanCondition)

   EnvironmentEndpointAutoConfiguration matched:
      - @ConditionalOnAvailableEndpoint marked as exposed by a 'management.endpoints.web.exposure' property (OnAvailableEndpointCondition)

   EnvironmentEndpointAutoConfiguration#environmentEndpoint matched:
      - @ConditionalOnMissingBean (types: org.springframework.boot.actuate.env.EnvironmentEndpoint; SearchStrategy: all) did not find any beans (OnBeanCondition)

   EnvironmentEndpointAutoConfiguration#environmentEndpointWebExtension matched:
      - @ConditionalOnBean (types: org.springframework.boot.actuate.env.EnvironmentEndpoint; SearchStrategy: all) found bean 'environmentEndpoint'; @ConditionalOnMissingBean (types: org.springframework.boot.actuate.env.EnvironmentEndpointWebExtension; SearchStrategy: all) did not find any beans (OnBeanCondition)
      - @ConditionalOnAvailableEndpoint marked as exposed by a 'management.endpoints.web.exposure' property (OnAvailableEndpointCondition)

   ErrorMvcAutoConfiguration matched:
      - @ConditionalOnClass found required classes 'jakarta.servlet.Servlet', 'org.springframework.web.servlet.DispatcherServlet' (OnClassCondition)
      - found 'session' scope (OnWebApplicationCondition)

   ErrorMvcAutoConfiguration#basicErrorController matched:
      - @ConditionalOnMissingBean (types: org.springframework.boot.web.servlet.error.ErrorController; SearchStrategy: current) did not find any beans (OnBeanCondition)

   ErrorMvcAutoConfiguration#errorAttributes matched:
      - @ConditionalOnMissingBean (types: org.springframework.boot.web.servlet.error.ErrorAttributes; SearchStrategy: current) did not find any beans (OnBeanCondition)

   ErrorMvcAutoConfiguration.DefaultErrorViewResolverConfiguration#conventionErrorViewResolver matched:
      - @ConditionalOnBean (types: org.springframework.web.servlet.DispatcherServlet; SearchStrategy: all) found bean 'dispatcherServlet'; @ConditionalOnMissingBean (types: org.springframework.boot.autoconfigure.web.servlet.error.ErrorViewResolver; SearchStrategy: all) did not find any beans (OnBeanCondition)

   ErrorMvcAutoConfiguration.WhitelabelErrorViewConfiguration matched:
      - @ConditionalOnProperty (server.error.whitelabel.enabled) matched (OnPropertyCondition)
      - ErrorTemplate Missing did not find error template view (ErrorMvcAutoConfiguration.ErrorTemplateMissingCondition)

   ErrorMvcAutoConfiguration.WhitelabelErrorViewConfiguration#beanNameViewResolver matched:
      - @ConditionalOnMissingBean (types: org.springframework.web.servlet.view.BeanNameViewResolver; SearchStrategy: all) did not find any beans (OnBeanCondition)

   ErrorMvcAutoConfiguration.WhitelabelErrorViewConfiguration#defaultErrorView matched:
      - @ConditionalOnMissingBean (names: error; SearchStrategy: all) did not find any beans (OnBeanCondition)

   GenericCacheConfiguration matched:
      - Cache org.springframework.boot.autoconfigure.cache.GenericCacheConfiguration automatic cache type (CacheCondition)

   HealthContributorAutoConfiguration#pingHealthContributor matched:
      - @ConditionalOnEnabledHealthIndicator management.health.defaults.enabled is considered true (OnEnabledHealthIndicatorCondition)

   HealthEndpointAutoConfiguration matched:
      - @ConditionalOnAvailableEndpoint marked as exposed by a 'management.endpoints.web.exposure' property (OnAvailableEndpointCondition)

   HealthEndpointConfiguration#healthContributorRegistry matched:
      - @ConditionalOnMissingBean (types: org.springframework.boot.actuate.health.HealthContributorRegistry; SearchStrategy: all) did not find any beans (OnBeanCondition)

   HealthEndpointConfiguration#healthEndpoint matched:
      - @ConditionalOnMissingBean (types: org.springframework.boot.actuate.health.HealthEndpoint; SearchStrategy: all) did not find any beans (OnBeanCondition)

   HealthEndpointConfiguration#healthEndpointGroupMembershipValidator matched:
      - @ConditionalOnProperty (management.endpoint.health.validate-group-membership=true) matched (OnPropertyCondition)

   HealthEndpointConfiguration#healthEndpointGroups matched:
      - @ConditionalOnMissingBean (types: org.springframework.boot.actuate.health.HealthEndpointGroups; SearchStrategy: all) did not find any beans (OnBeanCondition)

   HealthEndpointConfiguration#healthHttpCodeStatusMapper matched:
      - @ConditionalOnMissingBean (types: org.springframework.boot.actuate.health.HttpCodeStatusMapper; SearchStrategy: all) did not find any beans (OnBeanCondition)

   HealthEndpointConfiguration#healthStatusAggregator matched:
      - @ConditionalOnMissingBean (types: org.springframework.boot.actuate.health.StatusAggregator; SearchStrategy: all) did not find any beans (OnBeanCondition)

   HealthEndpointWebExtensionConfiguration matched:
      - found 'session' scope (OnWebApplicationCondition)
      - @ConditionalOnAvailableEndpoint marked as exposed by a 'management.endpoints.web.exposure' property (OnAvailableEndpointCondition)
      - @ConditionalOnBean (types: org.springframework.boot.actuate.health.HealthEndpoint; SearchStrategy: all) found bean 'healthEndpoint' (OnBeanCondition)

   HealthEndpointWebExtensionConfiguration#healthEndpointWebExtension matched:
      - @ConditionalOnMissingBean (types: org.springframework.boot.actuate.health.HealthEndpointWebExtension; SearchStrategy: all) did not find any beans (OnBeanCondition)

   HealthEndpointWebExtensionConfiguration.MvcAdditionalHealthEndpointPathsConfiguration matched:
      - @ConditionalOnAvailableEndpoint marked as exposed by a 'management.endpoints.web.exposure' property (OnAvailableEndpointCondition)
      - @ConditionalOnBean (types: org.springframework.web.servlet.DispatcherServlet; SearchStrategy: all) found bean 'dispatcherServlet' (OnBeanCondition)

   HeapDumpWebEndpointAutoConfiguration matched:
      - @ConditionalOnAvailableEndpoint marked as exposed by a 'management.endpoints.web.exposure' property (OnAvailableEndpointCondition)

   HeapDumpWebEndpointAutoConfiguration#heapDumpWebEndpoint matched:
      - @ConditionalOnMissingBean (types: org.springframework.boot.actuate.management.HeapDumpWebEndpoint; SearchStrategy: all) did not find any beans (OnBeanCondition)

   HibernateJpaAutoConfiguration matched:
      - @ConditionalOnClass found required classes 'org.springframework.orm.jpa.LocalContainerEntityManagerFactoryBean', 'jakarta.persistence.EntityManager', 'org.hibernate.engine.spi.SessionImplementor' (OnClassCondition)

   HibernateJpaConfiguration matched:
      - @ConditionalOnSingleCandidate (types: javax.sql.DataSource; SearchStrategy: all) found a single bean 'dataSource' (OnBeanCondition)

   HttpClientObservationsAutoConfiguration matched:
      - @ConditionalOnClass found required class 'io.micrometer.observation.Observation' (OnClassCondition)
      - @ConditionalOnBean (types: io.micrometer.observation.ObservationRegistry; SearchStrategy: all) found bean 'observationRegistry' (OnBeanCondition)

   HttpClientObservationsAutoConfiguration.MeterFilterConfiguration matched:
      - @ConditionalOnClass found required class 'io.micrometer.core.instrument.MeterRegistry' (OnClassCondition)
      - @ConditionalOnBean (types: io.micrometer.core.instrument.MeterRegistry; SearchStrategy: all) found bean 'simpleMeterRegistry' (OnBeanCondition)

   HttpEncodingAutoConfiguration matched:
      - @ConditionalOnClass found required class 'org.springframework.web.filter.CharacterEncodingFilter' (OnClassCondition)
      - found 'session' scope (OnWebApplicationCondition)
      - @ConditionalOnProperty (server.servlet.encoding.enabled) matched (OnPropertyCondition)

   HttpEncodingAutoConfiguration#characterEncodingFilter matched:
      - @ConditionalOnMissingBean (types: org.springframework.web.filter.CharacterEncodingFilter; SearchStrategy: all) did not find any beans (OnBeanCondition)

   HttpExchangesEndpointAutoConfiguration matched:
      - @ConditionalOnAvailableEndpoint marked as exposed by a 'management.endpoints.web.exposure' property (OnAvailableEndpointCondition)

   HttpMessageConvertersAutoConfiguration matched:
      - @ConditionalOnClass found required class 'org.springframework.http.converter.HttpMessageConverter' (OnClassCondition)
      - NoneNestedConditions 0 matched 1 did not; NestedCondition on HttpMessageConvertersAutoConfiguration.NotReactiveWebApplicationCondition.ReactiveWebApplication did not find reactive web application classes (HttpMessageConvertersAutoConfiguration.NotReactiveWebApplicationCondition)

   HttpMessageConvertersAutoConfiguration#messageConverters matched:
      - @ConditionalOnMissingBean (types: org.springframework.boot.autoconfigure.http.HttpMessageConverters; SearchStrategy: all) did not find any beans (OnBeanCondition)

   HttpMessageConvertersAutoConfiguration.StringHttpMessageConverterConfiguration matched:
      - @ConditionalOnClass found required class 'org.springframework.http.converter.StringHttpMessageConverter' (OnClassCondition)

   HttpMessageConvertersAutoConfiguration.StringHttpMessageConverterConfiguration#stringHttpMessageConverter matched:
      - @ConditionalOnMissingBean (types: org.springframework.http.converter.StringHttpMessageConverter; SearchStrategy: all) did not find any beans (OnBeanCondition)

   InfoEndpointAutoConfiguration matched:
      - @ConditionalOnAvailableEndpoint marked as exposed by a 'management.endpoints.web.exposure' property (OnAvailableEndpointCondition)

   InfoEndpointAutoConfiguration#infoEndpoint matched:
      - @ConditionalOnMissingBean (types: org.springframework.boot.actuate.info.InfoEndpoint; SearchStrategy: all) did not find any beans (OnBeanCondition)

   JacksonAutoConfiguration matched:
      - @ConditionalOnClass found required class 'com.fasterxml.jackson.databind.ObjectMapper' (OnClassCondition)

   JacksonAutoConfiguration.Jackson2ObjectMapperBuilderCustomizerConfiguration matched:
      - @ConditionalOnClass found required class 'org.springframework.http.converter.json.Jackson2ObjectMapperBuilder' (OnClassCondition)

   JacksonAutoConfiguration.JacksonObjectMapperBuilderConfiguration matched:
      - @ConditionalOnClass found required class 'org.springframework.http.converter.json.Jackson2ObjectMapperBuilder' (OnClassCondition)

   JacksonAutoConfiguration.JacksonObjectMapperBuilderConfiguration#jacksonObjectMapperBuilder matched:
      - @ConditionalOnMissingBean (types: org.springframework.http.converter.json.Jackson2ObjectMapperBuilder; SearchStrategy: all) did not find any beans (OnBeanCondition)

   JacksonAutoConfiguration.JacksonObjectMapperConfiguration matched:
      - @ConditionalOnClass found required class 'org.springframework.http.converter.json.Jackson2ObjectMapperBuilder' (OnClassCondition)

   JacksonAutoConfiguration.ParameterNamesModuleConfiguration matched:
      - @ConditionalOnClass found required class 'com.fasterxml.jackson.module.paramnames.ParameterNamesModule' (OnClassCondition)

   JacksonAutoConfiguration.ParameterNamesModuleConfiguration#parameterNamesModule matched:
      - @ConditionalOnMissingBean (types: com.fasterxml.jackson.module.paramnames.ParameterNamesModule; SearchStrategy: all) did not find any beans (OnBeanCondition)

   JacksonEndpointAutoConfiguration#endpointObjectMapper matched:
      - @ConditionalOnClass found required classes 'com.fasterxml.jackson.databind.ObjectMapper', 'org.springframework.http.converter.json.Jackson2ObjectMapperBuilder' (OnClassCondition)
      - @ConditionalOnProperty (management.endpoints.jackson.isolated-object-mapper) matched (OnPropertyCondition)

   JacksonHttpMessageConvertersConfiguration.MappingJackson2HttpMessageConverterConfiguration matched:
      - @ConditionalOnClass found required class 'com.fasterxml.jackson.databind.ObjectMapper' (OnClassCondition)
      - @ConditionalOnProperty (spring.mvc.converters.preferred-json-mapper=jackson) matched (OnPropertyCondition)
      - @ConditionalOnBean (types: com.fasterxml.jackson.databind.ObjectMapper; SearchStrategy: all) found bean 'objectMapper' (OnBeanCondition)

   JacksonHttpMessageConvertersConfiguration.MappingJackson2HttpMessageConverterConfiguration#mappingJackson2HttpMessageConverter matched:
      - @ConditionalOnMissingBean (types: org.springframework.http.converter.json.MappingJackson2HttpMessageConverter ignored: org.springframework.hateoas.server.mvc.TypeConstrainedMappingJackson2HttpMessageConverter,org.springframework.data.rest.webmvc.alps.AlpsJsonHttpMessageConverter; SearchStrategy: all) did not find any beans (OnBeanCondition)

   JdbcClientAutoConfiguration matched:
      - @ConditionalOnSingleCandidate (types: org.springframework.jdbc.core.namedparam.NamedParameterJdbcTemplate; SearchStrategy: all) found a single bean 'namedParameterJdbcTemplate'; @ConditionalOnMissingBean (types: org.springframework.jdbc.core.simple.JdbcClient; SearchStrategy: all) did not find any beans (OnBeanCondition)

   JdbcTemplateAutoConfiguration matched:
      - @ConditionalOnClass found required classes 'javax.sql.DataSource', 'org.springframework.jdbc.core.JdbcTemplate' (OnClassCondition)
      - @ConditionalOnSingleCandidate (types: javax.sql.DataSource; SearchStrategy: all) found a single bean 'dataSource' (OnBeanCondition)

   JdbcTemplateConfiguration matched:
      - @ConditionalOnMissingBean (types: org.springframework.jdbc.core.JdbcOperations; SearchStrategy: all) did not find any beans (OnBeanCondition)

   JpaBaseConfiguration#entityManagerFactory matched:
      - @ConditionalOnMissingBean (types: org.springframework.orm.jpa.LocalContainerEntityManagerFactoryBean,jakarta.persistence.EntityManagerFactory; SearchStrategy: all) did not find any beans (OnBeanCondition)

   JpaBaseConfiguration#entityManagerFactoryBuilder matched:
      - @ConditionalOnMissingBean (types: org.springframework.boot.orm.jpa.EntityManagerFactoryBuilder; SearchStrategy: all) did not find any beans (OnBeanCondition)

   JpaBaseConfiguration#jpaVendorAdapter matched:
      - @ConditionalOnMissingBean (types: org.springframework.orm.jpa.JpaVendorAdapter; SearchStrategy: all) did not find any beans (OnBeanCondition)

   JpaBaseConfiguration#transactionManager matched:
      - @ConditionalOnMissingBean (types: org.springframework.transaction.TransactionManager; SearchStrategy: all) did not find any beans (OnBeanCondition)

   JpaBaseConfiguration.JpaWebConfiguration matched:
      - @ConditionalOnClass found required class 'org.springframework.web.servlet.config.annotation.WebMvcConfigurer' (OnClassCondition)
      - found 'session' scope (OnWebApplicationCondition)
      - @ConditionalOnProperty (spring.jpa.open-in-view=true) matched (OnPropertyCondition)
      - @ConditionalOnMissingBean (types: org.springframework.orm.jpa.support.OpenEntityManagerInViewInterceptor,org.springframework.orm.jpa.support.OpenEntityManagerInViewFilter; SearchStrategy: all) did not find any beans (OnBeanCondition)

   JpaBaseConfiguration.PersistenceManagedTypesConfiguration matched:
      - @ConditionalOnMissingBean (types: org.springframework.orm.jpa.LocalContainerEntityManagerFactoryBean,jakarta.persistence.EntityManagerFactory; SearchStrategy: all) did not find any beans (OnBeanCondition)

   JpaBaseConfiguration.PersistenceManagedTypesConfiguration#persistenceManagedTypes matched:
      - @ConditionalOnMissingBean (types: org.springframework.orm.jpa.persistenceunit.PersistenceManagedTypes; SearchStrategy: all) did not find any beans (OnBeanCondition)

   JpaRepositoriesAutoConfiguration matched:
      - @ConditionalOnClass found required class 'org.springframework.data.jpa.repository.JpaRepository' (OnClassCondition)
      - @ConditionalOnProperty (spring.data.jpa.repositories.enabled=true) matched (OnPropertyCondition)
      - @ConditionalOnBean (types: javax.sql.DataSource; SearchStrategy: all) found bean 'dataSource'; @ConditionalOnMissingBean (types: org.springframework.data.jpa.repository.support.JpaRepositoryFactoryBean,org.springframework.data.jpa.repository.config.JpaRepositoryConfigExtension; SearchStrategy: all) did not find any beans (OnBeanCondition)

   JtaAutoConfiguration matched:
      - @ConditionalOnClass found required class 'jakarta.transaction.Transaction' (OnClassCondition)
      - @ConditionalOnProperty (spring.jta.enabled) matched (OnPropertyCondition)

   JvmMetricsAutoConfiguration matched:
      - @ConditionalOnClass found required class 'io.micrometer.core.instrument.MeterRegistry' (OnClassCondition)
      - @ConditionalOnBean (types: io.micrometer.core.instrument.MeterRegistry; SearchStrategy: all) found bean 'simpleMeterRegistry' (OnBeanCondition)

   JvmMetricsAutoConfiguration#classLoaderMetrics matched:
      - @ConditionalOnMissingBean (types: io.micrometer.core.instrument.binder.jvm.ClassLoaderMetrics; SearchStrategy: all) did not find any beans (OnBeanCondition)

   JvmMetricsAutoConfiguration#jvmCompilationMetrics matched:
      - @ConditionalOnMissingBean (types: io.micrometer.core.instrument.binder.jvm.JvmCompilationMetrics; SearchStrategy: all) did not find any beans (OnBeanCondition)

   JvmMetricsAutoConfiguration#jvmGcMetrics matched:
      - @ConditionalOnMissingBean (types: io.micrometer.core.instrument.binder.jvm.JvmGcMetrics; SearchStrategy: all) did not find any beans (OnBeanCondition)

   JvmMetricsAutoConfiguration#jvmHeapPressureMetrics matched:
      - @ConditionalOnMissingBean (types: io.micrometer.core.instrument.binder.jvm.JvmHeapPressureMetrics; SearchStrategy: all) did not find any beans (OnBeanCondition)

   JvmMetricsAutoConfiguration#jvmInfoMetrics matched:
      - @ConditionalOnMissingBean (types: io.micrometer.core.instrument.binder.jvm.JvmInfoMetrics; SearchStrategy: all) did not find any beans (OnBeanCondition)

   JvmMetricsAutoConfiguration#jvmMemoryMetrics matched:
      - @ConditionalOnMissingBean (types: io.micrometer.core.instrument.binder.jvm.JvmMemoryMetrics; SearchStrategy: all) did not find any beans (OnBeanCondition)

   JvmMetricsAutoConfiguration#jvmThreadMetrics matched:
      - @ConditionalOnMissingBean (types: io.micrometer.core.instrument.binder.jvm.JvmThreadMetrics; SearchStrategy: all) did not find any beans (OnBeanCondition)

   KafkaAnnotationDrivenConfiguration matched:
      - @ConditionalOnClass found required class 'org.springframework.kafka.annotation.EnableKafka' (OnClassCondition)

   KafkaAnnotationDrivenConfiguration#kafkaListenerContainerFactory matched:
      - @ConditionalOnMissingBean (names: kafkaListenerContainerFactory; SearchStrategy: all) did not find any beans (OnBeanCondition)

   KafkaAnnotationDrivenConfiguration#kafkaListenerContainerFactoryConfigurer matched:
      - @ConditionalOnMissingBean (types: org.springframework.boot.autoconfigure.kafka.ConcurrentKafkaListenerContainerFactoryConfigurer; SearchStrategy: all) did not find any beans (OnBeanCondition)
      - @ConditionalOnThreading found PLATFORM (OnThreadingCondition)

   KafkaAnnotationDrivenConfiguration.EnableKafkaConfiguration matched:
      - @ConditionalOnMissingBean (names: org.springframework.kafka.config.internalKafkaListenerAnnotationProcessor; SearchStrategy: all) did not find any beans (OnBeanCondition)

   KafkaAutoConfiguration matched:
      - @ConditionalOnClass found required class 'org.springframework.kafka.core.KafkaTemplate' (OnClassCondition)

   KafkaAutoConfiguration#kafkaAdmin matched:
      - @ConditionalOnMissingBean (types: org.springframework.kafka.core.KafkaAdmin; SearchStrategy: all) did not find any beans (OnBeanCondition)

   KafkaAutoConfiguration#kafkaConnectionDetails matched:
      - @ConditionalOnMissingBean (types: org.springframework.boot.autoconfigure.kafka.KafkaConnectionDetails; SearchStrategy: all) did not find any beans (OnBeanCondition)

   KafkaAutoConfiguration#kafkaConsumerFactory matched:
      - @ConditionalOnMissingBean (types: org.springframework.kafka.core.ConsumerFactory; SearchStrategy: all) did not find any beans (OnBeanCondition)

   KafkaAutoConfiguration#kafkaProducerFactory matched:
      - @ConditionalOnMissingBean (types: org.springframework.kafka.core.ProducerFactory; SearchStrategy: all) did not find any beans (OnBeanCondition)

   KafkaAutoConfiguration#kafkaProducerListener matched:
      - @ConditionalOnMissingBean (types: org.springframework.kafka.support.ProducerListener; SearchStrategy: all) did not find any beans (OnBeanCondition)

   KafkaAutoConfiguration#kafkaTemplate matched:
      - @ConditionalOnMissingBean (types: org.springframework.kafka.core.KafkaTemplate; SearchStrategy: all) did not find any beans (OnBeanCondition)

   KafkaMetricsAutoConfiguration matched:
      - @ConditionalOnClass found required classes 'io.micrometer.core.instrument.binder.kafka.KafkaClientMetrics', 'org.springframework.kafka.core.ProducerFactory' (OnClassCondition)
      - @ConditionalOnBean (types: io.micrometer.core.instrument.MeterRegistry; SearchStrategy: all) found bean 'simpleMeterRegistry' (OnBeanCondition)

   KafkaMetricsAutoConfiguration.KafkaStreamsMetricsConfiguration matched:
      - @ConditionalOnClass found required classes 'io.micrometer.core.instrument.binder.kafka.KafkaStreamsMetrics', 'org.springframework.kafka.config.StreamsBuilderFactoryBean' (OnClassCondition)

   LifecycleAutoConfiguration#defaultLifecycleProcessor matched:
      - @ConditionalOnMissingBean (names: lifecycleProcessor; SearchStrategy: current) did not find any beans (OnBeanCondition)

   LogFileWebEndpointAutoConfiguration matched:
      - @ConditionalOnAvailableEndpoint marked as exposed by a 'management.endpoints.web.exposure' property (OnAvailableEndpointCondition)

   LogbackMetricsAutoConfiguration matched:
      - @ConditionalOnClass found required classes 'io.micrometer.core.instrument.MeterRegistry', 'ch.qos.logback.classic.LoggerContext', 'org.slf4j.LoggerFactory' (OnClassCondition)
      - LogbackLoggingCondition ILoggerFactory is a Logback LoggerContext (LogbackMetricsAutoConfiguration.LogbackLoggingCondition)
      - @ConditionalOnBean (types: io.micrometer.core.instrument.MeterRegistry; SearchStrategy: all) found bean 'simpleMeterRegistry' (OnBeanCondition)

   LogbackMetricsAutoConfiguration#logbackMetrics matched:
      - @ConditionalOnMissingBean (types: io.micrometer.core.instrument.binder.logging.LogbackMetrics; SearchStrategy: all) did not find any beans (OnBeanCondition)

   LoggersEndpointAutoConfiguration matched:
      - @ConditionalOnAvailableEndpoint marked as exposed by a 'management.endpoints.web.exposure' property (OnAvailableEndpointCondition)

   LoggersEndpointAutoConfiguration#loggersEndpoint matched:
      - Logging System enabled (LoggersEndpointAutoConfiguration.OnEnabledLoggingSystemCondition)
      - @ConditionalOnBean (types: org.springframework.boot.logging.LoggingSystem; SearchStrategy: all) found bean 'springBootLoggingSystem'; @ConditionalOnMissingBean (types: org.springframework.boot.actuate.logging.LoggersEndpoint; SearchStrategy: all) did not find any beans (OnBeanCondition)

   ManagementContextAutoConfiguration.SameManagementContextConfiguration matched:
      - Management Port actual port type (SAME) matched required type (OnManagementPortCondition)

   MappingsEndpointAutoConfiguration matched:
      - @ConditionalOnAvailableEndpoint marked as exposed by a 'management.endpoints.web.exposure' property (OnAvailableEndpointCondition)

   MappingsEndpointAutoConfiguration.ServletWebConfiguration matched:
      - found 'session' scope (OnWebApplicationCondition)

   MappingsEndpointAutoConfiguration.ServletWebConfiguration.SpringMvcConfiguration matched:
      - @ConditionalOnClass found required class 'org.springframework.web.servlet.DispatcherServlet' (OnClassCondition)
      - @ConditionalOnBean (types: org.springframework.web.servlet.DispatcherServlet; SearchStrategy: all) found bean 'dispatcherServlet' (OnBeanCondition)

   MetricsAutoConfiguration matched:
      - @ConditionalOnClass found required class 'io.micrometer.core.annotation.Timed' (OnClassCondition)

   MetricsAutoConfiguration#micrometerClock matched:
      - @ConditionalOnMissingBean (types: io.micrometer.core.instrument.Clock; SearchStrategy: all) did not find any beans (OnBeanCondition)

   MetricsEndpointAutoConfiguration matched:
      - @ConditionalOnClass found required class 'io.micrometer.core.annotation.Timed' (OnClassCondition)
      - @ConditionalOnAvailableEndpoint marked as exposed by a 'management.endpoints.web.exposure' property (OnAvailableEndpointCondition)

   MetricsEndpointAutoConfiguration#metricsEndpoint matched:
      - @ConditionalOnBean (types: io.micrometer.core.instrument.MeterRegistry; SearchStrategy: all) found bean 'simpleMeterRegistry'; @ConditionalOnMissingBean (types: org.springframework.boot.actuate.metrics.MetricsEndpoint; SearchStrategy: all) did not find any beans (OnBeanCondition)

   MultipartAutoConfiguration matched:
      - @ConditionalOnClass found required classes 'jakarta.servlet.Servlet', 'org.springframework.web.multipart.support.StandardServletMultipartResolver', 'jakarta.servlet.MultipartConfigElement' (OnClassCondition)
      - found 'session' scope (OnWebApplicationCondition)
      - @ConditionalOnProperty (spring.servlet.multipart.enabled) matched (OnPropertyCondition)

   MultipartAutoConfiguration#multipartConfigElement matched:
      - @ConditionalOnMissingBean (types: jakarta.servlet.MultipartConfigElement; SearchStrategy: all) did not find any beans (OnBeanCondition)

   MultipartAutoConfiguration#multipartResolver matched:
      - @ConditionalOnMissingBean (types: org.springframework.web.multipart.MultipartResolver; SearchStrategy: all) did not find any beans (OnBeanCondition)

   NamedParameterJdbcTemplateConfiguration matched:
      - @ConditionalOnSingleCandidate (types: org.springframework.jdbc.core.JdbcTemplate; SearchStrategy: all) found a single bean 'jdbcTemplate'; @ConditionalOnMissingBean (types: org.springframework.jdbc.core.namedparam.NamedParameterJdbcOperations; SearchStrategy: all) did not find any beans (OnBeanCondition)

   NoOpCacheConfiguration matched:
      - Cache org.springframework.boot.autoconfigure.cache.NoOpCacheConfiguration automatic cache type (CacheCondition)

   ObservationAutoConfiguration matched:
      - @ConditionalOnClass found required class 'io.micrometer.observation.ObservationRegistry' (OnClassCondition)

   ObservationAutoConfiguration#observationRegistry matched:
      - @ConditionalOnMissingBean (types: io.micrometer.observation.ObservationRegistry; SearchStrategy: all) did not find any beans (OnBeanCondition)

   ObservationAutoConfiguration.MeterObservationHandlerConfiguration matched:
      - @ConditionalOnBean (types: io.micrometer.core.instrument.MeterRegistry; SearchStrategy: all) found bean 'simpleMeterRegistry'; @ConditionalOnMissingBean (types: io.micrometer.core.instrument.observation.MeterObservationHandler; SearchStrategy: all) did not find any beans (OnBeanCondition)

   ObservationAutoConfiguration.MeterObservationHandlerConfiguration.OnlyMetricsMeterObservationHandlerConfiguration matched:
      - @ConditionalOnMissingBean (types: io.micrometer.tracing.Tracer; SearchStrategy: all) did not find any beans (OnBeanCondition)

   ObservationAutoConfiguration.ObservedAspectConfiguration matched:
      - @ConditionalOnClass found required class 'org.aspectj.weaver.Advice' (OnClassCondition)

   ObservationAutoConfiguration.ObservedAspectConfiguration#observedAspect matched:
      - @ConditionalOnMissingBean (types: io.micrometer.observation.aop.ObservedAspect; SearchStrategy: all) did not find any beans (OnBeanCondition)

   ObservationAutoConfiguration.OnlyMetricsConfiguration matched:
      - @ConditionalOnClass found required class 'io.micrometer.core.instrument.MeterRegistry'; @ConditionalOnMissingClass did not find unwanted class 'io.micrometer.tracing.Tracer' (OnClassCondition)

   PersistenceExceptionTranslationAutoConfiguration matched:
      - @ConditionalOnClass found required class 'org.springframework.dao.annotation.PersistenceExceptionTranslationPostProcessor' (OnClassCondition)

   PersistenceExceptionTranslationAutoConfiguration#persistenceExceptionTranslationPostProcessor matched:
      - @ConditionalOnProperty (spring.dao.exceptiontranslation.enabled) matched (OnPropertyCondition)
      - @ConditionalOnMissingBean (types: org.springframework.dao.annotation.PersistenceExceptionTranslationPostProcessor; SearchStrategy: all) did not find any beans (OnBeanCondition)

   PropertyPlaceholderAutoConfiguration#propertySourcesPlaceholderConfigurer matched:
      - @ConditionalOnMissingBean (types: org.springframework.context.support.PropertySourcesPlaceholderConfigurer; SearchStrategy: current) did not find any beans (OnBeanCondition)

   RepositoryMetricsAutoConfiguration matched:
      - @ConditionalOnClass found required class 'org.springframework.data.repository.Repository' (OnClassCondition)
      - @ConditionalOnBean (types: io.micrometer.core.instrument.MeterRegistry; SearchStrategy: all) found bean 'simpleMeterRegistry' (OnBeanCondition)

   RepositoryMetricsAutoConfiguration#metricsRepositoryMethodInvocationListener matched:
      - @ConditionalOnMissingBean (types: org.springframework.boot.actuate.metrics.data.MetricsRepositoryMethodInvocationListener; SearchStrategy: all) did not find any beans (OnBeanCondition)

   RepositoryMetricsAutoConfiguration#repositoryTagsProvider matched:
      - @ConditionalOnMissingBean (types: org.springframework.boot.actuate.metrics.data.RepositoryTagsProvider; SearchStrategy: all) did not find any beans (OnBeanCondition)

   RestClientAutoConfiguration matched:
      - @ConditionalOnClass found required class 'org.springframework.web.client.RestClient' (OnClassCondition)
      - NoneNestedConditions 0 matched 1 did not; NestedCondition on NotReactiveWebApplicationCondition.ReactiveWebApplication did not find reactive web application classes (NotReactiveWebApplicationCondition)

   RestClientAutoConfiguration#httpMessageConvertersRestClientCustomizer matched:
      - @ConditionalOnMissingBean (types: org.springframework.boot.autoconfigure.web.client.HttpMessageConvertersRestClientCustomizer; SearchStrategy: all) did not find any beans (OnBeanCondition)

   RestClientAutoConfiguration#restClientBuilder matched:
      - @ConditionalOnMissingBean (types: org.springframework.web.client.RestClient$Builder; SearchStrategy: all) did not find any beans (OnBeanCondition)

   RestClientAutoConfiguration#restClientBuilderConfigurer matched:
      - @ConditionalOnMissingBean (types: org.springframework.boot.autoconfigure.web.client.RestClientBuilderConfigurer; SearchStrategy: all) did not find any beans (OnBeanCondition)

   RestClientAutoConfiguration#restClientSsl matched:
      - @ConditionalOnBean (types: org.springframework.boot.ssl.SslBundles; SearchStrategy: all) found bean 'sslBundleRegistry'; @ConditionalOnMissingBean (types: org.springframework.boot.autoconfigure.web.client.RestClientSsl; SearchStrategy: all) did not find any beans (OnBeanCondition)

   RestClientObservationConfiguration matched:
      - @ConditionalOnClass found required class 'org.springframework.web.client.RestClient' (OnClassCondition)
      - @ConditionalOnBean (types: org.springframework.web.client.RestClient$Builder; SearchStrategy: all) found bean 'restClientBuilder' (OnBeanCondition)

   RestTemplateAutoConfiguration matched:
      - @ConditionalOnClass found required class 'org.springframework.web.client.RestTemplate' (OnClassCondition)
      - NoneNestedConditions 0 matched 1 did not; NestedCondition on NotReactiveWebApplicationCondition.ReactiveWebApplication did not find reactive web application classes (NotReactiveWebApplicationCondition)

   RestTemplateAutoConfiguration#restTemplateBuilder matched:
      - @ConditionalOnMissingBean (types: org.springframework.boot.web.client.RestTemplateBuilder; SearchStrategy: all) did not find any beans (OnBeanCondition)

   RestTemplateObservationConfiguration matched:
      - @ConditionalOnClass found required class 'org.springframework.web.client.RestTemplate' (OnClassCondition)
      - @ConditionalOnBean (types: org.springframework.boot.web.client.RestTemplateBuilder; SearchStrategy: all) found bean 'restTemplateBuilder' (OnBeanCondition)

   SbomEndpointAutoConfiguration matched:
      - @ConditionalOnAvailableEndpoint marked as exposed by a 'management.endpoints.web.exposure' property (OnAvailableEndpointCondition)

   SbomEndpointAutoConfiguration#sbomEndpoint matched:
      - @ConditionalOnMissingBean (types: org.springframework.boot.actuate.sbom.SbomEndpoint; SearchStrategy: all) did not find any beans (OnBeanCondition)

   SbomEndpointAutoConfiguration#sbomEndpointWebExtension matched:
      - @ConditionalOnBean (types: org.springframework.boot.actuate.sbom.SbomEndpoint; SearchStrategy: all) found bean 'sbomEndpoint'; @ConditionalOnMissingBean (types: org.springframework.boot.actuate.sbom.SbomEndpointWebExtension; SearchStrategy: all) did not find any beans (OnBeanCondition)
      - @ConditionalOnAvailableEndpoint marked as exposed by a 'management.endpoints.web.exposure' property (OnAvailableEndpointCondition)

   ScheduledTasksEndpointAutoConfiguration matched:
      - @ConditionalOnAvailableEndpoint marked as exposed by a 'management.endpoints.web.exposure' property (OnAvailableEndpointCondition)

   ScheduledTasksEndpointAutoConfiguration#scheduledTasksEndpoint matched:
      - @ConditionalOnMissingBean (types: org.springframework.boot.actuate.scheduling.ScheduledTasksEndpoint; SearchStrategy: all) did not find any beans (OnBeanCondition)

   ScheduledTasksObservabilityAutoConfiguration matched:
      - @ConditionalOnClass found required class 'org.springframework.scheduling.concurrent.ThreadPoolTaskScheduler' (OnClassCondition)
      - @ConditionalOnBean (types: io.micrometer.observation.ObservationRegistry; SearchStrategy: all) found bean 'observationRegistry' (OnBeanCondition)

   ServletEndpointManagementContextConfiguration matched:
      - found 'session' scope (OnWebApplicationCondition)

   ServletEndpointManagementContextConfiguration.WebMvcServletEndpointManagementContextConfiguration matched:
      - @ConditionalOnClass found required class 'org.springframework.web.servlet.DispatcherServlet' (OnClassCondition)

   ServletManagementContextAutoConfiguration matched:
      - @ConditionalOnClass found required class 'jakarta.servlet.Servlet' (OnClassCondition)
      - found 'session' scope (OnWebApplicationCondition)

   ServletWebServerFactoryAutoConfiguration matched:
      - @ConditionalOnClass found required class 'jakarta.servlet.ServletRequest' (OnClassCondition)
      - found 'session' scope (OnWebApplicationCondition)

   ServletWebServerFactoryAutoConfiguration#tomcatServletWebServerFactoryCustomizer matched:
      - @ConditionalOnClass found required class 'org.apache.catalina.startup.Tomcat' (OnClassCondition)

   ServletWebServerFactoryConfiguration.EmbeddedTomcat matched:
      - @ConditionalOnClass found required classes 'jakarta.servlet.Servlet', 'org.apache.catalina.startup.Tomcat', 'org.apache.coyote.UpgradeProtocol' (OnClassCondition)
      - @ConditionalOnMissingBean (types: org.springframework.boot.web.servlet.server.ServletWebServerFactory; SearchStrategy: current) did not find any beans (OnBeanCondition)

   SimpleCacheConfiguration matched:
      - Cache org.springframework.boot.autoconfigure.cache.SimpleCacheConfiguration automatic cache type (CacheCondition)

   SimpleMetricsExportAutoConfiguration matched:
      - @ConditionalOnEnabledMetricsExport management.defaults.metrics.export.enabled is considered true (OnMetricsExportEnabledCondition)
      - @ConditionalOnBean (types: io.micrometer.core.instrument.Clock; SearchStrategy: all) found bean 'micrometerClock'; @ConditionalOnMissingBean (types: io.micrometer.core.instrument.MeterRegistry; SearchStrategy: all) did not find any beans (OnBeanCondition)

   SimpleMetricsExportAutoConfiguration#simpleConfig matched:
      - @ConditionalOnMissingBean (types: io.micrometer.core.instrument.simple.SimpleConfig; SearchStrategy: all) did not find any beans (OnBeanCondition)

   SpringDataWebAutoConfiguration matched:
      - @ConditionalOnClass found required classes 'org.springframework.data.web.PageableHandlerMethodArgumentResolver', 'org.springframework.web.servlet.config.annotation.WebMvcConfigurer' (OnClassCondition)
      - found 'session' scope (OnWebApplicationCondition)
      - @ConditionalOnMissingBean (types: org.springframework.data.web.PageableHandlerMethodArgumentResolver; SearchStrategy: all) did not find any beans (OnBeanCondition)

   SpringDataWebAutoConfiguration#pageableCustomizer matched:
      - @ConditionalOnMissingBean (types: org.springframework.data.web.config.PageableHandlerMethodArgumentResolverCustomizer; SearchStrategy: all) did not find any beans (OnBeanCondition)

   SpringDataWebAutoConfiguration#sortCustomizer matched:
      - @ConditionalOnMissingBean (types: org.springframework.data.web.config.SortHandlerMethodArgumentResolverCustomizer; SearchStrategy: all) did not find any beans (OnBeanCondition)

   SqlInitializationAutoConfiguration matched:
      - @ConditionalOnProperty (spring.sql.init.enabled) matched (OnPropertyCondition)
      - NoneNestedConditions 0 matched 1 did not; NestedCondition on SqlInitializationAutoConfiguration.SqlInitializationModeCondition.ModeIsNever @ConditionalOnProperty (spring.sql.init.mode=never) did not find property 'mode' (SqlInitializationAutoConfiguration.SqlInitializationModeCondition)

   SslAutoConfiguration#sslBundleRegistry matched:
      - @ConditionalOnMissingBean (types: org.springframework.boot.ssl.SslBundleRegistry,org.springframework.boot.ssl.SslBundles; SearchStrategy: all) did not find any beans (OnBeanCondition)

   StartupTimeMetricsListenerAutoConfiguration matched:
      - @ConditionalOnClass found required class 'io.micrometer.core.instrument.MeterRegistry' (OnClassCondition)
      - @ConditionalOnBean (types: io.micrometer.core.instrument.MeterRegistry; SearchStrategy: all) found bean 'simpleMeterRegistry' (OnBeanCondition)

   StartupTimeMetricsListenerAutoConfiguration#startupTimeMetrics matched:
      - @ConditionalOnMissingBean (types: org.springframework.boot.actuate.metrics.startup.StartupTimeMetricsListener; SearchStrategy: all) did not find any beans (OnBeanCondition)

   SystemMetricsAutoConfiguration matched:
      - @ConditionalOnClass found required class 'io.micrometer.core.instrument.MeterRegistry' (OnClassCondition)
      - @ConditionalOnBean (types: io.micrometer.core.instrument.MeterRegistry; SearchStrategy: all) found bean 'simpleMeterRegistry' (OnBeanCondition)

   SystemMetricsAutoConfiguration#diskSpaceMetrics matched:
      - @ConditionalOnMissingBean (types: org.springframework.boot.actuate.metrics.system.DiskSpaceMetricsBinder; SearchStrategy: all) did not find any beans (OnBeanCondition)

   SystemMetricsAutoConfiguration#fileDescriptorMetrics matched:
      - @ConditionalOnMissingBean (types: io.micrometer.core.instrument.binder.system.FileDescriptorMetrics; SearchStrategy: all) did not find any beans (OnBeanCondition)

   SystemMetricsAutoConfiguration#processorMetrics matched:
      - @ConditionalOnMissingBean (types: io.micrometer.core.instrument.binder.system.ProcessorMetrics; SearchStrategy: all) did not find any beans (OnBeanCondition)

   SystemMetricsAutoConfiguration#uptimeMetrics matched:
      - @ConditionalOnMissingBean (types: io.micrometer.core.instrument.binder.system.UptimeMetrics; SearchStrategy: all) did not find any beans (OnBeanCondition)

   TaskExecutionAutoConfiguration matched:
      - @ConditionalOnClass found required class 'org.springframework.scheduling.concurrent.ThreadPoolTaskExecutor' (OnClassCondition)

   TaskExecutorConfigurations.SimpleAsyncTaskExecutorBuilderConfiguration#simpleAsyncTaskExecutorBuilder matched:
      - @ConditionalOnMissingBean (types: org.springframework.boot.task.SimpleAsyncTaskExecutorBuilder; SearchStrategy: all) did not find any beans (OnBeanCondition)
      - @ConditionalOnThreading found PLATFORM (OnThreadingCondition)

   TaskExecutorConfigurations.TaskExecutorBuilderConfiguration#taskExecutorBuilder matched:
      - @ConditionalOnMissingBean (types: org.springframework.boot.task.TaskExecutorBuilder; SearchStrategy: all) did not find any beans (OnBeanCondition)

   TaskExecutorConfigurations.TaskExecutorConfiguration matched:
      - @ConditionalOnMissingBean (types: java.util.concurrent.Executor; SearchStrategy: all) did not find any beans (OnBeanCondition)

   TaskExecutorConfigurations.TaskExecutorConfiguration#applicationTaskExecutor matched:
      - @ConditionalOnThreading found PLATFORM (OnThreadingCondition)

   TaskExecutorConfigurations.ThreadPoolTaskExecutorBuilderConfiguration#threadPoolTaskExecutorBuilder matched:
      - @ConditionalOnMissingBean (types: org.springframework.boot.task.TaskExecutorBuilder,org.springframework.boot.task.ThreadPoolTaskExecutorBuilder; SearchStrategy: all) did not find any beans (OnBeanCondition)

   TaskExecutorMetricsAutoConfiguration matched:
      - @ConditionalOnClass found required class 'io.micrometer.core.instrument.binder.jvm.ExecutorServiceMetrics' (OnClassCondition)
      - @ConditionalOnBean (types: java.util.concurrent.Executor,io.micrometer.core.instrument.MeterRegistry; SearchStrategy: all) found beans 'applicationTaskExecutor', 'simpleMeterRegistry' (OnBeanCondition)

   TaskSchedulingAutoConfiguration matched:
      - @ConditionalOnClass found required class 'org.springframework.scheduling.concurrent.ThreadPoolTaskScheduler' (OnClassCondition)

   TaskSchedulingConfigurations.SimpleAsyncTaskSchedulerBuilderConfiguration#simpleAsyncTaskSchedulerBuilder matched:
      - @ConditionalOnMissingBean (types: org.springframework.boot.task.SimpleAsyncTaskSchedulerBuilder; SearchStrategy: all) did not find any beans (OnBeanCondition)
      - @ConditionalOnThreading found PLATFORM (OnThreadingCondition)

   TaskSchedulingConfigurations.TaskSchedulerBuilderConfiguration#taskSchedulerBuilder matched:
      - @ConditionalOnMissingBean (types: org.springframework.boot.task.TaskSchedulerBuilder; SearchStrategy: all) did not find any beans (OnBeanCondition)

   TaskSchedulingConfigurations.ThreadPoolTaskSchedulerBuilderConfiguration#threadPoolTaskSchedulerBuilder matched:
      - @ConditionalOnMissingBean (types: org.springframework.boot.task.TaskSchedulerBuilder,org.springframework.boot.task.ThreadPoolTaskSchedulerBuilder; SearchStrategy: all) did not find any beans (OnBeanCondition)

   ThreadDumpEndpointAutoConfiguration matched:
      - @ConditionalOnAvailableEndpoint marked as exposed by a 'management.endpoints.web.exposure' property (OnAvailableEndpointCondition)

   ThreadDumpEndpointAutoConfiguration#dumpEndpoint matched:
      - @ConditionalOnMissingBean (types: org.springframework.boot.actuate.management.ThreadDumpEndpoint; SearchStrategy: all) did not find any beans (OnBeanCondition)

   TomcatMetricsAutoConfiguration matched:
      - @ConditionalOnClass found required classes 'io.micrometer.core.instrument.binder.tomcat.TomcatMetrics', 'org.apache.catalina.Manager' (OnClassCondition)
      - @ConditionalOnWebApplication (required) found 'session' scope (OnWebApplicationCondition)

   TomcatMetricsAutoConfiguration#tomcatMetricsBinder matched:
      - @ConditionalOnBean (types: io.micrometer.core.instrument.MeterRegistry; SearchStrategy: all) found bean 'simpleMeterRegistry'; @ConditionalOnMissingBean (types: io.micrometer.core.instrument.binder.tomcat.TomcatMetrics,org.springframework.boot.actuate.metrics.web.tomcat.TomcatMetricsBinder; SearchStrategy: all) did not find any beans (OnBeanCondition)

   TransactionAutoConfiguration matched:
      - @ConditionalOnClass found required class 'org.springframework.transaction.PlatformTransactionManager' (OnClassCondition)

   TransactionAutoConfiguration.EnableTransactionManagementConfiguration matched:
      - @ConditionalOnBean (types: org.springframework.transaction.TransactionManager; SearchStrategy: all) found bean 'transactionManager'; @ConditionalOnMissingBean (types: org.springframework.transaction.annotation.AbstractTransactionManagementConfiguration; SearchStrategy: all) did not find any beans (OnBeanCondition)

   TransactionAutoConfiguration.EnableTransactionManagementConfiguration.CglibAutoProxyConfiguration matched:
      - @ConditionalOnProperty (spring.aop.proxy-target-class=true) matched (OnPropertyCondition)

   TransactionAutoConfiguration.TransactionTemplateConfiguration matched:
      - @ConditionalOnSingleCandidate (types: org.springframework.transaction.PlatformTransactionManager; SearchStrategy: all) found a single bean 'transactionManager' (OnBeanCondition)

   TransactionAutoConfiguration.TransactionTemplateConfiguration#transactionTemplate matched:
      - @ConditionalOnMissingBean (types: org.springframework.transaction.support.TransactionOperations; SearchStrategy: all) did not find any beans (OnBeanCondition)

   TransactionManagerCustomizationAutoConfiguration matched:
      - @ConditionalOnClass found required class 'org.springframework.transaction.PlatformTransactionManager' (OnClassCondition)

   TransactionManagerCustomizationAutoConfiguration#platformTransactionManagerCustomizers matched:
      - @ConditionalOnMissingBean (types: org.springframework.boot.autoconfigure.transaction.TransactionManagerCustomizers; SearchStrategy: all) did not find any beans (OnBeanCondition)

   ValidationAutoConfiguration matched:
      - @ConditionalOnClass found required class 'jakarta.validation.executable.ExecutableValidator' (OnClassCondition)
      - @ConditionalOnResource found location classpath:META-INF/services/jakarta.validation.spi.ValidationProvider (OnResourceCondition)

   ValidationAutoConfiguration#defaultValidator matched:
      - @ConditionalOnMissingBean (types: jakarta.validation.Validator; SearchStrategy: all) did not find any beans (OnBeanCondition)

   ValidationAutoConfiguration#methodValidationPostProcessor matched:
      - @ConditionalOnMissingBean (types: org.springframework.validation.beanvalidation.MethodValidationPostProcessor; SearchStrategy: current) did not find any beans (OnBeanCondition)

   WebEndpointAutoConfiguration matched:
      - @ConditionalOnWebApplication (required) found 'session' scope (OnWebApplicationCondition)

   WebEndpointAutoConfiguration#controllerEndpointDiscoverer matched:
      - @ConditionalOnMissingBean (types: org.springframework.boot.actuate.endpoint.web.annotation.ControllerEndpointsSupplier; SearchStrategy: all) did not find any beans (OnBeanCondition)

   WebEndpointAutoConfiguration#endpointMediaTypes matched:
      - @ConditionalOnMissingBean (types: org.springframework.boot.actuate.endpoint.web.EndpointMediaTypes; SearchStrategy: all) did not find any beans (OnBeanCondition)

   WebEndpointAutoConfiguration#pathMappedEndpoints matched:
      - @ConditionalOnMissingBean (types: org.springframework.boot.actuate.endpoint.web.PathMappedEndpoints; SearchStrategy: all) did not find any beans (OnBeanCondition)

   WebEndpointAutoConfiguration#webEndpointDiscoverer matched:
      - @ConditionalOnMissingBean (types: org.springframework.boot.actuate.endpoint.web.WebEndpointsSupplier; SearchStrategy: all) did not find any beans (OnBeanCondition)

   WebEndpointAutoConfiguration.WebEndpointServletConfiguration matched:
      - found 'session' scope (OnWebApplicationCondition)

   WebEndpointAutoConfiguration.WebEndpointServletConfiguration#servletEndpointDiscoverer matched:
      - @ConditionalOnMissingBean (types: org.springframework.boot.actuate.endpoint.web.annotation.ServletEndpointsSupplier; SearchStrategy: all) did not find any beans (OnBeanCondition)

   WebMvcAutoConfiguration matched:
      - @ConditionalOnClass found required classes 'jakarta.servlet.Servlet', 'org.springframework.web.servlet.DispatcherServlet', 'org.springframework.web.servlet.config.annotation.WebMvcConfigurer' (OnClassCondition)
      - found 'session' scope (OnWebApplicationCondition)
      - @ConditionalOnMissingBean (types: org.springframework.web.servlet.config.annotation.WebMvcConfigurationSupport; SearchStrategy: all) did not find any beans (OnBeanCondition)

   WebMvcAutoConfiguration#formContentFilter matched:
      - @ConditionalOnProperty (spring.mvc.formcontent.filter.enabled) matched (OnPropertyCondition)
      - @ConditionalOnMissingBean (types: org.springframework.web.filter.FormContentFilter; SearchStrategy: all) did not find any beans (OnBeanCondition)

   WebMvcAutoConfiguration.EnableWebMvcConfiguration#flashMapManager matched:
      - @ConditionalOnMissingBean (names: flashMapManager; SearchStrategy: all) did not find any beans (OnBeanCondition)

   WebMvcAutoConfiguration.EnableWebMvcConfiguration#localeResolver matched:
      - @ConditionalOnMissingBean (names: localeResolver; SearchStrategy: all) did not find any beans (OnBeanCondition)

   WebMvcAutoConfiguration.EnableWebMvcConfiguration#themeResolver matched:
      - @ConditionalOnMissingBean (names: themeResolver; SearchStrategy: all) did not find any beans (OnBeanCondition)

   WebMvcAutoConfiguration.WebMvcAutoConfigurationAdapter#defaultViewResolver matched:
      - @ConditionalOnMissingBean (types: org.springframework.web.servlet.view.InternalResourceViewResolver; SearchStrategy: all) did not find any beans (OnBeanCondition)

   WebMvcAutoConfiguration.WebMvcAutoConfigurationAdapter#requestContextFilter matched:
      - @ConditionalOnMissingBean (types: org.springframework.web.context.request.RequestContextListener,org.springframework.web.filter.RequestContextFilter; SearchStrategy: all) did not find any beans (OnBeanCondition)

   WebMvcAutoConfiguration.WebMvcAutoConfigurationAdapter#viewResolver matched:
      - @ConditionalOnBean (types: org.springframework.web.servlet.ViewResolver; SearchStrategy: all) found beans 'defaultViewResolver', 'beanNameViewResolver', 'mvcViewResolver'; @ConditionalOnMissingBean (names: viewResolver types: org.springframework.web.servlet.view.ContentNegotiatingViewResolver; SearchStrategy: all) did not find any beans (OnBeanCondition)

   WebMvcEndpointManagementContextConfiguration matched:
      - @ConditionalOnClass found required class 'org.springframework.web.servlet.DispatcherServlet' (OnClassCondition)
      - found 'session' scope (OnWebApplicationCondition)
      - @ConditionalOnBean (types: org.springframework.web.servlet.DispatcherServlet,org.springframework.boot.actuate.endpoint.web.WebEndpointsSupplier; SearchStrategy: all) found beans 'webEndpointDiscoverer', 'dispatcherServlet' (OnBeanCondition)

   WebMvcEndpointManagementContextConfiguration#controllerEndpointHandlerMapping matched:
      - @ConditionalOnMissingBean (types: org.springframework.boot.actuate.endpoint.web.servlet.ControllerEndpointHandlerMapping; SearchStrategy: all) did not find any beans (OnBeanCondition)

   WebMvcEndpointManagementContextConfiguration#endpointObjectMapperWebMvcConfigurer matched:
      - @ConditionalOnBean (types: org.springframework.boot.actuate.endpoint.jackson.EndpointObjectMapper; SearchStrategy: all) found bean 'endpointObjectMapper' (OnBeanCondition)

   WebMvcEndpointManagementContextConfiguration#webEndpointServletHandlerMapping matched:
      - @ConditionalOnMissingBean (types: org.springframework.boot.actuate.endpoint.web.servlet.WebMvcEndpointHandlerMapping; SearchStrategy: all) did not find any beans (OnBeanCondition)

   WebMvcObservationAutoConfiguration matched:
      - @ConditionalOnClass found required classes 'org.springframework.web.servlet.DispatcherServlet', 'io.micrometer.observation.Observation' (OnClassCondition)
      - found 'session' scope (OnWebApplicationCondition)
      - @ConditionalOnBean (types: io.micrometer.observation.ObservationRegistry; SearchStrategy: all) found bean 'observationRegistry' (OnBeanCondition)

   WebMvcObservationAutoConfiguration#webMvcObservationFilter matched:
      - @ConditionalOnMissingBean (types: org.springframework.web.filter.ServerHttpObservationFilter; SearchStrategy: all) did not find any beans (OnBeanCondition)

   WebMvcObservationAutoConfiguration.MeterFilterConfiguration matched:
      - @ConditionalOnClass found required class 'io.micrometer.core.instrument.MeterRegistry' (OnClassCondition)
      - @ConditionalOnBean (types: io.micrometer.core.instrument.MeterRegistry; SearchStrategy: all) found bean 'simpleMeterRegistry' (OnBeanCondition)

   WebSocketServletAutoConfiguration matched:
      - @ConditionalOnClass found required classes 'jakarta.servlet.Servlet', 'jakarta.websocket.server.ServerContainer' (OnClassCondition)
      - found 'session' scope (OnWebApplicationCondition)

   WebSocketServletAutoConfiguration.TomcatWebSocketConfiguration matched:
      - @ConditionalOnClass found required classes 'org.apache.catalina.startup.Tomcat', 'org.apache.tomcat.websocket.server.WsSci' (OnClassCondition)

   WebSocketServletAutoConfiguration.TomcatWebSocketConfiguration#websocketServletWebServerCustomizer matched:
      - @ConditionalOnMissingBean (names: websocketServletWebServerCustomizer; SearchStrategy: all) did not find any beans (OnBeanCondition)


Negative matches:
-----------------

   ActiveMQAutoConfiguration:
      Did not match:
         - @ConditionalOnClass did not find required class 'jakarta.jms.ConnectionFactory' (OnClassCondition)

   AopAutoConfiguration.AspectJAutoProxyingConfiguration.JdkDynamicAutoProxyConfiguration:
      Did not match:
         - @ConditionalOnProperty (spring.aop.proxy-target-class=false) did not find property 'proxy-target-class' (OnPropertyCondition)

   AopAutoConfiguration.ClassProxyingConfiguration:
      Did not match:
         - @ConditionalOnMissingClass found unwanted class 'org.aspectj.weaver.Advice' (OnClassCondition)

   AppOpticsMetricsExportAutoConfiguration:
      Did not match:
         - @ConditionalOnClass did not find required class 'io.micrometer.appoptics.AppOpticsMeterRegistry' (OnClassCondition)

   ArtemisAutoConfiguration:
      Did not match:
         - @ConditionalOnClass did not find required class 'jakarta.jms.ConnectionFactory' (OnClassCondition)

   AtlasMetricsExportAutoConfiguration:
      Did not match:
         - @ConditionalOnClass did not find required class 'io.micrometer.atlas.AtlasMeterRegistry' (OnClassCondition)

   AuditAutoConfiguration:
      Did not match:
         - @ConditionalOnBean (types: org.springframework.boot.actuate.audit.AuditEventRepository; SearchStrategy: all) did not find any beans of type org.springframework.boot.actuate.audit.AuditEventRepository (OnBeanCondition)
      Matched:
         - @ConditionalOnProperty (management.auditevents.enabled) matched (OnPropertyCondition)

   AuditEventsEndpointAutoConfiguration#auditEventsEndpoint:
      Did not match:
         - @ConditionalOnBean (types: org.springframework.boot.actuate.audit.AuditEventRepository; SearchStrategy: all) did not find any beans of type org.springframework.boot.actuate.audit.AuditEventRepository (OnBeanCondition)

   AvailabilityHealthContributorAutoConfiguration#livenessStateHealthIndicator:
      Did not match:
         - @ConditionalOnProperty (management.health.livenessstate.enabled=true) did not find property 'enabled' (OnPropertyCondition)

   AvailabilityHealthContributorAutoConfiguration#readinessStateHealthIndicator:
      Did not match:
         - @ConditionalOnProperty (management.health.readinessstate.enabled=true) did not find property 'enabled' (OnPropertyCondition)

   AvailabilityProbesAutoConfiguration:
      Did not match:
         - Probes availability not running on a supported cloud platform (AvailabilityProbesAutoConfiguration.ProbesCondition)

   BatchAutoConfiguration:
      Did not match:
         - @ConditionalOnClass did not find required class 'org.springframework.batch.core.launch.JobLauncher' (OnClassCondition)

   BatchObservationAutoConfiguration:
      Did not match:
         - @ConditionalOnClass did not find required class 'org.springframework.batch.core.configuration.annotation.BatchObservabilityBeanPostProcessor' (OnClassCondition)

   BraveAutoConfiguration:
      Did not match:
         - @ConditionalOnClass did not find required class 'brave.Tracer' (OnClassCondition)

   Cache2kCacheConfiguration:
      Did not match:
         - @ConditionalOnClass did not find required class 'org.cache2k.Cache2kBuilder' (OnClassCondition)

   CacheAutoConfiguration:
      Did not match:
         - @ConditionalOnBean (types: org.springframework.cache.interceptor.CacheAspectSupport; SearchStrategy: all) did not find any beans of type org.springframework.cache.interceptor.CacheAspectSupport (OnBeanCondition)
      Matched:
         - @ConditionalOnClass found required class 'org.springframework.cache.CacheManager' (OnClassCondition)

   CacheAutoConfiguration.CacheManagerEntityManagerFactoryDependsOnPostProcessor:
      Did not match:
         - Ancestor org.springframework.boot.autoconfigure.cache.CacheAutoConfiguration did not match (ConditionEvaluationReport.AncestorsMatchedCondition)
      Matched:
         - @ConditionalOnClass found required class 'org.springframework.orm.jpa.LocalContainerEntityManagerFactoryBean' (OnClassCondition)

   CacheMeterBinderProvidersConfiguration.Cache2kCacheMeterBinderProviderConfiguration:
      Did not match:
         - @ConditionalOnClass did not find required classes 'org.cache2k.Cache2kBuilder', 'org.cache2k.extra.spring.SpringCache2kCache', 'org.cache2k.extra.micrometer.Cache2kCacheMetrics' (OnClassCondition)

   CacheMeterBinderProvidersConfiguration.CaffeineCacheMeterBinderProviderConfiguration:
      Did not match:
         - @ConditionalOnClass did not find required classes 'org.springframework.cache.caffeine.CaffeineCache', 'com.github.benmanes.caffeine.cache.Cache' (OnClassCondition)

   CacheMeterBinderProvidersConfiguration.HazelcastCacheMeterBinderProviderConfiguration:
      Did not match:
         - @ConditionalOnClass did not find required classes 'com.hazelcast.spring.cache.HazelcastCache', 'com.hazelcast.core.Hazelcast' (OnClassCondition)

   CacheMeterBinderProvidersConfiguration.JCacheCacheMeterBinderProviderConfiguration:
      Did not match:
         - @ConditionalOnClass did not find required classes 'org.springframework.cache.jcache.JCacheCache', 'javax.cache.CacheManager' (OnClassCondition)

   CacheMeterBinderProvidersConfiguration.RedisCacheMeterBinderProviderConfiguration:
      Did not match:
         - @ConditionalOnClass did not find required class 'org.springframework.data.redis.cache.RedisCache' (OnClassCondition)

   CacheMetricsAutoConfiguration:
      Did not match:
         - @ConditionalOnBean (types: org.springframework.cache.CacheManager; SearchStrategy: all) did not find any beans of type org.springframework.cache.CacheManager (OnBeanCondition)

   CaffeineCacheConfiguration:
      Did not match:
         - @ConditionalOnClass did not find required class 'com.github.benmanes.caffeine.cache.Caffeine' (OnClassCondition)

   CassandraAutoConfiguration:
      Did not match:
         - @ConditionalOnClass did not find required class 'com.datastax.oss.driver.api.core.CqlSession' (OnClassCondition)

   CassandraDataAutoConfiguration:
      Did not match:
         - @ConditionalOnClass did not find required class 'com.datastax.oss.driver.api.core.CqlSession' (OnClassCondition)

   CassandraHealthContributorAutoConfiguration:
      Did not match:
         - @ConditionalOnClass did not find required class 'com.datastax.oss.driver.api.core.CqlSession' (OnClassCondition)

   CassandraReactiveDataAutoConfiguration:
      Did not match:
         - @ConditionalOnClass did not find required class 'com.datastax.oss.driver.api.core.CqlSession' (OnClassCondition)

   CassandraReactiveHealthContributorAutoConfiguration:
      Did not match:
         - @ConditionalOnClass did not find required class 'com.datastax.oss.driver.api.core.CqlSession' (OnClassCondition)

   CassandraReactiveRepositoriesAutoConfiguration:
      Did not match:
         - @ConditionalOnClass did not find required class 'org.springframework.data.cassandra.ReactiveSession' (OnClassCondition)

   CassandraRepositoriesAutoConfiguration:
      Did not match:
         - @ConditionalOnClass did not find required class 'com.datastax.oss.driver.api.core.CqlSession' (OnClassCondition)

   ClientHttpConnectorAutoConfiguration:
      Did not match:
         - @ConditionalOnClass did not find required class 'org.springframework.web.reactive.function.client.WebClient' (OnClassCondition)

   CloudFoundryActuatorAutoConfiguration:
      Did not match:
         - @ConditionalOnCloudPlatform did not find CLOUD_FOUNDRY (OnCloudPlatformCondition)
      Matched:
         - @ConditionalOnClass found required class 'org.springframework.web.servlet.DispatcherServlet' (OnClassCondition)
         - found 'session' scope (OnWebApplicationCondition)
         - @ConditionalOnProperty (management.cloudfoundry.enabled) matched (OnPropertyCondition)

   CodecsAutoConfiguration:
      Did not match:
         - @ConditionalOnClass did not find required class 'org.springframework.web.reactive.function.client.WebClient' (OnClassCondition)

   CompositeMeterRegistryConfiguration:
      Did not match:
         - NoneNestedConditions 1 matched 1 did not; NestedCondition on CompositeMeterRegistryConfiguration.MultipleNonPrimaryMeterRegistriesCondition.SingleInjectableMeterRegistry @ConditionalOnSingleCandidate (types: io.micrometer.core.instrument.MeterRegistry; SearchStrategy: all) found a single bean 'simpleMeterRegistry'; NestedCondition on CompositeMeterRegistryConfiguration.MultipleNonPrimaryMeterRegistriesCondition.NoMeterRegistryCondition @ConditionalOnMissingBean (types: io.micrometer.core.instrument.MeterRegistry; SearchStrategy: all) found beans of type 'io.micrometer.core.instrument.MeterRegistry' simpleMeterRegistry (CompositeMeterRegistryConfiguration.MultipleNonPrimaryMeterRegistriesCondition)

   ConnectionFactoryHealthContributorAutoConfiguration:
      Did not match:
         - @ConditionalOnClass did not find required class 'io.r2dbc.spi.ConnectionFactory' (OnClassCondition)

   ConnectionPoolMetricsAutoConfiguration:
      Did not match:
         - @ConditionalOnClass did not find required class 'io.r2dbc.pool.ConnectionPool' (OnClassCondition)

   CouchbaseAutoConfiguration:
      Did not match:
         - @ConditionalOnClass did not find required class 'com.couchbase.client.java.Cluster' (OnClassCondition)

   CouchbaseCacheConfiguration:
      Did not match:
         - @ConditionalOnClass did not find required class 'com.couchbase.client.java.Cluster' (OnClassCondition)

   CouchbaseDataAutoConfiguration:
      Did not match:
         - @ConditionalOnClass did not find required class 'com.couchbase.client.java.Bucket' (OnClassCondition)

   CouchbaseHealthContributorAutoConfiguration:
      Did not match:
         - @ConditionalOnClass did not find required class 'com.couchbase.client.java.Cluster' (OnClassCondition)

   CouchbaseReactiveDataAutoConfiguration:
      Did not match:
         - @ConditionalOnClass did not find required class 'com.couchbase.client.java.Cluster' (OnClassCondition)

   CouchbaseReactiveHealthContributorAutoConfiguration:
      Did not match:
         - @ConditionalOnClass did not find required class 'com.couchbase.client.java.Cluster' (OnClassCondition)

   CouchbaseReactiveRepositoriesAutoConfiguration:
      Did not match:
         - @ConditionalOnClass did not find required class 'com.couchbase.client.java.Cluster' (OnClassCondition)

   CouchbaseRepositoriesAutoConfiguration:
      Did not match:
         - @ConditionalOnClass did not find required class 'com.couchbase.client.java.Bucket' (OnClassCondition)

   DataSourceAutoConfiguration.EmbeddedDatabaseConfiguration:
      Did not match:
         - EmbeddedDataSource spring.datasource.url is set (DataSourceAutoConfiguration.EmbeddedDatabaseCondition)

   DataSourceCheckpointRestoreConfiguration:
      Did not match:
         - @ConditionalOnClass did not find required class 'org.crac.Resource' (OnClassCondition)

   DataSourceConfiguration.Dbcp2:
      Did not match:
         - @ConditionalOnClass did not find required class 'org.apache.commons.dbcp2.BasicDataSource' (OnClassCondition)

   DataSourceConfiguration.Generic:
      Did not match:
         - @ConditionalOnProperty (spring.datasource.type) did not find property 'spring.datasource.type' (OnPropertyCondition)

   DataSourceConfiguration.OracleUcp:
      Did not match:
         - @ConditionalOnClass did not find required classes 'oracle.ucp.jdbc.PoolDataSourceImpl', 'oracle.jdbc.OracleConnection' (OnClassCondition)

   DataSourceConfiguration.Tomcat:
      Did not match:
         - @ConditionalOnClass did not find required class 'org.apache.tomcat.jdbc.pool.DataSource' (OnClassCondition)

   DataSourceJmxConfiguration.TomcatDataSourceJmxConfiguration:
      Did not match:
         - @ConditionalOnClass did not find required class 'org.apache.tomcat.jdbc.pool.DataSourceProxy' (OnClassCondition)

   DataSourcePoolMetadataProvidersConfiguration.CommonsDbcp2PoolDataSourceMetadataProviderConfiguration:
      Did not match:
         - @ConditionalOnClass did not find required class 'org.apache.commons.dbcp2.BasicDataSource' (OnClassCondition)

   DataSourcePoolMetadataProvidersConfiguration.OracleUcpPoolDataSourceMetadataProviderConfiguration:
      Did not match:
         - @ConditionalOnClass did not find required classes 'oracle.ucp.jdbc.PoolDataSource', 'oracle.jdbc.OracleConnection' (OnClassCondition)

   DataSourcePoolMetadataProvidersConfiguration.TomcatDataSourcePoolMetadataProviderConfiguration:
      Did not match:
         - @ConditionalOnClass did not find required class 'org.apache.tomcat.jdbc.pool.DataSource' (OnClassCondition)

   DataSourceTransactionManagerAutoConfiguration.JdbcTransactionManagerConfiguration#transactionManager:
      Did not match:
         - @ConditionalOnMissingBean (types: org.springframework.transaction.TransactionManager; SearchStrategy: all) found beans of type 'org.springframework.transaction.TransactionManager' transactionManager (OnBeanCondition)

   DatadogMetricsExportAutoConfiguration:
      Did not match:
         - @ConditionalOnClass did not find required class 'io.micrometer.datadog.DatadogMeterRegistry' (OnClassCondition)

   DispatcherServletAutoConfiguration.DispatcherServletConfiguration#multipartResolver:
      Did not match:
         - @ConditionalOnBean (types: org.springframework.web.multipart.MultipartResolver; SearchStrategy: all) did not find any beans of type org.springframework.web.multipart.MultipartResolver (OnBeanCondition)

   DynatraceMetricsExportAutoConfiguration:
      Did not match:
         - @ConditionalOnClass did not find required class 'io.micrometer.dynatrace.DynatraceMeterRegistry' (OnClassCondition)

   ElasticMetricsExportAutoConfiguration:
      Did not match:
         - @ConditionalOnClass did not find required class 'io.micrometer.elastic.ElasticMeterRegistry' (OnClassCondition)

   ElasticsearchClientAutoConfiguration:
      Did not match:
         - @ConditionalOnClass did not find required class 'co.elastic.clients.elasticsearch.ElasticsearchClient' (OnClassCondition)

   ElasticsearchDataAutoConfiguration:
      Did not match:
         - @ConditionalOnClass did not find required class 'org.springframework.data.elasticsearch.client.elc.ElasticsearchTemplate' (OnClassCondition)

   ElasticsearchReactiveHealthContributorAutoConfiguration:
      Did not match:
         - @ConditionalOnClass did not find required class 'reactor.core.publisher.Flux' (OnClassCondition)

   ElasticsearchRepositoriesAutoConfiguration:
      Did not match:
         - @ConditionalOnClass did not find required class 'org.springframework.data.elasticsearch.repository.ElasticsearchRepository' (OnClassCondition)

   ElasticsearchRestClientAutoConfiguration:
      Did not match:
         - @ConditionalOnClass did not find required class 'org.elasticsearch.client.RestClientBuilder' (OnClassCondition)

   ElasticsearchRestHealthContributorAutoConfiguration:
      Did not match:
         - @ConditionalOnClass did not find required class 'org.elasticsearch.client.RestClient' (OnClassCondition)

   EmbeddedLdapAutoConfiguration:
      Did not match:
         - @ConditionalOnClass did not find required class 'com.unboundid.ldap.listener.InMemoryDirectoryServer' (OnClassCondition)

   EmbeddedWebServerFactoryCustomizerAutoConfiguration.JettyWebServerFactoryCustomizerConfiguration:
      Did not match:
         - @ConditionalOnClass did not find required classes 'org.eclipse.jetty.server.Server', 'org.eclipse.jetty.util.Loader', 'org.eclipse.jetty.ee10.webapp.WebAppContext' (OnClassCondition)

   EmbeddedWebServerFactoryCustomizerAutoConfiguration.NettyWebServerFactoryCustomizerConfiguration:
      Did not match:
         - @ConditionalOnClass did not find required class 'reactor.netty.http.server.HttpServer' (OnClassCondition)

   EmbeddedWebServerFactoryCustomizerAutoConfiguration.TomcatWebServerFactoryCustomizerConfiguration#tomcatVirtualThreadsProtocolHandlerCustomizer:
      Did not match:
         - @ConditionalOnThreading did not find VIRTUAL (OnThreadingCondition)

   EmbeddedWebServerFactoryCustomizerAutoConfiguration.UndertowWebServerFactoryCustomizerConfiguration:
      Did not match:
         - @ConditionalOnClass did not find required classes 'io.undertow.Undertow', 'org.xnio.SslClientAuthMode' (OnClassCondition)

   ErrorWebFluxAutoConfiguration:
      Did not match:
         - @ConditionalOnClass did not find required class 'org.springframework.web.reactive.config.WebFluxConfigurer' (OnClassCondition)

   FlywayAutoConfiguration:
      Did not match:
         - @ConditionalOnClass did not find required class 'org.flywaydb.core.Flyway' (OnClassCondition)

   FlywayEndpointAutoConfiguration:
      Did not match:
         - @ConditionalOnClass did not find required class 'org.flywaydb.core.Flyway' (OnClassCondition)

   FreeMarkerAutoConfiguration:
      Did not match:
         - @ConditionalOnClass did not find required class 'freemarker.template.Configuration' (OnClassCondition)

   GangliaMetricsExportAutoConfiguration:
      Did not match:
         - @ConditionalOnClass did not find required class 'io.micrometer.ganglia.GangliaMeterRegistry' (OnClassCondition)

   GraphQlAutoConfiguration:
      Did not match:
         - @ConditionalOnClass did not find required class 'graphql.GraphQL' (OnClassCondition)

   GraphQlObservationAutoConfiguration:
      Did not match:
         - @ConditionalOnClass did not find required class 'graphql.GraphQL' (OnClassCondition)

   GraphQlQueryByExampleAutoConfiguration:
      Did not match:
         - @ConditionalOnClass did not find required class 'graphql.GraphQL' (OnClassCondition)

   GraphQlQuerydslAutoConfiguration:
      Did not match:
         - @ConditionalOnClass did not find required class 'com.querydsl.core.Query' (OnClassCondition)

   GraphQlRSocketAutoConfiguration:
      Did not match:
         - @ConditionalOnClass did not find required class 'graphql.GraphQL' (OnClassCondition)

   GraphQlReactiveQueryByExampleAutoConfiguration:
      Did not match:
         - @ConditionalOnClass did not find required class 'graphql.GraphQL' (OnClassCondition)

   GraphQlReactiveQuerydslAutoConfiguration:
      Did not match:
         - @ConditionalOnClass did not find required class 'com.querydsl.core.Query' (OnClassCondition)

   GraphQlWebFluxAutoConfiguration:
      Did not match:
         - @ConditionalOnClass did not find required class 'graphql.GraphQL' (OnClassCondition)

   GraphQlWebFluxSecurityAutoConfiguration:
      Did not match:
         - @ConditionalOnClass did not find required class 'graphql.GraphQL' (OnClassCondition)

   GraphQlWebMvcAutoConfiguration:
      Did not match:
         - @ConditionalOnClass did not find required class 'graphql.GraphQL' (OnClassCondition)

   GraphQlWebMvcSecurityAutoConfiguration:
      Did not match:
         - @ConditionalOnClass did not find required class 'graphql.GraphQL' (OnClassCondition)

   GraphiteMetricsExportAutoConfiguration:
      Did not match:
         - @ConditionalOnClass did not find required class 'io.micrometer.graphite.GraphiteMeterRegistry' (OnClassCondition)

   GroovyTemplateAutoConfiguration:
      Did not match:
         - @ConditionalOnClass did not find required class 'groovy.text.markup.MarkupTemplateEngine' (OnClassCondition)

   GsonAutoConfiguration:
      Did not match:
         - @ConditionalOnClass did not find required class 'com.google.gson.Gson' (OnClassCondition)

   GsonHttpMessageConvertersConfiguration:
      Did not match:
         - @ConditionalOnClass did not find required class 'com.google.gson.Gson' (OnClassCondition)

   H2ConsoleAutoConfiguration:
      Did not match:
         - @ConditionalOnClass did not find required class 'org.h2.server.web.JakartaWebServlet' (OnClassCondition)

   HazelcastAutoConfiguration:
      Did not match:
         - @ConditionalOnClass did not find required class 'com.hazelcast.core.HazelcastInstance' (OnClassCondition)

   HazelcastCacheConfiguration:
      Did not match:
         - @ConditionalOnClass did not find required class 'com.hazelcast.core.HazelcastInstance' (OnClassCondition)

   HazelcastHealthContributorAutoConfiguration:
      Did not match:
         - @ConditionalOnClass did not find required class 'com.hazelcast.core.HazelcastInstance' (OnClassCondition)

   HazelcastJpaDependencyAutoConfiguration:
      Did not match:
         - @ConditionalOnClass did not find required class 'com.hazelcast.core.HazelcastInstance' (OnClassCondition)

   HealthEndpointReactiveWebExtensionConfiguration:
      Did not match:
         - did not find reactive web application classes (OnWebApplicationCondition)

   HealthEndpointWebExtensionConfiguration.JerseyAdditionalHealthEndpointPathsConfiguration:
      Did not match:
         - @ConditionalOnClass did not find required class 'org.glassfish.jersey.server.ResourceConfig' (OnClassCondition)

   HibernateMetricsAutoConfiguration:
      Did not match:
         - @ConditionalOnClass did not find required class 'org.hibernate.stat.HibernateMetrics' (OnClassCondition)

   HttpExchangesAutoConfiguration:
      Did not match:
         - @ConditionalOnBean (types: org.springframework.boot.actuate.web.exchanges.HttpExchangeRepository; SearchStrategy: all) did not find any beans of type org.springframework.boot.actuate.web.exchanges.HttpExchangeRepository (OnBeanCondition)
      Matched:
         - @ConditionalOnWebApplication (required) found 'session' scope (OnWebApplicationCondition)
         - @ConditionalOnProperty (management.httpexchanges.recording.enabled) matched (OnPropertyCondition)

   HttpExchangesAutoConfiguration.ReactiveHttpExchangesConfiguration:
      Did not match:
         - did not find reactive web application classes (OnWebApplicationCondition)
         - Ancestor org.springframework.boot.actuate.autoconfigure.web.exchanges.HttpExchangesAutoConfiguration did not match (ConditionEvaluationReport.AncestorsMatchedCondition)

   HttpExchangesAutoConfiguration.ServletHttpExchangesConfiguration:
      Did not match:
         - Ancestor org.springframework.boot.actuate.autoconfigure.web.exchanges.HttpExchangesAutoConfiguration did not match (ConditionEvaluationReport.AncestorsMatchedCondition)
      Matched:
         - found 'session' scope (OnWebApplicationCondition)

   HttpExchangesEndpointAutoConfiguration#httpExchangesEndpoint:
      Did not match:
         - @ConditionalOnBean (types: org.springframework.boot.actuate.web.exchanges.HttpExchangeRepository; SearchStrategy: all) did not find any beans of type org.springframework.boot.actuate.web.exchanges.HttpExchangeRepository (OnBeanCondition)

   HttpHandlerAutoConfiguration:
      Did not match:
         - @ConditionalOnClass did not find required class 'org.springframework.web.reactive.DispatcherHandler' (OnClassCondition)

   HumioMetricsExportAutoConfiguration:
      Did not match:
         - @ConditionalOnClass did not find required class 'io.micrometer.humio.HumioMeterRegistry' (OnClassCondition)

   HypermediaAutoConfiguration:
      Did not match:
         - @ConditionalOnClass did not find required class 'org.springframework.hateoas.EntityModel' (OnClassCondition)

   InfinispanCacheConfiguration:
      Did not match:
         - @ConditionalOnClass did not find required class 'org.infinispan.spring.embedded.provider.SpringEmbeddedCacheManager' (OnClassCondition)

   InfluxDbAutoConfiguration:
      Did not match:
         - @ConditionalOnClass did not find required class 'org.influxdb.InfluxDB' (OnClassCondition)

   InfluxDbHealthContributorAutoConfiguration:
      Did not match:
         - @ConditionalOnClass did not find required class 'org.influxdb.InfluxDB' (OnClassCondition)

   InfluxMetricsExportAutoConfiguration:
      Did not match:
         - @ConditionalOnClass did not find required class 'io.micrometer.influx.InfluxMeterRegistry' (OnClassCondition)

   InfoContributorAutoConfiguration#buildInfoContributor:
      Did not match:
         - @ConditionalOnSingleCandidate (types: org.springframework.boot.info.BuildProperties; SearchStrategy: all) did not find any beans (OnBeanCondition)
      Matched:
         - @ConditionalOnEnabledInfoContributor management.info.defaults.enabled is considered true (OnEnabledInfoContributorCondition)

   InfoContributorAutoConfiguration#envInfoContributor:
      Did not match:
         - @ConditionalOnEnabledInfoContributor management.info.env.enabled is not true (OnEnabledInfoContributorCondition)

   InfoContributorAutoConfiguration#gitInfoContributor:
      Did not match:
         - @ConditionalOnSingleCandidate (types: org.springframework.boot.info.GitProperties; SearchStrategy: all) did not find any beans (OnBeanCondition)
      Matched:
         - @ConditionalOnEnabledInfoContributor management.info.defaults.enabled is considered true (OnEnabledInfoContributorCondition)

   InfoContributorAutoConfiguration#javaInfoContributor:
      Did not match:
         - @ConditionalOnEnabledInfoContributor management.info.java.enabled is not true (OnEnabledInfoContributorCondition)

   InfoContributorAutoConfiguration#osInfoContributor:
      Did not match:
         - @ConditionalOnEnabledInfoContributor management.info.os.enabled is not true (OnEnabledInfoContributorCondition)

   InfoContributorAutoConfiguration#processInfoContributor:
      Did not match:
         - @ConditionalOnEnabledInfoContributor management.info.process.enabled is not true (OnEnabledInfoContributorCondition)

   IntegrationAutoConfiguration:
      Did not match:
         - @ConditionalOnClass did not find required class 'org.springframework.integration.config.EnableIntegration' (OnClassCondition)

   IntegrationGraphEndpointAutoConfiguration:
      Did not match:
         - @ConditionalOnClass did not find required class 'org.springframework.integration.graph.IntegrationGraphServer' (OnClassCondition)

   JCacheCacheConfiguration:
      Did not match:
         - @ConditionalOnClass did not find required class 'javax.cache.Caching' (OnClassCondition)

   JacksonAutoConfiguration.JacksonObjectMapperConfiguration#jacksonObjectMapper:
      Did not match:
         - @ConditionalOnMissingBean (types: com.fasterxml.jackson.databind.ObjectMapper; SearchStrategy: all) found beans of type 'com.fasterxml.jackson.databind.ObjectMapper' objectMapper (OnBeanCondition)

   JacksonHttpMessageConvertersConfiguration.MappingJackson2XmlHttpMessageConverterConfiguration:
      Did not match:
         - @ConditionalOnClass did not find required class 'com.fasterxml.jackson.dataformat.xml.XmlMapper' (OnClassCondition)

   JdbcRepositoriesAutoConfiguration:
      Did not match:
         - @ConditionalOnClass did not find required class 'org.springframework.data.jdbc.repository.config.AbstractJdbcConfiguration' (OnClassCondition)

   JerseyAutoConfiguration:
      Did not match:
         - @ConditionalOnClass did not find required class 'org.glassfish.jersey.server.spring.SpringComponentProvider' (OnClassCondition)

   JerseySameManagementContextConfiguration:
      Did not match:
         - @ConditionalOnClass did not find required class 'org.glassfish.jersey.server.ResourceConfig' (OnClassCondition)

   JerseyServerMetricsAutoConfiguration:
      Did not match:
         - @ConditionalOnClass did not find required class 'org.glassfish.jersey.micrometer.server.ObservationApplicationEventListener' (OnClassCondition)

   JerseyWebEndpointManagementContextConfiguration:
      Did not match:
         - @ConditionalOnClass did not find required class 'org.glassfish.jersey.server.ResourceConfig' (OnClassCondition)

   JettyMetricsAutoConfiguration:
      Did not match:
         - @ConditionalOnClass did not find required class 'org.eclipse.jetty.server.Server' (OnClassCondition)

   JmsAutoConfiguration:
      Did not match:
         - @ConditionalOnClass did not find required class 'jakarta.jms.Message' (OnClassCondition)

   JmsHealthContributorAutoConfiguration:
      Did not match:
         - @ConditionalOnClass did not find required class 'jakarta.jms.ConnectionFactory' (OnClassCondition)

   JmxAutoConfiguration:
      Did not match:
         - @ConditionalOnProperty (spring.jmx.enabled=true) did not find property 'enabled' (OnPropertyCondition)
      Matched:
         - @ConditionalOnClass found required class 'org.springframework.jmx.export.MBeanExporter' (OnClassCondition)

   JmxEndpointAutoConfiguration:
      Did not match:
         - @ConditionalOnProperty (spring.jmx.enabled=true) did not find property 'enabled' (OnPropertyCondition)

   JmxMetricsExportAutoConfiguration:
      Did not match:
         - @ConditionalOnClass did not find required class 'io.micrometer.jmx.JmxMeterRegistry' (OnClassCondition)

   JndiConnectionFactoryAutoConfiguration:
      Did not match:
         - @ConditionalOnClass did not find required class 'org.springframework.jms.core.JmsTemplate' (OnClassCondition)

   JndiDataSourceAutoConfiguration:
      Did not match:
         - @ConditionalOnProperty (spring.datasource.jndi-name) did not find property 'jndi-name' (OnPropertyCondition)
      Matched:
         - @ConditionalOnClass found required classes 'javax.sql.DataSource', 'org.springframework.jdbc.datasource.embedded.EmbeddedDatabaseType' (OnClassCondition)

   JndiJtaConfiguration:
      Did not match:
         - @ConditionalOnJndi JNDI environment is not available (OnJndiCondition)
      Matched:
         - @ConditionalOnClass found required class 'org.springframework.transaction.jta.JtaTransactionManager' (OnClassCondition)

   JooqAutoConfiguration:
      Did not match:
         - @ConditionalOnClass did not find required class 'org.jooq.DSLContext' (OnClassCondition)

   JpaRepositoriesAutoConfiguration#entityManagerFactoryBootstrapExecutorCustomizer:
      Did not match:
         - AnyNestedCondition 0 matched 2 did not; NestedCondition on JpaRepositoriesAutoConfiguration.BootstrapExecutorCondition.LazyBootstrapMode @ConditionalOnProperty (spring.data.jpa.repositories.bootstrap-mode=lazy) did not find property 'bootstrap-mode'; NestedCondition on JpaRepositoriesAutoConfiguration.BootstrapExecutorCondition.DeferredBootstrapMode @ConditionalOnProperty (spring.data.jpa.repositories.bootstrap-mode=deferred) did not find property 'bootstrap-mode' (JpaRepositoriesAutoConfiguration.BootstrapExecutorCondition)

   JsonbAutoConfiguration:
      Did not match:
         - @ConditionalOnClass did not find required class 'jakarta.json.bind.Jsonb' (OnClassCondition)

   JsonbHttpMessageConvertersConfiguration:
      Did not match:
         - @ConditionalOnClass did not find required class 'jakarta.json.bind.Jsonb' (OnClassCondition)

   KafkaAnnotationDrivenConfiguration#kafkaListenerContainerFactoryConfigurerVirtualThreads:
      Did not match:
         - @ConditionalOnMissingBean (types: org.springframework.boot.autoconfigure.kafka.ConcurrentKafkaListenerContainerFactoryConfigurer; SearchStrategy: all) found beans of type 'org.springframework.boot.autoconfigure.kafka.ConcurrentKafkaListenerContainerFactoryConfigurer' kafkaListenerContainerFactoryConfigurer (OnBeanCondition)

   KafkaAutoConfiguration#kafkaJaasInitializer:
      Did not match:
         - @ConditionalOnProperty (spring.kafka.jaas.enabled) did not find property 'spring.kafka.jaas.enabled' (OnPropertyCondition)

   KafkaAutoConfiguration#kafkaRetryTopicConfiguration:
      Did not match:
         - @ConditionalOnProperty (spring.kafka.retry.topic.enabled) did not find property 'spring.kafka.retry.topic.enabled' (OnPropertyCondition)

   KafkaAutoConfiguration#kafkaTransactionManager:
      Did not match:
         - @ConditionalOnProperty (spring.kafka.producer.transaction-id-prefix) did not find property 'spring.kafka.producer.transaction-id-prefix' (OnPropertyCondition)

   KafkaConfig:
      Did not match:
         - @ConditionalOnProperty (kafka.enabled=true) found different value in property 'kafka.enabled' (OnPropertyCondition)

   KafkaConsumerService:
      Did not match:
         - @ConditionalOnProperty (kafka.enabled=true) found different value in property 'kafka.enabled' (OnPropertyCondition)

   KafkaStreamsAnnotationDrivenConfiguration:
      Did not match:
         - @ConditionalOnClass did not find required class 'org.apache.kafka.streams.StreamsBuilder' (OnClassCondition)

   KairosMetricsExportAutoConfiguration:
      Did not match:
         - @ConditionalOnClass did not find required class 'io.micrometer.kairos.KairosMeterRegistry' (OnClassCondition)

   LdapAutoConfiguration:
      Did not match:
         - @ConditionalOnClass did not find required class 'org.springframework.ldap.core.ContextSource' (OnClassCondition)

   LdapHealthContributorAutoConfiguration:
      Did not match:
         - @ConditionalOnClass did not find required class 'org.springframework.ldap.core.LdapOperations' (OnClassCondition)

   LdapRepositoriesAutoConfiguration:
      Did not match:
         - @ConditionalOnClass did not find required class 'org.springframework.data.ldap.repository.LdapRepository' (OnClassCondition)

   LettuceMetricsAutoConfiguration:
      Did not match:
         - @ConditionalOnClass did not find required class 'io.lettuce.core.metrics.MicrometerCommandLatencyRecorder' (OnClassCondition)

   LiquibaseAutoConfiguration:
      Did not match:
         - @ConditionalOnClass did not find required class 'liquibase.change.DatabaseChange' (OnClassCondition)

   LiquibaseEndpointAutoConfiguration:
      Did not match:
         - @ConditionalOnClass did not find required class 'liquibase.integration.spring.SpringLiquibase' (OnClassCondition)

   Log4J2MetricsAutoConfiguration:
      Did not match:
         - @ConditionalOnClass did not find required class 'org.apache.logging.log4j.core.LoggerContext' (OnClassCondition)

   LogFileWebEndpointAutoConfiguration#logFileWebEndpoint:
      Did not match:
         - Log File did not find logging file (LogFileWebEndpointAutoConfiguration.LogFileCondition)

   MailHealthContributorAutoConfiguration:
      Did not match:
         - @ConditionalOnClass did not find required class 'org.springframework.mail.javamail.JavaMailSenderImpl' (OnClassCondition)

   MailSenderAutoConfiguration:
      Did not match:
         - @ConditionalOnClass did not find required class 'jakarta.mail.internet.MimeMessage' (OnClassCondition)

   MailSenderValidatorAutoConfiguration:
      Did not match:
         - @ConditionalOnSingleCandidate did not find required type 'org.springframework.mail.javamail.JavaMailSenderImpl' (OnBeanCondition)

   ManagementContextAutoConfiguration.DifferentManagementContextConfiguration:
      Did not match:
         - Management Port actual port type (SAME) did not match required type (DIFFERENT) (OnManagementPortCondition)

   ManagementWebSecurityAutoConfiguration:
      Did not match:
         - AllNestedConditions 1 matched 1 did not; NestedCondition on DefaultWebSecurityCondition.Beans @ConditionalOnMissingBean (types: org.springframework.security.web.SecurityFilterChain; SearchStrategy: all) did not find any beans; NestedCondition on DefaultWebSecurityCondition.Classes @ConditionalOnClass did not find required classes 'org.springframework.security.web.SecurityFilterChain', 'org.springframework.security.config.annotation.web.builders.HttpSecurity' (DefaultWebSecurityCondition)
      Matched:
         - found 'session' scope (OnWebApplicationCondition)

   MappingsEndpointAutoConfiguration.ReactiveWebConfiguration:
      Did not match:
         - @ConditionalOnClass did not find required class 'org.springframework.web.reactive.DispatcherHandler' (OnClassCondition)

   MessageSourceAutoConfiguration:
      Did not match:
         - ResourceBundle did not find bundle with basename messages (MessageSourceAutoConfiguration.ResourceBundleCondition)

   MetricsAspectsAutoConfiguration:
      Did not match:
         - AnyNestedCondition 0 matched 2 did not; NestedCondition on MetricsAspectsAutoConfiguration.ObservationAnnotationsEnabledCondition.ManagementObservationsEnabledCondition @ConditionalOnProperty (management.observations.annotations.enabled=true) did not find property 'enabled'; NestedCondition on MetricsAspectsAutoConfiguration.ObservationAnnotationsEnabledCondition.MicrometerObservationsEnabledCondition @ConditionalOnProperty (micrometer.observations.annotations.enabled=true) did not find property 'enabled' (MetricsAspectsAutoConfiguration.ObservationAnnotationsEnabledCondition)
      Matched:
         - @ConditionalOnClass found required classes 'io.micrometer.core.instrument.MeterRegistry', 'org.aspectj.weaver.Advice' (OnClassCondition)

   MicrometerTracingAutoConfiguration:
      Did not match:
         - @ConditionalOnClass did not find required class 'io.micrometer.tracing.Tracer' (OnClassCondition)

   MongoAutoConfiguration:
      Did not match:
         - @ConditionalOnClass did not find required class 'com.mongodb.client.MongoClient' (OnClassCondition)

   MongoDataAutoConfiguration:
      Did not match:
         - @ConditionalOnClass did not find required class 'com.mongodb.client.MongoClient' (OnClassCondition)

   MongoHealthContributorAutoConfiguration:
      Did not match:
         - @ConditionalOnClass did not find required class 'org.springframework.data.mongodb.core.MongoTemplate' (OnClassCondition)

   MongoMetricsAutoConfiguration:
      Did not match:
         - @ConditionalOnClass did not find required class 'com.mongodb.MongoClientSettings' (OnClassCondition)

   MongoReactiveAutoConfiguration:
      Did not match:
         - @ConditionalOnClass did not find required class 'com.mongodb.reactivestreams.client.MongoClient' (OnClassCondition)

   MongoReactiveDataAutoConfiguration:
      Did not match:
         - @ConditionalOnClass did not find required class 'com.mongodb.reactivestreams.client.MongoClient' (OnClassCondition)

   MongoReactiveHealthContributorAutoConfiguration:
      Did not match:
         - @ConditionalOnClass did not find required class 'reactor.core.publisher.Flux' (OnClassCondition)

   MongoReactiveRepositoriesAutoConfiguration:
      Did not match:
         - @ConditionalOnClass did not find required class 'com.mongodb.reactivestreams.client.MongoClient' (OnClassCondition)

   MongoRepositoriesAutoConfiguration:
      Did not match:
         - @ConditionalOnClass did not find required class 'com.mongodb.client.MongoClient' (OnClassCondition)

   MustacheAutoConfiguration:
      Did not match:
         - @ConditionalOnClass did not find required class 'com.samskivert.mustache.Mustache' (OnClassCondition)

   Neo4jAutoConfiguration:
      Did not match:
         - @ConditionalOnClass did not find required class 'org.neo4j.driver.Driver' (OnClassCondition)

   Neo4jDataAutoConfiguration:
      Did not match:
         - @ConditionalOnClass did not find required class 'org.neo4j.driver.Driver' (OnClassCondition)

   Neo4jHealthContributorAutoConfiguration:
      Did not match:
         - @ConditionalOnClass did not find required class 'org.neo4j.driver.Driver' (OnClassCondition)

   Neo4jReactiveDataAutoConfiguration:
      Did not match:
         - @ConditionalOnClass did not find required class 'org.neo4j.driver.Driver' (OnClassCondition)

   Neo4jReactiveRepositoriesAutoConfiguration:
      Did not match:
         - @ConditionalOnClass did not find required class 'org.neo4j.driver.Driver' (OnClassCondition)

   Neo4jRepositoriesAutoConfiguration:
      Did not match:
         - @ConditionalOnClass did not find required class 'org.neo4j.driver.Driver' (OnClassCondition)

   NettyAutoConfiguration:
      Did not match:
         - @ConditionalOnClass did not find required class 'io.netty.util.NettyRuntime' (OnClassCondition)

   NewRelicMetricsExportAutoConfiguration:
      Did not match:
         - @ConditionalOnClass did not find required class 'io.micrometer.newrelic.NewRelicMeterRegistry' (OnClassCondition)

   NoOpMeterRegistryConfiguration:
      Did not match:
         - @ConditionalOnMissingBean (types: io.micrometer.core.instrument.MeterRegistry; SearchStrategy: all) found beans of type 'io.micrometer.core.instrument.MeterRegistry' simpleMeterRegistry (OnBeanCondition)

   NoopTracerAutoConfiguration:
      Did not match:
         - @ConditionalOnClass did not find required class 'io.micrometer.tracing.Tracer' (OnClassCondition)

   OAuth2AuthorizationServerAutoConfiguration:
      Did not match:
         - @ConditionalOnClass did not find required class 'org.springframework.security.oauth2.server.authorization.OAuth2Authorization' (OnClassCondition)

   OAuth2AuthorizationServerJwtAutoConfiguration:
      Did not match:
         - @ConditionalOnClass did not find required class 'org.springframework.security.oauth2.server.authorization.OAuth2Authorization' (OnClassCondition)

   OAuth2ClientAutoConfiguration:
      Did not match:
         - @ConditionalOnClass did not find required class 'org.springframework.security.config.annotation.web.configuration.EnableWebSecurity' (OnClassCondition)

   OAuth2ResourceServerAutoConfiguration:
      Did not match:
         - @ConditionalOnClass did not find required class 'org.springframework.security.oauth2.server.resource.authentication.BearerTokenAuthenticationToken' (OnClassCondition)

   ObservationAutoConfiguration.MeterObservationHandlerConfiguration.TracingAndMetricsObservationHandlerConfiguration:
      Did not match:
         - @ConditionalOnBean did not find required type 'io.micrometer.tracing.Tracer' (OnBeanCondition)
         - @ConditionalOnBean (types: io.micrometer.tracing.Tracer; SearchStrategy: all) did not find any beans of type io.micrometer.tracing.Tracer (OnBeanCondition)

   ObservationAutoConfiguration.MetricsWithTracingConfiguration:
      Did not match:
         - @ConditionalOnClass did not find required class 'io.micrometer.tracing.Tracer' (OnClassCondition)

   ObservationAutoConfiguration.OnlyTracingConfiguration:
      Did not match:
         - @ConditionalOnClass did not find required class 'io.micrometer.tracing.Tracer' (OnClassCondition)

   org.springframework.boot.actuate.autoconfigure.opentelemetry.OpenTelemetryAutoConfiguration:
      Did not match:
         - @ConditionalOnClass did not find required class 'io.opentelemetry.sdk.OpenTelemetrySdk' (OnClassCondition)

   org.springframework.boot.actuate.autoconfigure.tracing.OpenTelemetryAutoConfiguration:
      Did not match:
         - @ConditionalOnClass did not find required class 'io.micrometer.tracing.otel.bridge.OtelTracer' (OnClassCondition)

   OtlpAutoConfiguration:
      Did not match:
         - @ConditionalOnClass did not find required class 'io.micrometer.tracing.otel.bridge.OtelTracer' (OnClassCondition)

   OtlpMetricsExportAutoConfiguration:
      Did not match:
         - @ConditionalOnClass did not find required class 'io.micrometer.registry.otlp.OtlpMeterRegistry' (OnClassCondition)

   ProjectInfoAutoConfiguration#buildProperties:
      Did not match:
         - @ConditionalOnResource did not find resource '${spring.info.build.location:classpath:META-INF/build-info.properties}' (OnResourceCondition)

   ProjectInfoAutoConfiguration#gitProperties:
      Did not match:
         - GitResource did not find git info at classpath:git.properties (ProjectInfoAutoConfiguration.GitResourceAvailableCondition)

   PrometheusExemplarsAutoConfiguration:
      Did not match:
         - @ConditionalOnClass did not find required class 'io.micrometer.tracing.Tracer' (OnClassCondition)

   PrometheusMetricsExportAutoConfiguration:
      Did not match:
         - @ConditionalOnClass did not find required class 'io.micrometer.prometheusmetrics.PrometheusMeterRegistry' (OnClassCondition)

   PrometheusSimpleclientExemplarsAutoConfiguration:
      Did not match:
         - @ConditionalOnClass did not find required class 'io.micrometer.tracing.Tracer' (OnClassCondition)

   PrometheusSimpleclientMetricsExportAutoConfiguration:
      Did not match:
         - @ConditionalOnClass did not find required class 'io.micrometer.prometheus.PrometheusMeterRegistry' (OnClassCondition)

   PulsarAutoConfiguration:
      Did not match:
         - @ConditionalOnClass did not find required class 'org.apache.pulsar.client.api.PulsarClient' (OnClassCondition)

   PulsarReactiveAutoConfiguration:
      Did not match:
         - @ConditionalOnClass did not find required class 'org.apache.pulsar.client.api.PulsarClient' (OnClassCondition)

   QuartzAutoConfiguration:
      Did not match:
         - @ConditionalOnClass did not find required class 'org.quartz.Scheduler' (OnClassCondition)

   QuartzEndpointAutoConfiguration:
      Did not match:
         - @ConditionalOnClass did not find required class 'org.quartz.Scheduler' (OnClassCondition)

   R2dbcAutoConfiguration:
      Did not match:
         - @ConditionalOnClass did not find required class 'io.r2dbc.spi.ConnectionFactory' (OnClassCondition)

   R2dbcDataAutoConfiguration:
      Did not match:
         - @ConditionalOnClass did not find required class 'org.springframework.data.r2dbc.core.R2dbcEntityTemplate' (OnClassCondition)

   R2dbcInitializationConfiguration:
      Did not match:
         - @ConditionalOnClass did not find required classes 'io.r2dbc.spi.ConnectionFactory', 'org.springframework.r2dbc.connection.init.DatabasePopulator' (OnClassCondition)

   R2dbcObservationAutoConfiguration:
      Did not match:
         - @ConditionalOnClass did not find required class 'io.r2dbc.proxy.ProxyConnectionFactory' (OnClassCondition)

   R2dbcRepositoriesAutoConfiguration:
      Did not match:
         - @ConditionalOnClass did not find required class 'io.r2dbc.spi.ConnectionFactory' (OnClassCondition)

   R2dbcTransactionManagerAutoConfiguration:
      Did not match:
         - @ConditionalOnClass did not find required class 'org.springframework.r2dbc.connection.R2dbcTransactionManager' (OnClassCondition)

   RSocketGraphQlClientAutoConfiguration:
      Did not match:
         - @ConditionalOnClass did not find required class 'graphql.GraphQL' (OnClassCondition)

   RSocketMessagingAutoConfiguration:
      Did not match:
         - @ConditionalOnClass did not find required class 'io.rsocket.RSocket' (OnClassCondition)

   RSocketRequesterAutoConfiguration:
      Did not match:
         - @ConditionalOnClass did not find required class 'io.rsocket.RSocket' (OnClassCondition)

   RSocketSecurityAutoConfiguration:
      Did not match:
         - @ConditionalOnClass did not find required class 'org.springframework.security.rsocket.core.SecuritySocketAcceptorInterceptor' (OnClassCondition)

   RSocketServerAutoConfiguration:
      Did not match:
         - @ConditionalOnClass did not find required class 'io.rsocket.core.RSocketServer' (OnClassCondition)

   RSocketStrategiesAutoConfiguration:
      Did not match:
         - @ConditionalOnClass did not find required class 'io.netty.buffer.PooledByteBufAllocator' (OnClassCondition)

   RabbitAutoConfiguration:
      Did not match:
         - @ConditionalOnClass did not find required class 'com.rabbitmq.client.Channel' (OnClassCondition)

   RabbitHealthContributorAutoConfiguration:
      Did not match:
         - @ConditionalOnClass did not find required class 'org.springframework.amqp.rabbit.core.RabbitTemplate' (OnClassCondition)

   RabbitMetricsAutoConfiguration:
      Did not match:
         - @ConditionalOnClass did not find required class 'com.rabbitmq.client.ConnectionFactory' (OnClassCondition)

   ReactiveCloudFoundryActuatorAutoConfiguration:
      Did not match:
         - @ConditionalOnWebApplication did not find reactive web application classes (OnWebApplicationCondition)

   ReactiveElasticsearchClientAutoConfiguration:
      Did not match:
         - @ConditionalOnClass did not find required class 'co.elastic.clients.transport.ElasticsearchTransport' (OnClassCondition)

   ReactiveElasticsearchRepositoriesAutoConfiguration:
      Did not match:
         - @ConditionalOnClass did not find required class 'reactor.core.publisher.Mono' (OnClassCondition)

   ReactiveHealthEndpointConfiguration:
      Did not match:
         - @ConditionalOnClass did not find required class 'reactor.core.publisher.Flux' (OnClassCondition)

   ReactiveManagementContextAutoConfiguration:
      Did not match:
         - @ConditionalOnClass did not find required class 'reactor.core.publisher.Flux' (OnClassCondition)

   ReactiveManagementWebSecurityAutoConfiguration:
      Did not match:
         - @ConditionalOnClass did not find required class 'org.springframework.security.config.annotation.web.reactive.EnableWebFluxSecurity' (OnClassCondition)

   ReactiveMultipartAutoConfiguration:
      Did not match:
         - @ConditionalOnClass did not find required class 'org.springframework.web.reactive.config.WebFluxConfigurer' (OnClassCondition)

   ReactiveOAuth2ClientAutoConfiguration:
      Did not match:
         - @ConditionalOnClass did not find required class 'reactor.core.publisher.Flux' (OnClassCondition)

   ReactiveOAuth2ResourceServerAutoConfiguration:
      Did not match:
         - @ConditionalOnClass did not find required class 'org.springframework.security.config.annotation.web.reactive.EnableWebFluxSecurity' (OnClassCondition)

   ReactiveSecurityAutoConfiguration:
      Did not match:
         - @ConditionalOnClass did not find required class 'reactor.core.publisher.Flux' (OnClassCondition)

   ReactiveUserDetailsServiceAutoConfiguration:
      Did not match:
         - @ConditionalOnClass did not find required class 'org.springframework.security.authentication.ReactiveAuthenticationManager' (OnClassCondition)

   ReactiveWebServerFactoryAutoConfiguration:
      Did not match:
         - @ConditionalOnWebApplication did not find reactive web application classes (OnWebApplicationCondition)

   ReactorAutoConfiguration:
      Did not match:
         - @ConditionalOnClass did not find required class 'reactor.core.publisher.Hooks' (OnClassCondition)

   RedisAutoConfiguration:
      Did not match:
         - @ConditionalOnClass did not find required class 'org.springframework.data.redis.core.RedisOperations' (OnClassCondition)

   RedisCacheConfiguration:
      Did not match:
         - @ConditionalOnClass did not find required class 'org.springframework.data.redis.connection.RedisConnectionFactory' (OnClassCondition)

   RedisHealthContributorAutoConfiguration:
      Did not match:
         - @ConditionalOnClass did not find required class 'org.springframework.data.redis.connection.RedisConnectionFactory' (OnClassCondition)

   RedisReactiveAutoConfiguration:
      Did not match:
         - @ConditionalOnClass did not find required class 'reactor.core.publisher.Flux' (OnClassCondition)

   RedisReactiveHealthContributorAutoConfiguration:
      Did not match:
         - @ConditionalOnClass did not find required class 'reactor.core.publisher.Flux' (OnClassCondition)

   RedisRepositoriesAutoConfiguration:
      Did not match:
         - @ConditionalOnClass did not find required class 'org.springframework.data.redis.repository.configuration.EnableRedisRepositories' (OnClassCondition)

   RepositoryRestMvcAutoConfiguration:
      Did not match:
         - @ConditionalOnClass did not find required class 'org.springframework.data.rest.webmvc.config.RepositoryRestMvcConfiguration' (OnClassCondition)

   Saml2RelyingPartyAutoConfiguration:
      Did not match:
         - @ConditionalOnClass did not find required class 'org.springframework.security.saml2.provider.service.registration.RelyingPartyRegistrationRepository' (OnClassCondition)

   SecurityAutoConfiguration:
      Did not match:
         - @ConditionalOnClass did not find required class 'org.springframework.security.authentication.DefaultAuthenticationEventPublisher' (OnClassCondition)

   SecurityFilterAutoConfiguration:
      Did not match:
         - @ConditionalOnClass did not find required class 'org.springframework.security.config.http.SessionCreationPolicy' (OnClassCondition)

   SecurityRequestMatchersManagementContextConfiguration:
      Did not match:
         - @ConditionalOnClass did not find required class 'org.springframework.security.web.util.matcher.RequestMatcher' (OnClassCondition)

   SendGridAutoConfiguration:
      Did not match:
         - @ConditionalOnClass did not find required class 'com.sendgrid.SendGrid' (OnClassCondition)

   ServletEndpointManagementContextConfiguration.JerseyServletEndpointManagementContextConfiguration:
      Did not match:
         - @ConditionalOnClass did not find required class 'org.glassfish.jersey.server.ResourceConfig' (OnClassCondition)

   ServletManagementContextAutoConfiguration.ApplicationContextFilterConfiguration:
      Did not match:
         - @ConditionalOnProperty (management.server.add-application-context-header=true) did not find property 'add-application-context-header' (OnPropertyCondition)

   ServletWebServerFactoryAutoConfiguration.ForwardedHeaderFilterConfiguration:
      Did not match:
         - @ConditionalOnProperty (server.forward-headers-strategy=framework) did not find property 'server.forward-headers-strategy' (OnPropertyCondition)

   ServletWebServerFactoryConfiguration.EmbeddedJetty:
      Did not match:
         - @ConditionalOnClass did not find required classes 'org.eclipse.jetty.server.Server', 'org.eclipse.jetty.util.Loader', 'org.eclipse.jetty.ee10.webapp.WebAppContext' (OnClassCondition)

   ServletWebServerFactoryConfiguration.EmbeddedUndertow:
      Did not match:
         - @ConditionalOnClass did not find required classes 'io.undertow.Undertow', 'org.xnio.SslClientAuthMode' (OnClassCondition)

   SessionAutoConfiguration:
      Did not match:
         - @ConditionalOnClass did not find required class 'org.springframework.session.Session' (OnClassCondition)

   SessionsEndpointAutoConfiguration:
      Did not match:
         - @ConditionalOnClass did not find required class 'org.springframework.session.Session' (OnClassCondition)

   ShutdownEndpointAutoConfiguration:
      Did not match:
         - @ConditionalOnAvailableEndpoint no property management.endpoint.shutdown.enabled found so using endpoint default of false (OnAvailableEndpointCondition)

   SignalFxMetricsExportAutoConfiguration:
      Did not match:
         - @ConditionalOnClass did not find required class 'io.micrometer.signalfx.SignalFxMeterRegistry' (OnClassCondition)

   SpringApplicationAdminJmxAutoConfiguration:
      Did not match:
         - @ConditionalOnProperty (spring.application.admin.enabled=true) did not find property 'enabled' (OnPropertyCondition)

   StackdriverMetricsExportAutoConfiguration:
      Did not match:
         - @ConditionalOnClass did not find required class 'io.micrometer.stackdriver.StackdriverMeterRegistry' (OnClassCondition)

   StartupEndpointAutoConfiguration:
      Did not match:
         - ApplicationStartup configured applicationStartup is of type class org.springframework.core.metrics.DefaultApplicationStartup, expected BufferingApplicationStartup. (StartupEndpointAutoConfiguration.ApplicationStartupCondition)

   StatsdMetricsExportAutoConfiguration:
      Did not match:
         - @ConditionalOnClass did not find required class 'io.micrometer.statsd.StatsdMeterRegistry' (OnClassCondition)

   TaskExecutorConfigurations.SimpleAsyncTaskExecutorBuilderConfiguration#simpleAsyncTaskExecutorBuilderVirtualThreads:
      Did not match:
         - @ConditionalOnMissingBean (types: org.springframework.boot.task.SimpleAsyncTaskExecutorBuilder; SearchStrategy: all) found beans of type 'org.springframework.boot.task.SimpleAsyncTaskExecutorBuilder' simpleAsyncTaskExecutorBuilder (OnBeanCondition)

   TaskExecutorConfigurations.TaskExecutorConfiguration#applicationTaskExecutorVirtualThreads:
      Did not match:
         - @ConditionalOnThreading did not find VIRTUAL (OnThreadingCondition)

   TaskSchedulingAutoConfiguration#scheduledBeanLazyInitializationExcludeFilter:
      Did not match:
         - @ConditionalOnBean (names: org.springframework.context.annotation.internalScheduledAnnotationProcessor; SearchStrategy: all) did not find any beans named org.springframework.context.annotation.internalScheduledAnnotationProcessor (OnBeanCondition)

   TaskSchedulingConfigurations.SimpleAsyncTaskSchedulerBuilderConfiguration#simpleAsyncTaskSchedulerBuilderVirtualThreads:
      Did not match:
         - @ConditionalOnMissingBean (types: org.springframework.boot.task.SimpleAsyncTaskSchedulerBuilder; SearchStrategy: all) found beans of type 'org.springframework.boot.task.SimpleAsyncTaskSchedulerBuilder' simpleAsyncTaskSchedulerBuilder (OnBeanCondition)

   TaskSchedulingConfigurations.TaskSchedulerConfiguration:
      Did not match:
         - @ConditionalOnBean (names: org.springframework.context.annotation.internalScheduledAnnotationProcessor; SearchStrategy: all) did not find any beans named org.springframework.context.annotation.internalScheduledAnnotationProcessor (OnBeanCondition)

   ThymeleafAutoConfiguration:
      Did not match:
         - @ConditionalOnClass did not find required class 'org.thymeleaf.spring6.SpringTemplateEngine' (OnClassCondition)

   TransactionAutoConfiguration#transactionalOperator:
      Did not match:
         - @ConditionalOnSingleCandidate (types: org.springframework.transaction.ReactiveTransactionManager; SearchStrategy: all) did not find any beans (OnBeanCondition)

   TransactionAutoConfiguration.AspectJTransactionManagementConfiguration:
      Did not match:
         - @ConditionalOnBean (types: org.springframework.transaction.aspectj.AbstractTransactionAspect; SearchStrategy: all) did not find any beans of type org.springframework.transaction.aspectj.AbstractTransactionAspect (OnBeanCondition)

   TransactionAutoConfiguration.EnableTransactionManagementConfiguration.JdkDynamicAutoProxyConfiguration:
      Did not match:
         - @ConditionalOnProperty (spring.aop.proxy-target-class=false) did not find property 'proxy-target-class' (OnPropertyCondition)

   UserDetailsServiceAutoConfiguration:
      Did not match:
         - @ConditionalOnClass did not find required class 'org.springframework.security.authentication.AuthenticationManager' (OnClassCondition)

   WavefrontAutoConfiguration:
      Did not match:
         - @ConditionalOnClass did not find required class 'com.wavefront.sdk.common.application.ApplicationTags' (OnClassCondition)

   WavefrontMetricsExportAutoConfiguration:
      Did not match:
         - @ConditionalOnClass did not find required class 'com.wavefront.sdk.common.WavefrontSender' (OnClassCondition)

   WavefrontTracingAutoConfiguration:
      Did not match:
         - @ConditionalOnClass did not find required class 'com.wavefront.sdk.common.WavefrontSender' (OnClassCondition)

   WebClientAutoConfiguration:
      Did not match:
         - @ConditionalOnClass did not find required class 'org.springframework.web.reactive.function.client.WebClient' (OnClassCondition)

   WebClientObservationConfiguration:
      Did not match:
         - @ConditionalOnClass did not find required class 'org.springframework.web.reactive.function.client.WebClient' (OnClassCondition)

   WebFluxAutoConfiguration:
      Did not match:
         - @ConditionalOnClass did not find required class 'org.springframework.web.reactive.config.WebFluxConfigurer' (OnClassCondition)

   WebFluxEndpointManagementContextConfiguration:
      Did not match:
         - @ConditionalOnClass did not find required class 'org.springframework.web.reactive.DispatcherHandler' (OnClassCondition)

   WebFluxObservationAutoConfiguration:
      Did not match:
         - @ConditionalOnWebApplication did not find reactive web application classes (OnWebApplicationCondition)

   WebMvcAutoConfiguration#hiddenHttpMethodFilter:
      Did not match:
         - @ConditionalOnProperty (spring.mvc.hiddenmethod.filter.enabled) did not find property 'enabled' (OnPropertyCondition)

   WebMvcAutoConfiguration.ProblemDetailsErrorHandlingConfiguration:
      Did not match:
         - @ConditionalOnProperty (spring.mvc.problemdetails.enabled=true) did not find property 'enabled' (OnPropertyCondition)

   WebMvcAutoConfiguration.ResourceChainCustomizerConfiguration:
      Did not match:
         - @ConditionalOnEnabledResourceChain did not find class org.webjars.WebJarAssetLocator (OnEnabledResourceChainCondition)

   WebMvcAutoConfiguration.WebMvcAutoConfigurationAdapter#beanNameViewResolver:
      Did not match:
         - @ConditionalOnMissingBean (types: org.springframework.web.servlet.view.BeanNameViewResolver; SearchStrategy: all) found beans of type 'org.springframework.web.servlet.view.BeanNameViewResolver' beanNameViewResolver (OnBeanCondition)

   WebMvcEndpointManagementContextConfiguration#managementHealthEndpointWebMvcHandlerMapping:
      Did not match:
         - Management Port actual port type (SAME) did not match required type (DIFFERENT) (OnManagementPortCondition)

   WebServiceTemplateAutoConfiguration:
      Did not match:
         - @ConditionalOnClass did not find required class 'org.springframework.oxm.Marshaller' (OnClassCondition)

   WebServicesAutoConfiguration:
      Did not match:
         - @ConditionalOnClass did not find required class 'org.springframework.ws.transport.http.MessageDispatcherServlet' (OnClassCondition)

   WebSessionIdResolverAutoConfiguration:
      Did not match:
         - @ConditionalOnClass did not find required class 'reactor.core.publisher.Mono' (OnClassCondition)

   WebSocketMessagingAutoConfiguration:
      Did not match:
         - @ConditionalOnClass did not find required class 'org.springframework.web.socket.config.annotation.WebSocketMessageBrokerConfigurer' (OnClassCondition)

   WebSocketReactiveAutoConfiguration:
      Did not match:
         - @ConditionalOnWebApplication did not find reactive web application classes (OnWebApplicationCondition)

   WebSocketServletAutoConfiguration.JettyWebSocketConfiguration:
      Did not match:
         - @ConditionalOnClass did not find required class 'org.eclipse.jetty.ee10.websocket.jakarta.server.config.JakartaWebSocketServletContainerInitializer' (OnClassCondition)

   WebSocketServletAutoConfiguration.UndertowWebSocketConfiguration:
      Did not match:
         - @ConditionalOnClass did not find required class 'io.undertow.websockets.jsr.Bootstrap' (OnClassCondition)

   XADataSourceAutoConfiguration:
      Did not match:
         - @ConditionalOnBean (types: org.springframework.boot.jdbc.XADataSourceWrapper; SearchStrategy: all) did not find any beans of type org.springframework.boot.jdbc.XADataSourceWrapper (OnBeanCondition)
      Matched:
         - @ConditionalOnClass found required classes 'javax.sql.DataSource', 'jakarta.transaction.TransactionManager', 'org.springframework.jdbc.datasource.embedded.EmbeddedDatabaseType' (OnClassCondition)

   ZipkinAutoConfiguration:
      Did not match:
         - @ConditionalOnClass did not find required class 'zipkin2.reporter.Encoding' (OnClassCondition)


Exclusions:
-----------

    None


Unconditional classes:
----------------------

    org.springframework.boot.autoconfigure.context.ConfigurationPropertiesAutoConfiguration

    org.springframework.boot.actuate.autoconfigure.availability.AvailabilityHealthContributorAutoConfiguration

    org.springframework.boot.autoconfigure.ssl.SslAutoConfiguration

    org.springframework.boot.actuate.autoconfigure.info.InfoContributorAutoConfiguration

    org.springframework.boot.autoconfigure.context.PropertyPlaceholderAutoConfiguration

    org.springframework.boot.autoconfigure.context.LifecycleAutoConfiguration

    org.springframework.boot.actuate.autoconfigure.metrics.integration.IntegrationMetricsAutoConfiguration

    org.springframework.boot.actuate.autoconfigure.endpoint.EndpointAutoConfiguration

    org.springframework.boot.actuate.autoconfigure.web.server.ManagementContextAutoConfiguration

    org.springframework.boot.actuate.autoconfigure.health.HealthContributorAutoConfiguration

    org.springframework.boot.actuate.autoconfigure.endpoint.jackson.JacksonEndpointAutoConfiguration

    org.springframework.boot.autoconfigure.availability.ApplicationAvailabilityAutoConfiguration

    org.springframework.boot.autoconfigure.info.ProjectInfoAutoConfiguration



2026-08-21T08:39:34.548+05:30  INFO 29208 --- [demo] [           main] c.c.assistant.AssistantApplication       : Started AssistantApplication in 6.38 seconds (process running for 6.744)
2026-08-21T08:39:34.599+05:30 DEBUG 29208 --- [demo] [           main] o.s.b.a.ApplicationAvailabilityBean      : Application availability state LivenessState changed to CORRECT
2026-08-21T08:39:34.652+05:30 DEBUG 29208 --- [demo] [           main] org.hibernate.SQL                        : select count(*) from patients p1_0
2026-08-21T08:39:34.665+05:30  INFO 29208 --- [demo] [           main] c.c.assistant.service.DemoDataSeeder     : Seeding demo data...
2026-08-21T08:39:34.669+05:30  INFO 29208 --- [demo] [           main] c.c.a.service.IdentityResolutionService  : Resolving patient from HOSPITAL_A with source ID A123
2026-08-21T08:39:34.697+05:30 DEBUG 29208 --- [demo] [           main] org.hibernate.SQL                        : select pi1_0.id,pi1_0.created_at,pi1_0.match_score,pi1_0.match_status,pi1_0.patient_id,pi1_0.source_patient_id,pi1_0.source_system from patient_identities pi1_0 where pi1_0.source_system=? and pi1_0.source_patient_id=?
2026-08-21T08:39:34.704+05:30 DEBUG 29208 --- [demo] [           main] org.hibernate.SQL                        : select p1_0.id,p1_0.canonical_patient_id,p1_0.consent_status,p1_0.created_at,p1_0.date_of_birth,p1_0.email,p1_0.first_name,p1_0.gender,p1_0.last_name,p1_0.phone,p1_0.updated_at from patients p1_0 where lower(p1_0.first_name)=lower(?) and lower(p1_0.last_name)=lower(?) and p1_0.date_of_birth=?
2026-08-21T08:39:34.708+05:30  INFO 29208 --- [demo] [           main] c.c.a.service.IdentityResolutionService  : No match found for John Smith, creating new patient
2026-08-21T08:39:34.710+05:30 DEBUG 29208 --- [demo] [           main] org.hibernate.SQL                        : select count(*) from patients p1_0
2026-08-21T08:39:34.730+05:30 DEBUG 29208 --- [demo] [           main] org.hibernate.SQL                        : insert into patients (canonical_patient_id,consent_status,created_at,date_of_birth,email,first_name,gender,last_name,phone,updated_at) values (?,?,?,?,?,?,?,?,?,?)
2026-08-21T08:39:34.743+05:30 DEBUG 29208 --- [demo] [           main] org.hibernate.SQL                        : insert into patient_identities (created_at,match_score,match_status,patient_id,source_patient_id,source_system) values (?,?,?,?,?,?)
2026-08-21T08:39:34.752+05:30 DEBUG 29208 --- [demo] [           main] org.hibernate.SQL                        : select al1_0.id,al1_0.action,al1_0.current_hash,al1_0.details,al1_0.entity_id,al1_0.entity_type,al1_0.performed_by,al1_0.previous_hash,al1_0.timestamp from audit_logs al1_0 order by al1_0.id desc limit ?
2026-08-21T08:39:34.755+05:30 DEBUG 29208 --- [demo] [           main] org.hibernate.SQL                        : insert into audit_logs (action,current_hash,details,entity_id,entity_type,performed_by,previous_hash,timestamp) values (?,?,?,?,?,?,?,?)
2026-08-21T08:39:34.762+05:30  INFO 29208 --- [demo] [           main] c.c.a.service.IdentityResolutionService  : Resolving patient from HOSPITAL_B with source ID B928
2026-08-21T08:39:34.763+05:30 DEBUG 29208 --- [demo] [           main] org.hibernate.SQL                        : select pi1_0.id,pi1_0.created_at,pi1_0.match_score,pi1_0.match_status,pi1_0.patient_id,pi1_0.source_patient_id,pi1_0.source_system from patient_identities pi1_0 where pi1_0.source_system=? and pi1_0.source_patient_id=?
2026-08-21T08:39:34.765+05:30 DEBUG 29208 --- [demo] [           main] org.hibernate.SQL                        : select p1_0.id,p1_0.canonical_patient_id,p1_0.consent_status,p1_0.created_at,p1_0.date_of_birth,p1_0.email,p1_0.first_name,p1_0.gender,p1_0.last_name,p1_0.phone,p1_0.updated_at from patients p1_0 where lower(p1_0.first_name)=lower(?) and lower(p1_0.last_name)=lower(?) and p1_0.date_of_birth=?
2026-08-21T08:39:34.770+05:30  INFO 29208 --- [demo] [           main] c.c.a.service.IdentityResolutionService  : Found exact match for patient John Smith, creating confirmed identity
2026-08-21T08:39:34.771+05:30 DEBUG 29208 --- [demo] [           main] org.hibernate.SQL                        : insert into patient_identities (created_at,match_score,match_status,patient_id,source_patient_id,source_system) values (?,?,?,?,?,?)
2026-08-21T08:39:34.773+05:30 DEBUG 29208 --- [demo] [           main] org.hibernate.SQL                        : select al1_0.id,al1_0.action,al1_0.current_hash,al1_0.details,al1_0.entity_id,al1_0.entity_type,al1_0.performed_by,al1_0.previous_hash,al1_0.timestamp from audit_logs al1_0 order by al1_0.id desc limit ?
2026-08-21T08:39:34.777+05:30 DEBUG 29208 --- [demo] [           main] org.hibernate.SQL                        : insert into audit_logs (action,current_hash,details,entity_id,entity_type,performed_by,previous_hash,timestamp) values (?,?,?,?,?,?,?,?)
2026-08-21T08:39:34.782+05:30  INFO 29208 --- [demo] [           main] c.c.a.service.IdentityResolutionService  : Resolving patient from LAB_A with source ID L991
2026-08-21T08:39:34.783+05:30 DEBUG 29208 --- [demo] [           main] org.hibernate.SQL                        : select pi1_0.id,pi1_0.created_at,pi1_0.match_score,pi1_0.match_status,pi1_0.patient_id,pi1_0.source_patient_id,pi1_0.source_system from patient_identities pi1_0 where pi1_0.source_system=? and pi1_0.source_patient_id=?
2026-08-21T08:39:34.786+05:30 DEBUG 29208 --- [demo] [           main] org.hibernate.SQL                        : select p1_0.id,p1_0.canonical_patient_id,p1_0.consent_status,p1_0.created_at,p1_0.date_of_birth,p1_0.email,p1_0.first_name,p1_0.gender,p1_0.last_name,p1_0.phone,p1_0.updated_at from patients p1_0 where lower(p1_0.first_name)=lower(?) and lower(p1_0.last_name)=lower(?) and p1_0.date_of_birth=?
2026-08-21T08:39:34.788+05:30  INFO 29208 --- [demo] [           main] c.c.a.service.IdentityResolutionService  : Found exact match for patient John Smith, creating confirmed identity
2026-08-21T08:39:34.789+05:30 DEBUG 29208 --- [demo] [           main] org.hibernate.SQL                        : insert into patient_identities (created_at,match_score,match_status,patient_id,source_patient_id,source_system) values (?,?,?,?,?,?)
2026-08-21T08:39:34.791+05:30 DEBUG 29208 --- [demo] [           main] org.hibernate.SQL                        : select al1_0.id,al1_0.action,al1_0.current_hash,al1_0.details,al1_0.entity_id,al1_0.entity_type,al1_0.performed_by,al1_0.previous_hash,al1_0.timestamp from audit_logs al1_0 order by al1_0.id desc limit ?
2026-08-21T08:39:34.793+05:30 DEBUG 29208 --- [demo] [           main] org.hibernate.SQL                        : insert into audit_logs (action,current_hash,details,entity_id,entity_type,performed_by,previous_hash,timestamp) values (?,?,?,?,?,?,?,?)
2026-08-21T08:39:34.797+05:30  INFO 29208 --- [demo] [           main] c.c.a.service.IdentityResolutionService  : Resolving patient from LAB_B with source ID LB472
2026-08-21T08:39:34.799+05:30 DEBUG 29208 --- [demo] [           main] org.hibernate.SQL                        : select pi1_0.id,pi1_0.created_at,pi1_0.match_score,pi1_0.match_status,pi1_0.patient_id,pi1_0.source_patient_id,pi1_0.source_system from patient_identities pi1_0 where pi1_0.source_system=? and pi1_0.source_patient_id=?
2026-08-21T08:39:34.801+05:30 DEBUG 29208 --- [demo] [           main] org.hibernate.SQL                        : select p1_0.id,p1_0.canonical_patient_id,p1_0.consent_status,p1_0.created_at,p1_0.date_of_birth,p1_0.email,p1_0.first_name,p1_0.gender,p1_0.last_name,p1_0.phone,p1_0.updated_at from patients p1_0 where lower(p1_0.first_name)=lower(?) and lower(p1_0.last_name)=lower(?) and p1_0.date_of_birth=?
2026-08-21T08:39:34.803+05:30  INFO 29208 --- [demo] [           main] c.c.a.service.IdentityResolutionService  : Found exact match for patient John Smith, creating confirmed identity
2026-08-21T08:39:34.804+05:30 DEBUG 29208 --- [demo] [           main] org.hibernate.SQL                        : insert into patient_identities (created_at,match_score,match_status,patient_id,source_patient_id,source_system) values (?,?,?,?,?,?)
2026-08-21T08:39:34.808+05:30 DEBUG 29208 --- [demo] [           main] org.hibernate.SQL                        : select al1_0.id,al1_0.action,al1_0.current_hash,al1_0.details,al1_0.entity_id,al1_0.entity_type,al1_0.performed_by,al1_0.previous_hash,al1_0.timestamp from audit_logs al1_0 order by al1_0.id desc limit ?
2026-08-21T08:39:34.809+05:30 DEBUG 29208 --- [demo] [           main] org.hibernate.SQL                        : insert into audit_logs (action,current_hash,details,entity_id,entity_type,performed_by,previous_hash,timestamp) values (?,?,?,?,?,?,?,?)
2026-08-21T08:39:34.814+05:30  INFO 29208 --- [demo] [           main] c.c.a.service.IdentityResolutionService  : Resolving patient from HOSPITAL_A with source ID A456
2026-08-21T08:39:34.816+05:30 DEBUG 29208 --- [demo] [           main] org.hibernate.SQL                        : select pi1_0.id,pi1_0.created_at,pi1_0.match_score,pi1_0.match_status,pi1_0.patient_id,pi1_0.source_patient_id,pi1_0.source_system from patient_identities pi1_0 where pi1_0.source_system=? and pi1_0.source_patient_id=?
2026-08-21T08:39:34.818+05:30 DEBUG 29208 --- [demo] [           main] org.hibernate.SQL                        : select p1_0.id,p1_0.canonical_patient_id,p1_0.consent_status,p1_0.created_at,p1_0.date_of_birth,p1_0.email,p1_0.first_name,p1_0.gender,p1_0.last_name,p1_0.phone,p1_0.updated_at from patients p1_0 where lower(p1_0.first_name)=lower(?) and lower(p1_0.last_name)=lower(?) and p1_0.date_of_birth=?
2026-08-21T08:39:34.820+05:30  INFO 29208 --- [demo] [           main] c.c.a.service.IdentityResolutionService  : No match found for Jane Doe, creating new patient
2026-08-21T08:39:34.821+05:30 DEBUG 29208 --- [demo] [           main] org.hibernate.SQL                        : select count(*) from patients p1_0
2026-08-21T08:39:34.822+05:30 DEBUG 29208 --- [demo] [           main] org.hibernate.SQL                        : insert into patients (canonical_patient_id,consent_status,created_at,date_of_birth,email,first_name,gender,last_name,phone,updated_at) values (?,?,?,?,?,?,?,?,?,?)
2026-08-21T08:39:34.825+05:30 DEBUG 29208 --- [demo] [           main] org.hibernate.SQL                        : insert into patient_identities (created_at,match_score,match_status,patient_id,source_patient_id,source_system) values (?,?,?,?,?,?)
2026-08-21T08:39:34.828+05:30 DEBUG 29208 --- [demo] [           main] org.hibernate.SQL                        : select al1_0.id,al1_0.action,al1_0.current_hash,al1_0.details,al1_0.entity_id,al1_0.entity_type,al1_0.performed_by,al1_0.previous_hash,al1_0.timestamp from audit_logs al1_0 order by al1_0.id desc limit ?
2026-08-21T08:39:34.830+05:30 DEBUG 29208 --- [demo] [           main] org.hibernate.SQL                        : insert into audit_logs (action,current_hash,details,entity_id,entity_type,performed_by,previous_hash,timestamp) values (?,?,?,?,?,?,?,?)
2026-08-21T08:39:34.833+05:30  INFO 29208 --- [demo] [           main] c.c.a.service.IdentityResolutionService  : Resolving patient from HOSPITAL_C with source ID C204
2026-08-21T08:39:34.834+05:30 DEBUG 29208 --- [demo] [           main] org.hibernate.SQL                        : select pi1_0.id,pi1_0.created_at,pi1_0.match_score,pi1_0.match_status,pi1_0.patient_id,pi1_0.source_patient_id,pi1_0.source_system from patient_identities pi1_0 where pi1_0.source_system=? and pi1_0.source_patient_id=?
2026-08-21T08:39:34.836+05:30 DEBUG 29208 --- [demo] [           main] org.hibernate.SQL                        : select p1_0.id,p1_0.canonical_patient_id,p1_0.consent_status,p1_0.created_at,p1_0.date_of_birth,p1_0.email,p1_0.first_name,p1_0.gender,p1_0.last_name,p1_0.phone,p1_0.updated_at from patients p1_0 where lower(p1_0.first_name)=lower(?) and lower(p1_0.last_name)=lower(?) and p1_0.date_of_birth=?
2026-08-21T08:39:34.838+05:30  INFO 29208 --- [demo] [           main] c.c.a.service.IdentityResolutionService  : No match found for Maya Patel, creating new patient
2026-08-21T08:39:34.839+05:30 DEBUG 29208 --- [demo] [           main] org.hibernate.SQL                        : select count(*) from patients p1_0
2026-08-21T08:39:34.840+05:30 DEBUG 29208 --- [demo] [           main] org.hibernate.SQL                        : insert into patients (canonical_patient_id,consent_status,created_at,date_of_birth,email,first_name,gender,last_name,phone,updated_at) values (?,?,?,?,?,?,?,?,?,?)
2026-08-21T08:39:34.843+05:30 DEBUG 29208 --- [demo] [           main] org.hibernate.SQL                        : insert into patient_identities (created_at,match_score,match_status,patient_id,source_patient_id,source_system) values (?,?,?,?,?,?)
2026-08-21T08:39:34.845+05:30 DEBUG 29208 --- [demo] [           main] org.hibernate.SQL                        : select al1_0.id,al1_0.action,al1_0.current_hash,al1_0.details,al1_0.entity_id,al1_0.entity_type,al1_0.performed_by,al1_0.previous_hash,al1_0.timestamp from audit_logs al1_0 order by al1_0.id desc limit ?
2026-08-21T08:39:34.847+05:30 DEBUG 29208 --- [demo] [           main] org.hibernate.SQL                        : insert into audit_logs (action,current_hash,details,entity_id,entity_type,performed_by,previous_hash,timestamp) values (?,?,?,?,?,?,?,?)
2026-08-21T08:39:34.852+05:30  INFO 29208 --- [demo] [           main] c.c.a.service.IdentityResolutionService  : Resolving patient from COMMUNITY_CLINIC with source ID CC-882
2026-08-21T08:39:34.854+05:30 DEBUG 29208 --- [demo] [           main] org.hibernate.SQL                        : select pi1_0.id,pi1_0.created_at,pi1_0.match_score,pi1_0.match_status,pi1_0.patient_id,pi1_0.source_patient_id,pi1_0.source_system from patient_identities pi1_0 where pi1_0.source_system=? and pi1_0.source_patient_id=?
2026-08-21T08:39:34.856+05:30 DEBUG 29208 --- [demo] [           main] org.hibernate.SQL                        : select p1_0.id,p1_0.canonical_patient_id,p1_0.consent_status,p1_0.created_at,p1_0.date_of_birth,p1_0.email,p1_0.first_name,p1_0.gender,p1_0.last_name,p1_0.phone,p1_0.updated_at from patients p1_0 where lower(p1_0.first_name)=lower(?) and lower(p1_0.last_name)=lower(?) and p1_0.date_of_birth=?
2026-08-21T08:39:34.858+05:30  INFO 29208 --- [demo] [           main] c.c.a.service.IdentityResolutionService  : Found exact match for patient Maya Patel, creating confirmed identity
2026-08-21T08:39:34.859+05:30 DEBUG 29208 --- [demo] [           main] org.hibernate.SQL                        : insert into patient_identities (created_at,match_score,match_status,patient_id,source_patient_id,source_system) values (?,?,?,?,?,?)
2026-08-21T08:39:34.863+05:30 DEBUG 29208 --- [demo] [           main] org.hibernate.SQL                        : select al1_0.id,al1_0.action,al1_0.current_hash,al1_0.details,al1_0.entity_id,al1_0.entity_type,al1_0.performed_by,al1_0.previous_hash,al1_0.timestamp from audit_logs al1_0 order by al1_0.id desc limit ?
2026-08-21T08:39:34.865+05:30 DEBUG 29208 --- [demo] [           main] org.hibernate.SQL                        : insert into audit_logs (action,current_hash,details,entity_id,entity_type,performed_by,previous_hash,timestamp) values (?,?,?,?,?,?,?,?)
2026-08-21T08:39:34.870+05:30  INFO 29208 --- [demo] [           main] c.c.a.service.IdentityResolutionService  : Resolving patient from HOSPITAL_B with source ID B310
2026-08-21T08:39:34.872+05:30 DEBUG 29208 --- [demo] [           main] org.hibernate.SQL                        : select pi1_0.id,pi1_0.created_at,pi1_0.match_score,pi1_0.match_status,pi1_0.patient_id,pi1_0.source_patient_id,pi1_0.source_system from patient_identities pi1_0 where pi1_0.source_system=? and pi1_0.source_patient_id=?
2026-08-21T08:39:34.874+05:30 DEBUG 29208 --- [demo] [           main] org.hibernate.SQL                        : select p1_0.id,p1_0.canonical_patient_id,p1_0.consent_status,p1_0.created_at,p1_0.date_of_birth,p1_0.email,p1_0.first_name,p1_0.gender,p1_0.last_name,p1_0.phone,p1_0.updated_at from patients p1_0 where lower(p1_0.first_name)=lower(?) and lower(p1_0.last_name)=lower(?) and p1_0.date_of_birth=?
2026-08-21T08:39:34.876+05:30  INFO 29208 --- [demo] [           main] c.c.a.service.IdentityResolutionService  : No match found for Robert Chen, creating new patient
2026-08-21T08:39:34.877+05:30 DEBUG 29208 --- [demo] [           main] org.hibernate.SQL                        : select count(*) from patients p1_0
2026-08-21T08:39:34.879+05:30 DEBUG 29208 --- [demo] [           main] org.hibernate.SQL                        : insert into patients (canonical_patient_id,consent_status,created_at,date_of_birth,email,first_name,gender,last_name,phone,updated_at) values (?,?,?,?,?,?,?,?,?,?)
2026-08-21T08:39:34.881+05:30 DEBUG 29208 --- [demo] [           main] org.hibernate.SQL                        : insert into patient_identities (created_at,match_score,match_status,patient_id,source_patient_id,source_system) values (?,?,?,?,?,?)
2026-08-21T08:39:34.883+05:30 DEBUG 29208 --- [demo] [           main] org.hibernate.SQL                        : select al1_0.id,al1_0.action,al1_0.current_hash,al1_0.details,al1_0.entity_id,al1_0.entity_type,al1_0.performed_by,al1_0.previous_hash,al1_0.timestamp from audit_logs al1_0 order by al1_0.id desc limit ?
2026-08-21T08:39:34.885+05:30 DEBUG 29208 --- [demo] [           main] org.hibernate.SQL                        : insert into audit_logs (action,current_hash,details,entity_id,entity_type,performed_by,previous_hash,timestamp) values (?,?,?,?,?,?,?,?)
2026-08-21T08:39:34.888+05:30  INFO 29208 --- [demo] [           main] c.c.a.service.IdentityResolutionService  : Resolving patient from HOSPITAL_A with source ID A719
2026-08-21T08:39:34.890+05:30 DEBUG 29208 --- [demo] [           main] org.hibernate.SQL                        : select pi1_0.id,pi1_0.created_at,pi1_0.match_score,pi1_0.match_status,pi1_0.patient_id,pi1_0.source_patient_id,pi1_0.source_system from patient_identities pi1_0 where pi1_0.source_system=? and pi1_0.source_patient_id=?
2026-08-21T08:39:34.893+05:30 DEBUG 29208 --- [demo] [           main] org.hibernate.SQL                        : select p1_0.id,p1_0.canonical_patient_id,p1_0.consent_status,p1_0.created_at,p1_0.date_of_birth,p1_0.email,p1_0.first_name,p1_0.gender,p1_0.last_name,p1_0.phone,p1_0.updated_at from patients p1_0 where lower(p1_0.first_name)=lower(?) and lower(p1_0.last_name)=lower(?) and p1_0.date_of_birth=?
2026-08-21T08:39:34.894+05:30  INFO 29208 --- [demo] [           main] c.c.a.service.IdentityResolutionService  : No match found for Elena Garcia, creating new patient
2026-08-21T08:39:34.895+05:30 DEBUG 29208 --- [demo] [           main] org.hibernate.SQL                        : select count(*) from patients p1_0
2026-08-21T08:39:34.897+05:30 DEBUG 29208 --- [demo] [           main] org.hibernate.SQL                        : insert into patients (canonical_patient_id,consent_status,created_at,date_of_birth,email,first_name,gender,last_name,phone,updated_at) values (?,?,?,?,?,?,?,?,?,?)
2026-08-21T08:39:34.899+05:30 DEBUG 29208 --- [demo] [           main] org.hibernate.SQL                        : insert into patient_identities (created_at,match_score,match_status,patient_id,source_patient_id,source_system) values (?,?,?,?,?,?)
2026-08-21T08:39:34.901+05:30 DEBUG 29208 --- [demo] [           main] org.hibernate.SQL                        : select al1_0.id,al1_0.action,al1_0.current_hash,al1_0.details,al1_0.entity_id,al1_0.entity_type,al1_0.performed_by,al1_0.previous_hash,al1_0.timestamp from audit_logs al1_0 order by al1_0.id desc limit ?
2026-08-21T08:39:34.903+05:30 DEBUG 29208 --- [demo] [           main] org.hibernate.SQL                        : insert into audit_logs (action,current_hash,details,entity_id,entity_type,performed_by,previous_hash,timestamp) values (?,?,?,?,?,?,?,?)
2026-08-21T08:39:34.908+05:30  INFO 29208 --- [demo] [           main] c.c.a.service.IdentityResolutionService  : Resolving patient from HOSPITAL_C with source ID C551
2026-08-21T08:39:34.910+05:30 DEBUG 29208 --- [demo] [           main] org.hibernate.SQL                        : select pi1_0.id,pi1_0.created_at,pi1_0.match_score,pi1_0.match_status,pi1_0.patient_id,pi1_0.source_patient_id,pi1_0.source_system from patient_identities pi1_0 where pi1_0.source_system=? and pi1_0.source_patient_id=?
2026-08-21T08:39:34.912+05:30 DEBUG 29208 --- [demo] [           main] org.hibernate.SQL                        : select p1_0.id,p1_0.canonical_patient_id,p1_0.consent_status,p1_0.created_at,p1_0.date_of_birth,p1_0.email,p1_0.first_name,p1_0.gender,p1_0.last_name,p1_0.phone,p1_0.updated_at from patients p1_0 where lower(p1_0.first_name)=lower(?) and lower(p1_0.last_name)=lower(?) and p1_0.date_of_birth=?
2026-08-21T08:39:34.914+05:30  INFO 29208 --- [demo] [           main] c.c.a.service.IdentityResolutionService  : No match found for Aisha Khan, creating new patient
2026-08-21T08:39:34.914+05:30 DEBUG 29208 --- [demo] [           main] org.hibernate.SQL                        : select count(*) from patients p1_0
2026-08-21T08:39:34.916+05:30 DEBUG 29208 --- [demo] [           main] org.hibernate.SQL                        : insert into patients (canonical_patient_id,consent_status,created_at,date_of_birth,email,first_name,gender,last_name,phone,updated_at) values (?,?,?,?,?,?,?,?,?,?)
2026-08-21T08:39:34.918+05:30 DEBUG 29208 --- [demo] [           main] org.hibernate.SQL                        : insert into patient_identities (created_at,match_score,match_status,patient_id,source_patient_id,source_system) values (?,?,?,?,?,?)
2026-08-21T08:39:34.920+05:30 DEBUG 29208 --- [demo] [           main] org.hibernate.SQL                        : select al1_0.id,al1_0.action,al1_0.current_hash,al1_0.details,al1_0.entity_id,al1_0.entity_type,al1_0.performed_by,al1_0.previous_hash,al1_0.timestamp from audit_logs al1_0 order by al1_0.id desc limit ?
2026-08-21T08:39:34.922+05:30 DEBUG 29208 --- [demo] [           main] org.hibernate.SQL                        : insert into audit_logs (action,current_hash,details,entity_id,entity_type,performed_by,previous_hash,timestamp) values (?,?,?,?,?,?,?,?)
2026-08-21T08:39:34.927+05:30  INFO 29208 --- [demo] [           main] c.c.a.service.IdentityResolutionService  : Resolving patient from HOSPITAL_A with source ID A884
2026-08-21T08:39:34.928+05:30 DEBUG 29208 --- [demo] [           main] org.hibernate.SQL                        : select pi1_0.id,pi1_0.created_at,pi1_0.match_score,pi1_0.match_status,pi1_0.patient_id,pi1_0.source_patient_id,pi1_0.source_system from patient_identities pi1_0 where pi1_0.source_system=? and pi1_0.source_patient_id=?
2026-08-21T08:39:34.931+05:30 DEBUG 29208 --- [demo] [           main] org.hibernate.SQL                        : select p1_0.id,p1_0.canonical_patient_id,p1_0.consent_status,p1_0.created_at,p1_0.date_of_birth,p1_0.email,p1_0.first_name,p1_0.gender,p1_0.last_name,p1_0.phone,p1_0.updated_at from patients p1_0 where lower(p1_0.first_name)=lower(?) and lower(p1_0.last_name)=lower(?) and p1_0.date_of_birth=?
2026-08-21T08:39:34.932+05:30  INFO 29208 --- [demo] [           main] c.c.a.service.IdentityResolutionService  : No match found for David Williams, creating new patient
2026-08-21T08:39:34.933+05:30 DEBUG 29208 --- [demo] [           main] org.hibernate.SQL                        : select count(*) from patients p1_0
2026-08-21T08:39:34.934+05:30 DEBUG 29208 --- [demo] [           main] org.hibernate.SQL                        : insert into patients (canonical_patient_id,consent_status,created_at,date_of_birth,email,first_name,gender,last_name,phone,updated_at) values (?,?,?,?,?,?,?,?,?,?)
2026-08-21T08:39:34.936+05:30 DEBUG 29208 --- [demo] [           main] org.hibernate.SQL                        : insert into patient_identities (created_at,match_score,match_status,patient_id,source_patient_id,source_system) values (?,?,?,?,?,?)
2026-08-21T08:39:34.939+05:30 DEBUG 29208 --- [demo] [           main] org.hibernate.SQL                        : select al1_0.id,al1_0.action,al1_0.current_hash,al1_0.details,al1_0.entity_id,al1_0.entity_type,al1_0.performed_by,al1_0.previous_hash,al1_0.timestamp from audit_logs al1_0 order by al1_0.id desc limit ?
2026-08-21T08:39:34.941+05:30 DEBUG 29208 --- [demo] [           main] org.hibernate.SQL                        : insert into audit_logs (action,current_hash,details,entity_id,entity_type,performed_by,previous_hash,timestamp) values (?,?,?,?,?,?,?,?)
2026-08-21T08:39:34.945+05:30  INFO 29208 --- [demo] [           main] c.c.a.service.IdentityResolutionService  : Resolving patient from HOSPITAL_B with source ID B662
2026-08-21T08:39:34.947+05:30 DEBUG 29208 --- [demo] [           main] org.hibernate.SQL                        : select pi1_0.id,pi1_0.created_at,pi1_0.match_score,pi1_0.match_status,pi1_0.patient_id,pi1_0.source_patient_id,pi1_0.source_system from patient_identities pi1_0 where pi1_0.source_system=? and pi1_0.source_patient_id=?
2026-08-21T08:39:34.949+05:30 DEBUG 29208 --- [demo] [           main] org.hibernate.SQL                        : select p1_0.id,p1_0.canonical_patient_id,p1_0.consent_status,p1_0.created_at,p1_0.date_of_birth,p1_0.email,p1_0.first_name,p1_0.gender,p1_0.last_name,p1_0.phone,p1_0.updated_at from patients p1_0 where lower(p1_0.first_name)=lower(?) and lower(p1_0.last_name)=lower(?) and p1_0.date_of_birth=?
2026-08-21T08:39:34.950+05:30  INFO 29208 --- [demo] [           main] c.c.a.service.IdentityResolutionService  : No match found for Priya Raman, creating new patient
2026-08-21T08:39:34.952+05:30 DEBUG 29208 --- [demo] [           main] org.hibernate.SQL                        : select count(*) from patients p1_0
2026-08-21T08:39:34.952+05:30 DEBUG 29208 --- [demo] [           main] org.hibernate.SQL                        : insert into patients (canonical_patient_id,consent_status,created_at,date_of_birth,email,first_name,gender,last_name,phone,updated_at) values (?,?,?,?,?,?,?,?,?,?)
2026-08-21T08:39:34.955+05:30 DEBUG 29208 --- [demo] [           main] org.hibernate.SQL                        : insert into patient_identities (created_at,match_score,match_status,patient_id,source_patient_id,source_system) values (?,?,?,?,?,?)
2026-08-21T08:39:34.957+05:30 DEBUG 29208 --- [demo] [           main] org.hibernate.SQL                        : select al1_0.id,al1_0.action,al1_0.current_hash,al1_0.details,al1_0.entity_id,al1_0.entity_type,al1_0.performed_by,al1_0.previous_hash,al1_0.timestamp from audit_logs al1_0 order by al1_0.id desc limit ?
2026-08-21T08:39:34.959+05:30 DEBUG 29208 --- [demo] [           main] org.hibernate.SQL                        : insert into audit_logs (action,current_hash,details,entity_id,entity_type,performed_by,previous_hash,timestamp) values (?,?,?,?,?,?,?,?)
2026-08-21T08:39:34.964+05:30  INFO 29208 --- [demo] [           main] c.c.a.service.IdentityResolutionService  : Resolving patient from HOSPITAL_C with source ID C903
2026-08-21T08:39:34.972+05:30 DEBUG 29208 --- [demo] [           main] org.hibernate.SQL                        : select pi1_0.id,pi1_0.created_at,pi1_0.match_score,pi1_0.match_status,pi1_0.patient_id,pi1_0.source_patient_id,pi1_0.source_system from patient_identities pi1_0 where pi1_0.source_system=? and pi1_0.source_patient_id=?
2026-08-21T08:39:34.976+05:30 DEBUG 29208 --- [demo] [           main] org.hibernate.SQL                        : select p1_0.id,p1_0.canonical_patient_id,p1_0.consent_status,p1_0.created_at,p1_0.date_of_birth,p1_0.email,p1_0.first_name,p1_0.gender,p1_0.last_name,p1_0.phone,p1_0.updated_at from patients p1_0 where lower(p1_0.first_name)=lower(?) and lower(p1_0.last_name)=lower(?) and p1_0.date_of_birth=?
2026-08-21T08:39:34.978+05:30  INFO 29208 --- [demo] [           main] c.c.a.service.IdentityResolutionService  : No match found for Marcus Johnson, creating new patient
2026-08-21T08:39:34.979+05:30 DEBUG 29208 --- [demo] [           main] org.hibernate.SQL                        : select count(*) from patients p1_0
2026-08-21T08:39:34.980+05:30 DEBUG 29208 --- [demo] [           main] org.hibernate.SQL                        : insert into patients (canonical_patient_id,consent_status,created_at,date_of_birth,email,first_name,gender,last_name,phone,updated_at) values (?,?,?,?,?,?,?,?,?,?)
2026-08-21T08:39:34.983+05:30 DEBUG 29208 --- [demo] [           main] org.hibernate.SQL                        : insert into patient_identities (created_at,match_score,match_status,patient_id,source_patient_id,source_system) values (?,?,?,?,?,?)
2026-08-21T08:39:34.985+05:30 DEBUG 29208 --- [demo] [           main] org.hibernate.SQL                        : select al1_0.id,al1_0.action,al1_0.current_hash,al1_0.details,al1_0.entity_id,al1_0.entity_type,al1_0.performed_by,al1_0.previous_hash,al1_0.timestamp from audit_logs al1_0 order by al1_0.id desc limit ?
2026-08-21T08:39:34.987+05:30 DEBUG 29208 --- [demo] [           main] org.hibernate.SQL                        : insert into audit_logs (action,current_hash,details,entity_id,entity_type,performed_by,previous_hash,timestamp) values (?,?,?,?,?,?,?,?)
2026-08-21T08:39:34.991+05:30  INFO 29208 --- [demo] [           main] c.c.a.service.IdentityResolutionService  : Resolving patient from COMMUNITY_CLINIC with source ID CC-441
2026-08-21T08:39:34.993+05:30 DEBUG 29208 --- [demo] [           main] org.hibernate.SQL                        : select pi1_0.id,pi1_0.created_at,pi1_0.match_score,pi1_0.match_status,pi1_0.patient_id,pi1_0.source_patient_id,pi1_0.source_system from patient_identities pi1_0 where pi1_0.source_system=? and pi1_0.source_patient_id=?
2026-08-21T08:39:34.996+05:30 DEBUG 29208 --- [demo] [           main] org.hibernate.SQL                        : select p1_0.id,p1_0.canonical_patient_id,p1_0.consent_status,p1_0.created_at,p1_0.date_of_birth,p1_0.email,p1_0.first_name,p1_0.gender,p1_0.last_name,p1_0.phone,p1_0.updated_at from patients p1_0 where lower(p1_0.first_name)=lower(?) and lower(p1_0.last_name)=lower(?) and p1_0.date_of_birth=?
2026-08-21T08:39:34.997+05:30  INFO 29208 --- [demo] [           main] c.c.a.service.IdentityResolutionService  : No match found for Sofia Martinez, creating new patient
2026-08-21T08:39:34.998+05:30 DEBUG 29208 --- [demo] [           main] org.hibernate.SQL                        : select count(*) from patients p1_0
2026-08-21T08:39:34.999+05:30 DEBUG 29208 --- [demo] [           main] org.hibernate.SQL                        : insert into patients (canonical_patient_id,consent_status,created_at,date_of_birth,email,first_name,gender,last_name,phone,updated_at) values (?,?,?,?,?,?,?,?,?,?)
2026-08-21T08:39:35.001+05:30 DEBUG 29208 --- [demo] [           main] org.hibernate.SQL                        : insert into patient_identities (created_at,match_score,match_status,patient_id,source_patient_id,source_system) values (?,?,?,?,?,?)
2026-08-21T08:39:35.004+05:30 DEBUG 29208 --- [demo] [           main] org.hibernate.SQL                        : select al1_0.id,al1_0.action,al1_0.current_hash,al1_0.details,al1_0.entity_id,al1_0.entity_type,al1_0.performed_by,al1_0.previous_hash,al1_0.timestamp from audit_logs al1_0 order by al1_0.id desc limit ?
2026-08-21T08:39:35.005+05:30 DEBUG 29208 --- [demo] [           main] org.hibernate.SQL                        : insert into audit_logs (action,current_hash,details,entity_id,entity_type,performed_by,previous_hash,timestamp) values (?,?,?,?,?,?,?,?)
2026-08-21T08:39:35.013+05:30  INFO 29208 --- [demo] [           main] c.c.a.service.IdentityResolutionService  : Resolving patient from HOSPITAL_A with source ID A991
2026-08-21T08:39:35.015+05:30 DEBUG 29208 --- [demo] [           main] org.hibernate.SQL                        : select pi1_0.id,pi1_0.created_at,pi1_0.match_score,pi1_0.match_status,pi1_0.patient_id,pi1_0.source_patient_id,pi1_0.source_system from patient_identities pi1_0 where pi1_0.source_system=? and pi1_0.source_patient_id=?
2026-08-21T08:39:35.018+05:30 DEBUG 29208 --- [demo] [           main] org.hibernate.SQL                        : select p1_0.id,p1_0.canonical_patient_id,p1_0.consent_status,p1_0.created_at,p1_0.date_of_birth,p1_0.email,p1_0.first_name,p1_0.gender,p1_0.last_name,p1_0.phone,p1_0.updated_at from patients p1_0 where lower(p1_0.first_name)=lower(?) and lower(p1_0.last_name)=lower(?) and p1_0.date_of_birth=?
2026-08-21T08:39:35.019+05:30  INFO 29208 --- [demo] [           main] c.c.a.service.IdentityResolutionService  : No match found for Noah Brown, creating new patient
2026-08-21T08:39:35.020+05:30 DEBUG 29208 --- [demo] [           main] org.hibernate.SQL                        : select count(*) from patients p1_0
2026-08-21T08:39:35.022+05:30 DEBUG 29208 --- [demo] [           main] org.hibernate.SQL                        : insert into patients (canonical_patient_id,consent_status,created_at,date_of_birth,email,first_name,gender,last_name,phone,updated_at) values (?,?,?,?,?,?,?,?,?,?)
2026-08-21T08:39:35.024+05:30 DEBUG 29208 --- [demo] [           main] org.hibernate.SQL                        : insert into patient_identities (created_at,match_score,match_status,patient_id,source_patient_id,source_system) values (?,?,?,?,?,?)
2026-08-21T08:39:35.027+05:30 DEBUG 29208 --- [demo] [           main] org.hibernate.SQL                        : select al1_0.id,al1_0.action,al1_0.current_hash,al1_0.details,al1_0.entity_id,al1_0.entity_type,al1_0.performed_by,al1_0.previous_hash,al1_0.timestamp from audit_logs al1_0 order by al1_0.id desc limit ?
2026-08-21T08:39:35.029+05:30 DEBUG 29208 --- [demo] [           main] org.hibernate.SQL                        : insert into audit_logs (action,current_hash,details,entity_id,entity_type,performed_by,previous_hash,timestamp) values (?,?,?,?,?,?,?,?)
2026-08-21T08:39:35.035+05:30 DEBUG 29208 --- [demo] [           main] org.hibernate.SQL                        : select ce1_0.id,ce1_0.code,ce1_0.created_at,ce1_0.display_name,ce1_0.event_timestamp,ce1_0.event_type,ce1_0.numeric_value,ce1_0.patient_id,ce1_0.raw_fhir_json,ce1_0.source_record_id,ce1_0.source_system,ce1_0.unit,ce1_0.value from clinical_events ce1_0 where ce1_0.source_system=? and ce1_0.source_record_id=?
2026-08-21T08:39:35.038+05:30 DEBUG 29208 --- [demo] [           main] org.hibernate.SQL                        : select pi1_0.id,pi1_0.created_at,pi1_0.match_score,pi1_0.match_status,pi1_0.patient_id,pi1_0.source_patient_id,pi1_0.source_system from patient_identities pi1_0 where pi1_0.source_system=? and pi1_0.source_patient_id=?
2026-08-21T08:39:35.046+05:30 DEBUG 29208 --- [demo] [           main] org.hibernate.SQL                        : insert into clinical_events (code,created_at,display_name,event_timestamp,event_type,numeric_value,patient_id,raw_fhir_json,source_record_id,source_system,unit,value) values (?,?,?,?,?,?,?,?,?,?,?,?)
2026-08-21T08:39:35.049+05:30 DEBUG 29208 --- [demo] [           main] org.hibernate.SQL                        : select al1_0.id,al1_0.action,al1_0.current_hash,al1_0.details,al1_0.entity_id,al1_0.entity_type,al1_0.performed_by,al1_0.previous_hash,al1_0.timestamp from audit_logs al1_0 order by al1_0.id desc limit ?
2026-08-21T08:39:35.050+05:30 DEBUG 29208 --- [demo] [           main] org.hibernate.SQL                        : insert into audit_logs (action,current_hash,details,entity_id,entity_type,performed_by,previous_hash,timestamp) values (?,?,?,?,?,?,?,?)
2026-08-21T08:39:35.056+05:30 DEBUG 29208 --- [demo] [           main] org.hibernate.SQL                        : select ce1_0.id,ce1_0.code,ce1_0.created_at,ce1_0.display_name,ce1_0.event_timestamp,ce1_0.event_type,ce1_0.numeric_value,ce1_0.patient_id,ce1_0.raw_fhir_json,ce1_0.source_record_id,ce1_0.source_system,ce1_0.unit,ce1_0.value from clinical_events ce1_0 where ce1_0.source_system=? and ce1_0.source_record_id=?
2026-08-21T08:39:35.058+05:30 DEBUG 29208 --- [demo] [           main] org.hibernate.SQL                        : select pi1_0.id,pi1_0.created_at,pi1_0.match_score,pi1_0.match_status,pi1_0.patient_id,pi1_0.source_patient_id,pi1_0.source_system from patient_identities pi1_0 where pi1_0.source_system=? and pi1_0.source_patient_id=?
2026-08-21T08:39:35.061+05:30 DEBUG 29208 --- [demo] [           main] org.hibernate.SQL                        : insert into clinical_events (code,created_at,display_name,event_timestamp,event_type,numeric_value,patient_id,raw_fhir_json,source_record_id,source_system,unit,value) values (?,?,?,?,?,?,?,?,?,?,?,?)
2026-08-21T08:39:35.063+05:30 DEBUG 29208 --- [demo] [           main] org.hibernate.SQL                        : select al1_0.id,al1_0.action,al1_0.current_hash,al1_0.details,al1_0.entity_id,al1_0.entity_type,al1_0.performed_by,al1_0.previous_hash,al1_0.timestamp from audit_logs al1_0 order by al1_0.id desc limit ?
2026-08-21T08:39:35.064+05:30 DEBUG 29208 --- [demo] [           main] org.hibernate.SQL                        : insert into audit_logs (action,current_hash,details,entity_id,entity_type,performed_by,previous_hash,timestamp) values (?,?,?,?,?,?,?,?)
2026-08-21T08:39:35.069+05:30 DEBUG 29208 --- [demo] [           main] org.hibernate.SQL                        : select ce1_0.id,ce1_0.code,ce1_0.created_at,ce1_0.display_name,ce1_0.event_timestamp,ce1_0.event_type,ce1_0.numeric_value,ce1_0.patient_id,ce1_0.raw_fhir_json,ce1_0.source_record_id,ce1_0.source_system,ce1_0.unit,ce1_0.value from clinical_events ce1_0 where ce1_0.source_system=? and ce1_0.source_record_id=?
2026-08-21T08:39:35.071+05:30 DEBUG 29208 --- [demo] [           main] org.hibernate.SQL                        : select pi1_0.id,pi1_0.created_at,pi1_0.match_score,pi1_0.match_status,pi1_0.patient_id,pi1_0.source_patient_id,pi1_0.source_system from patient_identities pi1_0 where pi1_0.source_system=? and pi1_0.source_patient_id=?
2026-08-21T08:39:35.073+05:30 DEBUG 29208 --- [demo] [           main] org.hibernate.SQL                        : insert into clinical_events (code,created_at,display_name,event_timestamp,event_type,numeric_value,patient_id,raw_fhir_json,source_record_id,source_system,unit,value) values (?,?,?,?,?,?,?,?,?,?,?,?)
2026-08-21T08:39:35.075+05:30 DEBUG 29208 --- [demo] [           main] org.hibernate.SQL                        : select al1_0.id,al1_0.action,al1_0.current_hash,al1_0.details,al1_0.entity_id,al1_0.entity_type,al1_0.performed_by,al1_0.previous_hash,al1_0.timestamp from audit_logs al1_0 order by al1_0.id desc limit ?
2026-08-21T08:39:35.077+05:30 DEBUG 29208 --- [demo] [           main] org.hibernate.SQL                        : insert into audit_logs (action,current_hash,details,entity_id,entity_type,performed_by,previous_hash,timestamp) values (?,?,?,?,?,?,?,?)
2026-08-21T08:39:35.082+05:30 DEBUG 29208 --- [demo] [           main] org.hibernate.SQL                        : select ce1_0.id,ce1_0.code,ce1_0.created_at,ce1_0.display_name,ce1_0.event_timestamp,ce1_0.event_type,ce1_0.numeric_value,ce1_0.patient_id,ce1_0.raw_fhir_json,ce1_0.source_record_id,ce1_0.source_system,ce1_0.unit,ce1_0.value from clinical_events ce1_0 where ce1_0.source_system=? and ce1_0.source_record_id=?
2026-08-21T08:39:35.084+05:30 DEBUG 29208 --- [demo] [           main] org.hibernate.SQL                        : select pi1_0.id,pi1_0.created_at,pi1_0.match_score,pi1_0.match_status,pi1_0.patient_id,pi1_0.source_patient_id,pi1_0.source_system from patient_identities pi1_0 where pi1_0.source_system=? and pi1_0.source_patient_id=?
2026-08-21T08:39:35.086+05:30 DEBUG 29208 --- [demo] [           main] org.hibernate.SQL                        : insert into clinical_events (code,created_at,display_name,event_timestamp,event_type,numeric_value,patient_id,raw_fhir_json,source_record_id,source_system,unit,value) values (?,?,?,?,?,?,?,?,?,?,?,?)
2026-08-21T08:39:35.088+05:30 DEBUG 29208 --- [demo] [           main] org.hibernate.SQL                        : select al1_0.id,al1_0.action,al1_0.current_hash,al1_0.details,al1_0.entity_id,al1_0.entity_type,al1_0.performed_by,al1_0.previous_hash,al1_0.timestamp from audit_logs al1_0 order by al1_0.id desc limit ?
2026-08-21T08:39:35.090+05:30 DEBUG 29208 --- [demo] [           main] org.hibernate.SQL                        : insert into audit_logs (action,current_hash,details,entity_id,entity_type,performed_by,previous_hash,timestamp) values (?,?,?,?,?,?,?,?)
2026-08-21T08:39:35.095+05:30 DEBUG 29208 --- [demo] [           main] org.hibernate.SQL                        : select ce1_0.id,ce1_0.code,ce1_0.created_at,ce1_0.display_name,ce1_0.event_timestamp,ce1_0.event_type,ce1_0.numeric_value,ce1_0.patient_id,ce1_0.raw_fhir_json,ce1_0.source_record_id,ce1_0.source_system,ce1_0.unit,ce1_0.value from clinical_events ce1_0 where ce1_0.source_system=? and ce1_0.source_record_id=?
2026-08-21T08:39:35.097+05:30 DEBUG 29208 --- [demo] [           main] org.hibernate.SQL                        : select pi1_0.id,pi1_0.created_at,pi1_0.match_score,pi1_0.match_status,pi1_0.patient_id,pi1_0.source_patient_id,pi1_0.source_system from patient_identities pi1_0 where pi1_0.source_system=? and pi1_0.source_patient_id=?
2026-08-21T08:39:35.098+05:30 DEBUG 29208 --- [demo] [           main] org.hibernate.SQL                        : insert into clinical_events (code,created_at,display_name,event_timestamp,event_type,numeric_value,patient_id,raw_fhir_json,source_record_id,source_system,unit,value) values (?,?,?,?,?,?,?,?,?,?,?,?)
2026-08-21T08:39:35.100+05:30 DEBUG 29208 --- [demo] [           main] org.hibernate.SQL                        : select al1_0.id,al1_0.action,al1_0.current_hash,al1_0.details,al1_0.entity_id,al1_0.entity_type,al1_0.performed_by,al1_0.previous_hash,al1_0.timestamp from audit_logs al1_0 order by al1_0.id desc limit ?
2026-08-21T08:39:35.102+05:30 DEBUG 29208 --- [demo] [           main] org.hibernate.SQL                        : insert into audit_logs (action,current_hash,details,entity_id,entity_type,performed_by,previous_hash,timestamp) values (?,?,?,?,?,?,?,?)
2026-08-21T08:39:35.106+05:30 DEBUG 29208 --- [demo] [           main] org.hibernate.SQL                        : select ce1_0.id,ce1_0.code,ce1_0.created_at,ce1_0.display_name,ce1_0.event_timestamp,ce1_0.event_type,ce1_0.numeric_value,ce1_0.patient_id,ce1_0.raw_fhir_json,ce1_0.source_record_id,ce1_0.source_system,ce1_0.unit,ce1_0.value from clinical_events ce1_0 where ce1_0.source_system=? and ce1_0.source_record_id=?
2026-08-21T08:39:35.109+05:30 DEBUG 29208 --- [demo] [           main] org.hibernate.SQL                        : select pi1_0.id,pi1_0.created_at,pi1_0.match_score,pi1_0.match_status,pi1_0.patient_id,pi1_0.source_patient_id,pi1_0.source_system from patient_identities pi1_0 where pi1_0.source_system=? and pi1_0.source_patient_id=?
2026-08-21T08:39:35.111+05:30 DEBUG 29208 --- [demo] [           main] org.hibernate.SQL                        : insert into clinical_events (code,created_at,display_name,event_timestamp,event_type,numeric_value,patient_id,raw_fhir_json,source_record_id,source_system,unit,value) values (?,?,?,?,?,?,?,?,?,?,?,?)
2026-08-21T08:39:35.113+05:30 DEBUG 29208 --- [demo] [           main] org.hibernate.SQL                        : select al1_0.id,al1_0.action,al1_0.current_hash,al1_0.details,al1_0.entity_id,al1_0.entity_type,al1_0.performed_by,al1_0.previous_hash,al1_0.timestamp from audit_logs al1_0 order by al1_0.id desc limit ?
2026-08-21T08:39:35.115+05:30 DEBUG 29208 --- [demo] [           main] org.hibernate.SQL                        : insert into audit_logs (action,current_hash,details,entity_id,entity_type,performed_by,previous_hash,timestamp) values (?,?,?,?,?,?,?,?)
2026-08-21T08:39:35.120+05:30 DEBUG 29208 --- [demo] [           main] org.hibernate.SQL                        : select ce1_0.id,ce1_0.code,ce1_0.created_at,ce1_0.display_name,ce1_0.event_timestamp,ce1_0.event_type,ce1_0.numeric_value,ce1_0.patient_id,ce1_0.raw_fhir_json,ce1_0.source_record_id,ce1_0.source_system,ce1_0.unit,ce1_0.value from clinical_events ce1_0 where ce1_0.source_system=? and ce1_0.source_record_id=?
2026-08-21T08:39:35.122+05:30 DEBUG 29208 --- [demo] [           main] org.hibernate.SQL                        : select pi1_0.id,pi1_0.created_at,pi1_0.match_score,pi1_0.match_status,pi1_0.patient_id,pi1_0.source_patient_id,pi1_0.source_system from patient_identities pi1_0 where pi1_0.source_system=? and pi1_0.source_patient_id=?
2026-08-21T08:39:35.124+05:30 DEBUG 29208 --- [demo] [           main] org.hibernate.SQL                        : insert into clinical_events (code,created_at,display_name,event_timestamp,event_type,numeric_value,patient_id,raw_fhir_json,source_record_id,source_system,unit,value) values (?,?,?,?,?,?,?,?,?,?,?,?)
2026-08-21T08:39:35.127+05:30 DEBUG 29208 --- [demo] [           main] org.hibernate.SQL                        : select al1_0.id,al1_0.action,al1_0.current_hash,al1_0.details,al1_0.entity_id,al1_0.entity_type,al1_0.performed_by,al1_0.previous_hash,al1_0.timestamp from audit_logs al1_0 order by al1_0.id desc limit ?
2026-08-21T08:39:35.130+05:30 DEBUG 29208 --- [demo] [           main] org.hibernate.SQL                        : insert into audit_logs (action,current_hash,details,entity_id,entity_type,performed_by,previous_hash,timestamp) values (?,?,?,?,?,?,?,?)
2026-08-21T08:39:35.135+05:30 DEBUG 29208 --- [demo] [           main] org.hibernate.SQL                        : select ce1_0.id,ce1_0.code,ce1_0.created_at,ce1_0.display_name,ce1_0.event_timestamp,ce1_0.event_type,ce1_0.numeric_value,ce1_0.patient_id,ce1_0.raw_fhir_json,ce1_0.source_record_id,ce1_0.source_system,ce1_0.unit,ce1_0.value from clinical_events ce1_0 where ce1_0.source_system=? and ce1_0.source_record_id=?
2026-08-21T08:39:35.137+05:30 DEBUG 29208 --- [demo] [           main] org.hibernate.SQL                        : select pi1_0.id,pi1_0.created_at,pi1_0.match_score,pi1_0.match_status,pi1_0.patient_id,pi1_0.source_patient_id,pi1_0.source_system from patient_identities pi1_0 where pi1_0.source_system=? and pi1_0.source_patient_id=?
2026-08-21T08:39:35.138+05:30 DEBUG 29208 --- [demo] [           main] org.hibernate.SQL                        : insert into clinical_events (code,created_at,display_name,event_timestamp,event_type,numeric_value,patient_id,raw_fhir_json,source_record_id,source_system,unit,value) values (?,?,?,?,?,?,?,?,?,?,?,?)
2026-08-21T08:39:35.141+05:30 DEBUG 29208 --- [demo] [           main] org.hibernate.SQL                        : select al1_0.id,al1_0.action,al1_0.current_hash,al1_0.details,al1_0.entity_id,al1_0.entity_type,al1_0.performed_by,al1_0.previous_hash,al1_0.timestamp from audit_logs al1_0 order by al1_0.id desc limit ?
2026-08-21T08:39:35.143+05:30 DEBUG 29208 --- [demo] [           main] org.hibernate.SQL                        : insert into audit_logs (action,current_hash,details,entity_id,entity_type,performed_by,previous_hash,timestamp) values (?,?,?,?,?,?,?,?)
2026-08-21T08:39:35.148+05:30 DEBUG 29208 --- [demo] [           main] org.hibernate.SQL                        : select ce1_0.id,ce1_0.code,ce1_0.created_at,ce1_0.display_name,ce1_0.event_timestamp,ce1_0.event_type,ce1_0.numeric_value,ce1_0.patient_id,ce1_0.raw_fhir_json,ce1_0.source_record_id,ce1_0.source_system,ce1_0.unit,ce1_0.value from clinical_events ce1_0 where ce1_0.source_system=? and ce1_0.source_record_id=?
2026-08-21T08:39:35.150+05:30 DEBUG 29208 --- [demo] [           main] org.hibernate.SQL                        : select pi1_0.id,pi1_0.created_at,pi1_0.match_score,pi1_0.match_status,pi1_0.patient_id,pi1_0.source_patient_id,pi1_0.source_system from patient_identities pi1_0 where pi1_0.source_system=? and pi1_0.source_patient_id=?
2026-08-21T08:39:35.151+05:30 DEBUG 29208 --- [demo] [           main] org.hibernate.SQL                        : insert into clinical_events (code,created_at,display_name,event_timestamp,event_type,numeric_value,patient_id,raw_fhir_json,source_record_id,source_system,unit,value) values (?,?,?,?,?,?,?,?,?,?,?,?)
2026-08-21T08:39:35.154+05:30 DEBUG 29208 --- [demo] [           main] org.hibernate.SQL                        : select al1_0.id,al1_0.action,al1_0.current_hash,al1_0.details,al1_0.entity_id,al1_0.entity_type,al1_0.performed_by,al1_0.previous_hash,al1_0.timestamp from audit_logs al1_0 order by al1_0.id desc limit ?
2026-08-21T08:39:35.155+05:30 DEBUG 29208 --- [demo] [           main] org.hibernate.SQL                        : insert into audit_logs (action,current_hash,details,entity_id,entity_type,performed_by,previous_hash,timestamp) values (?,?,?,?,?,?,?,?)
2026-08-21T08:39:35.161+05:30 DEBUG 29208 --- [demo] [           main] org.hibernate.SQL                        : select ce1_0.id,ce1_0.code,ce1_0.created_at,ce1_0.display_name,ce1_0.event_timestamp,ce1_0.event_type,ce1_0.numeric_value,ce1_0.patient_id,ce1_0.raw_fhir_json,ce1_0.source_record_id,ce1_0.source_system,ce1_0.unit,ce1_0.value from clinical_events ce1_0 where ce1_0.source_system=? and ce1_0.source_record_id=?
2026-08-21T08:39:35.163+05:30 DEBUG 29208 --- [demo] [           main] org.hibernate.SQL                        : select pi1_0.id,pi1_0.created_at,pi1_0.match_score,pi1_0.match_status,pi1_0.patient_id,pi1_0.source_patient_id,pi1_0.source_system from patient_identities pi1_0 where pi1_0.source_system=? and pi1_0.source_patient_id=?
2026-08-21T08:39:35.164+05:30 DEBUG 29208 --- [demo] [           main] org.hibernate.SQL                        : insert into clinical_events (code,created_at,display_name,event_timestamp,event_type,numeric_value,patient_id,raw_fhir_json,source_record_id,source_system,unit,value) values (?,?,?,?,?,?,?,?,?,?,?,?)
2026-08-21T08:39:35.166+05:30 DEBUG 29208 --- [demo] [           main] org.hibernate.SQL                        : select al1_0.id,al1_0.action,al1_0.current_hash,al1_0.details,al1_0.entity_id,al1_0.entity_type,al1_0.performed_by,al1_0.previous_hash,al1_0.timestamp from audit_logs al1_0 order by al1_0.id desc limit ?
2026-08-21T08:39:35.168+05:30 DEBUG 29208 --- [demo] [           main] org.hibernate.SQL                        : insert into audit_logs (action,current_hash,details,entity_id,entity_type,performed_by,previous_hash,timestamp) values (?,?,?,?,?,?,?,?)
2026-08-21T08:39:35.173+05:30 DEBUG 29208 --- [demo] [           main] org.hibernate.SQL                        : select ce1_0.id,ce1_0.code,ce1_0.created_at,ce1_0.display_name,ce1_0.event_timestamp,ce1_0.event_type,ce1_0.numeric_value,ce1_0.patient_id,ce1_0.raw_fhir_json,ce1_0.source_record_id,ce1_0.source_system,ce1_0.unit,ce1_0.value from clinical_events ce1_0 where ce1_0.source_system=? and ce1_0.source_record_id=?
2026-08-21T08:39:35.175+05:30 DEBUG 29208 --- [demo] [           main] org.hibernate.SQL                        : select pi1_0.id,pi1_0.created_at,pi1_0.match_score,pi1_0.match_status,pi1_0.patient_id,pi1_0.source_patient_id,pi1_0.source_system from patient_identities pi1_0 where pi1_0.source_system=? and pi1_0.source_patient_id=?
2026-08-21T08:39:35.177+05:30 DEBUG 29208 --- [demo] [           main] org.hibernate.SQL                        : insert into clinical_events (code,created_at,display_name,event_timestamp,event_type,numeric_value,patient_id,raw_fhir_json,source_record_id,source_system,unit,value) values (?,?,?,?,?,?,?,?,?,?,?,?)
2026-08-21T08:39:35.179+05:30 DEBUG 29208 --- [demo] [           main] org.hibernate.SQL                        : select al1_0.id,al1_0.action,al1_0.current_hash,al1_0.details,al1_0.entity_id,al1_0.entity_type,al1_0.performed_by,al1_0.previous_hash,al1_0.timestamp from audit_logs al1_0 order by al1_0.id desc limit ?
2026-08-21T08:39:35.180+05:30 DEBUG 29208 --- [demo] [           main] org.hibernate.SQL                        : insert into audit_logs (action,current_hash,details,entity_id,entity_type,performed_by,previous_hash,timestamp) values (?,?,?,?,?,?,?,?)
2026-08-21T08:39:35.185+05:30 DEBUG 29208 --- [demo] [           main] org.hibernate.SQL                        : select ce1_0.id,ce1_0.code,ce1_0.created_at,ce1_0.display_name,ce1_0.event_timestamp,ce1_0.event_type,ce1_0.numeric_value,ce1_0.patient_id,ce1_0.raw_fhir_json,ce1_0.source_record_id,ce1_0.source_system,ce1_0.unit,ce1_0.value from clinical_events ce1_0 where ce1_0.source_system=? and ce1_0.source_record_id=?
2026-08-21T08:39:35.187+05:30 DEBUG 29208 --- [demo] [           main] org.hibernate.SQL                        : select pi1_0.id,pi1_0.created_at,pi1_0.match_score,pi1_0.match_status,pi1_0.patient_id,pi1_0.source_patient_id,pi1_0.source_system from patient_identities pi1_0 where pi1_0.source_system=? and pi1_0.source_patient_id=?
2026-08-21T08:39:35.188+05:30 DEBUG 29208 --- [demo] [           main] org.hibernate.SQL                        : insert into clinical_events (code,created_at,display_name,event_timestamp,event_type,numeric_value,patient_id,raw_fhir_json,source_record_id,source_system,unit,value) values (?,?,?,?,?,?,?,?,?,?,?,?)
2026-08-21T08:39:35.190+05:30 DEBUG 29208 --- [demo] [           main] org.hibernate.SQL                        : select al1_0.id,al1_0.action,al1_0.current_hash,al1_0.details,al1_0.entity_id,al1_0.entity_type,al1_0.performed_by,al1_0.previous_hash,al1_0.timestamp from audit_logs al1_0 order by al1_0.id desc limit ?
2026-08-21T08:39:35.191+05:30 DEBUG 29208 --- [demo] [           main] org.hibernate.SQL                        : insert into audit_logs (action,current_hash,details,entity_id,entity_type,performed_by,previous_hash,timestamp) values (?,?,?,?,?,?,?,?)
2026-08-21T08:39:35.197+05:30 DEBUG 29208 --- [demo] [           main] org.hibernate.SQL                        : select ce1_0.id,ce1_0.code,ce1_0.created_at,ce1_0.display_name,ce1_0.event_timestamp,ce1_0.event_type,ce1_0.numeric_value,ce1_0.patient_id,ce1_0.raw_fhir_json,ce1_0.source_record_id,ce1_0.source_system,ce1_0.unit,ce1_0.value from clinical_events ce1_0 where ce1_0.source_system=? and ce1_0.source_record_id=?
2026-08-21T08:39:35.199+05:30 DEBUG 29208 --- [demo] [           main] org.hibernate.SQL                        : select pi1_0.id,pi1_0.created_at,pi1_0.match_score,pi1_0.match_status,pi1_0.patient_id,pi1_0.source_patient_id,pi1_0.source_system from patient_identities pi1_0 where pi1_0.source_system=? and pi1_0.source_patient_id=?
2026-08-21T08:39:35.200+05:30 DEBUG 29208 --- [demo] [           main] org.hibernate.SQL                        : insert into clinical_events (code,created_at,display_name,event_timestamp,event_type,numeric_value,patient_id,raw_fhir_json,source_record_id,source_system,unit,value) values (?,?,?,?,?,?,?,?,?,?,?,?)
2026-08-21T08:39:35.202+05:30 DEBUG 29208 --- [demo] [           main] org.hibernate.SQL                        : select al1_0.id,al1_0.action,al1_0.current_hash,al1_0.details,al1_0.entity_id,al1_0.entity_type,al1_0.performed_by,al1_0.previous_hash,al1_0.timestamp from audit_logs al1_0 order by al1_0.id desc limit ?
2026-08-21T08:39:35.204+05:30 DEBUG 29208 --- [demo] [           main] org.hibernate.SQL                        : insert into audit_logs (action,current_hash,details,entity_id,entity_type,performed_by,previous_hash,timestamp) values (?,?,?,?,?,?,?,?)
2026-08-21T08:39:35.214+05:30 DEBUG 29208 --- [demo] [           main] org.hibernate.SQL                        : select ce1_0.id,ce1_0.code,ce1_0.created_at,ce1_0.display_name,ce1_0.event_timestamp,ce1_0.event_type,ce1_0.numeric_value,ce1_0.patient_id,ce1_0.raw_fhir_json,ce1_0.source_record_id,ce1_0.source_system,ce1_0.unit,ce1_0.value from clinical_events ce1_0 where ce1_0.source_system=? and ce1_0.source_record_id=?
2026-08-21T08:39:35.217+05:30 DEBUG 29208 --- [demo] [           main] org.hibernate.SQL                        : select pi1_0.id,pi1_0.created_at,pi1_0.match_score,pi1_0.match_status,pi1_0.patient_id,pi1_0.source_patient_id,pi1_0.source_system from patient_identities pi1_0 where pi1_0.source_system=? and pi1_0.source_patient_id=?
2026-08-21T08:39:35.220+05:30 DEBUG 29208 --- [demo] [           main] org.hibernate.SQL                        : insert into clinical_events (code,created_at,display_name,event_timestamp,event_type,numeric_value,patient_id,raw_fhir_json,source_record_id,source_system,unit,value) values (?,?,?,?,?,?,?,?,?,?,?,?)
2026-08-21T08:39:35.225+05:30 DEBUG 29208 --- [demo] [           main] org.hibernate.SQL                        : select al1_0.id,al1_0.action,al1_0.current_hash,al1_0.details,al1_0.entity_id,al1_0.entity_type,al1_0.performed_by,al1_0.previous_hash,al1_0.timestamp from audit_logs al1_0 order by al1_0.id desc limit ?
2026-08-21T08:39:35.227+05:30 DEBUG 29208 --- [demo] [           main] org.hibernate.SQL                        : insert into audit_logs (action,current_hash,details,entity_id,entity_type,performed_by,previous_hash,timestamp) values (?,?,?,?,?,?,?,?)
2026-08-21T08:39:35.232+05:30 DEBUG 29208 --- [demo] [           main] org.hibernate.SQL                        : select ce1_0.id,ce1_0.code,ce1_0.created_at,ce1_0.display_name,ce1_0.event_timestamp,ce1_0.event_type,ce1_0.numeric_value,ce1_0.patient_id,ce1_0.raw_fhir_json,ce1_0.source_record_id,ce1_0.source_system,ce1_0.unit,ce1_0.value from clinical_events ce1_0 where ce1_0.source_system=? and ce1_0.source_record_id=?
2026-08-21T08:39:35.234+05:30 DEBUG 29208 --- [demo] [           main] org.hibernate.SQL                        : select pi1_0.id,pi1_0.created_at,pi1_0.match_score,pi1_0.match_status,pi1_0.patient_id,pi1_0.source_patient_id,pi1_0.source_system from patient_identities pi1_0 where pi1_0.source_system=? and pi1_0.source_patient_id=?
2026-08-21T08:39:35.236+05:30 DEBUG 29208 --- [demo] [           main] org.hibernate.SQL                        : insert into clinical_events (code,created_at,display_name,event_timestamp,event_type,numeric_value,patient_id,raw_fhir_json,source_record_id,source_system,unit,value) values (?,?,?,?,?,?,?,?,?,?,?,?)
2026-08-21T08:39:35.238+05:30 DEBUG 29208 --- [demo] [           main] org.hibernate.SQL                        : select al1_0.id,al1_0.action,al1_0.current_hash,al1_0.details,al1_0.entity_id,al1_0.entity_type,al1_0.performed_by,al1_0.previous_hash,al1_0.timestamp from audit_logs al1_0 order by al1_0.id desc limit ?
2026-08-21T08:39:35.240+05:30 DEBUG 29208 --- [demo] [           main] org.hibernate.SQL                        : insert into audit_logs (action,current_hash,details,entity_id,entity_type,performed_by,previous_hash,timestamp) values (?,?,?,?,?,?,?,?)
2026-08-21T08:39:35.246+05:30 DEBUG 29208 --- [demo] [           main] org.hibernate.SQL                        : select ce1_0.id,ce1_0.code,ce1_0.created_at,ce1_0.display_name,ce1_0.event_timestamp,ce1_0.event_type,ce1_0.numeric_value,ce1_0.patient_id,ce1_0.raw_fhir_json,ce1_0.source_record_id,ce1_0.source_system,ce1_0.unit,ce1_0.value from clinical_events ce1_0 where ce1_0.source_system=? and ce1_0.source_record_id=?
2026-08-21T08:39:35.248+05:30 DEBUG 29208 --- [demo] [           main] org.hibernate.SQL                        : select pi1_0.id,pi1_0.created_at,pi1_0.match_score,pi1_0.match_status,pi1_0.patient_id,pi1_0.source_patient_id,pi1_0.source_system from patient_identities pi1_0 where pi1_0.source_system=? and pi1_0.source_patient_id=?
2026-08-21T08:39:35.250+05:30 DEBUG 29208 --- [demo] [           main] org.hibernate.SQL                        : insert into clinical_events (code,created_at,display_name,event_timestamp,event_type,numeric_value,patient_id,raw_fhir_json,source_record_id,source_system,unit,value) values (?,?,?,?,?,?,?,?,?,?,?,?)
2026-08-21T08:39:35.252+05:30 DEBUG 29208 --- [demo] [           main] org.hibernate.SQL                        : select al1_0.id,al1_0.action,al1_0.current_hash,al1_0.details,al1_0.entity_id,al1_0.entity_type,al1_0.performed_by,al1_0.previous_hash,al1_0.timestamp from audit_logs al1_0 order by al1_0.id desc limit ?
2026-08-21T08:39:35.254+05:30 DEBUG 29208 --- [demo] [           main] org.hibernate.SQL                        : insert into audit_logs (action,current_hash,details,entity_id,entity_type,performed_by,previous_hash,timestamp) values (?,?,?,?,?,?,?,?)
2026-08-21T08:39:35.259+05:30 DEBUG 29208 --- [demo] [           main] org.hibernate.SQL                        : select ce1_0.id,ce1_0.code,ce1_0.created_at,ce1_0.display_name,ce1_0.event_timestamp,ce1_0.event_type,ce1_0.numeric_value,ce1_0.patient_id,ce1_0.raw_fhir_json,ce1_0.source_record_id,ce1_0.source_system,ce1_0.unit,ce1_0.value from clinical_events ce1_0 where ce1_0.source_system=? and ce1_0.source_record_id=?
2026-08-21T08:39:35.262+05:30 DEBUG 29208 --- [demo] [           main] org.hibernate.SQL                        : select pi1_0.id,pi1_0.created_at,pi1_0.match_score,pi1_0.match_status,pi1_0.patient_id,pi1_0.source_patient_id,pi1_0.source_system from patient_identities pi1_0 where pi1_0.source_system=? and pi1_0.source_patient_id=?
2026-08-21T08:39:35.264+05:30 DEBUG 29208 --- [demo] [           main] org.hibernate.SQL                        : insert into clinical_events (code,created_at,display_name,event_timestamp,event_type,numeric_value,patient_id,raw_fhir_json,source_record_id,source_system,unit,value) values (?,?,?,?,?,?,?,?,?,?,?,?)
2026-08-21T08:39:35.267+05:30 DEBUG 29208 --- [demo] [           main] org.hibernate.SQL                        : select al1_0.id,al1_0.action,al1_0.current_hash,al1_0.details,al1_0.entity_id,al1_0.entity_type,al1_0.performed_by,al1_0.previous_hash,al1_0.timestamp from audit_logs al1_0 order by al1_0.id desc limit ?
2026-08-21T08:39:35.269+05:30 DEBUG 29208 --- [demo] [           main] org.hibernate.SQL                        : insert into audit_logs (action,current_hash,details,entity_id,entity_type,performed_by,previous_hash,timestamp) values (?,?,?,?,?,?,?,?)
2026-08-21T08:39:35.273+05:30 DEBUG 29208 --- [demo] [           main] org.hibernate.SQL                        : select ce1_0.id,ce1_0.code,ce1_0.created_at,ce1_0.display_name,ce1_0.event_timestamp,ce1_0.event_type,ce1_0.numeric_value,ce1_0.patient_id,ce1_0.raw_fhir_json,ce1_0.source_record_id,ce1_0.source_system,ce1_0.unit,ce1_0.value from clinical_events ce1_0 where ce1_0.source_system=? and ce1_0.source_record_id=?
2026-08-21T08:39:35.276+05:30 DEBUG 29208 --- [demo] [           main] org.hibernate.SQL                        : select pi1_0.id,pi1_0.created_at,pi1_0.match_score,pi1_0.match_status,pi1_0.patient_id,pi1_0.source_patient_id,pi1_0.source_system from patient_identities pi1_0 where pi1_0.source_system=? and pi1_0.source_patient_id=?
2026-08-21T08:39:35.278+05:30 DEBUG 29208 --- [demo] [           main] org.hibernate.SQL                        : insert into clinical_events (code,created_at,display_name,event_timestamp,event_type,numeric_value,patient_id,raw_fhir_json,source_record_id,source_system,unit,value) values (?,?,?,?,?,?,?,?,?,?,?,?)
2026-08-21T08:39:35.281+05:30 DEBUG 29208 --- [demo] [           main] org.hibernate.SQL                        : select al1_0.id,al1_0.action,al1_0.current_hash,al1_0.details,al1_0.entity_id,al1_0.entity_type,al1_0.performed_by,al1_0.previous_hash,al1_0.timestamp from audit_logs al1_0 order by al1_0.id desc limit ?
2026-08-21T08:39:35.283+05:30 DEBUG 29208 --- [demo] [           main] org.hibernate.SQL                        : insert into audit_logs (action,current_hash,details,entity_id,entity_type,performed_by,previous_hash,timestamp) values (?,?,?,?,?,?,?,?)
2026-08-21T08:39:35.287+05:30 DEBUG 29208 --- [demo] [           main] org.hibernate.SQL                        : select ce1_0.id,ce1_0.code,ce1_0.created_at,ce1_0.display_name,ce1_0.event_timestamp,ce1_0.event_type,ce1_0.numeric_value,ce1_0.patient_id,ce1_0.raw_fhir_json,ce1_0.source_record_id,ce1_0.source_system,ce1_0.unit,ce1_0.value from clinical_events ce1_0 where ce1_0.source_system=? and ce1_0.source_record_id=?
2026-08-21T08:39:35.290+05:30 DEBUG 29208 --- [demo] [           main] org.hibernate.SQL                        : select pi1_0.id,pi1_0.created_at,pi1_0.match_score,pi1_0.match_status,pi1_0.patient_id,pi1_0.source_patient_id,pi1_0.source_system from patient_identities pi1_0 where pi1_0.source_system=? and pi1_0.source_patient_id=?
2026-08-21T08:39:35.293+05:30 DEBUG 29208 --- [demo] [           main] org.hibernate.SQL                        : insert into clinical_events (code,created_at,display_name,event_timestamp,event_type,numeric_value,patient_id,raw_fhir_json,source_record_id,source_system,unit,value) values (?,?,?,?,?,?,?,?,?,?,?,?)
2026-08-21T08:39:35.294+05:30 DEBUG 29208 --- [demo] [           main] org.hibernate.SQL                        : select al1_0.id,al1_0.action,al1_0.current_hash,al1_0.details,al1_0.entity_id,al1_0.entity_type,al1_0.performed_by,al1_0.previous_hash,al1_0.timestamp from audit_logs al1_0 order by al1_0.id desc limit ?
2026-08-21T08:39:35.297+05:30 DEBUG 29208 --- [demo] [           main] org.hibernate.SQL                        : insert into audit_logs (action,current_hash,details,entity_id,entity_type,performed_by,previous_hash,timestamp) values (?,?,?,?,?,?,?,?)
2026-08-21T08:39:35.302+05:30 DEBUG 29208 --- [demo] [           main] org.hibernate.SQL                        : select ce1_0.id,ce1_0.code,ce1_0.created_at,ce1_0.display_name,ce1_0.event_timestamp,ce1_0.event_type,ce1_0.numeric_value,ce1_0.patient_id,ce1_0.raw_fhir_json,ce1_0.source_record_id,ce1_0.source_system,ce1_0.unit,ce1_0.value from clinical_events ce1_0 where ce1_0.source_system=? and ce1_0.source_record_id=?
2026-08-21T08:39:35.303+05:30 DEBUG 29208 --- [demo] [           main] org.hibernate.SQL                        : select pi1_0.id,pi1_0.created_at,pi1_0.match_score,pi1_0.match_status,pi1_0.patient_id,pi1_0.source_patient_id,pi1_0.source_system from patient_identities pi1_0 where pi1_0.source_system=? and pi1_0.source_patient_id=?
2026-08-21T08:39:35.305+05:30 DEBUG 29208 --- [demo] [           main] org.hibernate.SQL                        : insert into clinical_events (code,created_at,display_name,event_timestamp,event_type,numeric_value,patient_id,raw_fhir_json,source_record_id,source_system,unit,value) values (?,?,?,?,?,?,?,?,?,?,?,?)
2026-08-21T08:39:35.307+05:30 DEBUG 29208 --- [demo] [           main] org.hibernate.SQL                        : select al1_0.id,al1_0.action,al1_0.current_hash,al1_0.details,al1_0.entity_id,al1_0.entity_type,al1_0.performed_by,al1_0.previous_hash,al1_0.timestamp from audit_logs al1_0 order by al1_0.id desc limit ?
2026-08-21T08:39:35.311+05:30 DEBUG 29208 --- [demo] [           main] org.hibernate.SQL                        : insert into audit_logs (action,current_hash,details,entity_id,entity_type,performed_by,previous_hash,timestamp) values (?,?,?,?,?,?,?,?)
2026-08-21T08:39:35.322+05:30 DEBUG 29208 --- [demo] [           main] org.hibernate.SQL                        : select ce1_0.id,ce1_0.code,ce1_0.created_at,ce1_0.display_name,ce1_0.event_timestamp,ce1_0.event_type,ce1_0.numeric_value,ce1_0.patient_id,ce1_0.raw_fhir_json,ce1_0.source_record_id,ce1_0.source_system,ce1_0.unit,ce1_0.value from clinical_events ce1_0 where ce1_0.source_system=? and ce1_0.source_record_id=?
2026-08-21T08:39:35.324+05:30 DEBUG 29208 --- [demo] [           main] org.hibernate.SQL                        : select pi1_0.id,pi1_0.created_at,pi1_0.match_score,pi1_0.match_status,pi1_0.patient_id,pi1_0.source_patient_id,pi1_0.source_system from patient_identities pi1_0 where pi1_0.source_system=? and pi1_0.source_patient_id=?
2026-08-21T08:39:35.326+05:30 DEBUG 29208 --- [demo] [           main] org.hibernate.SQL                        : insert into clinical_events (code,created_at,display_name,event_timestamp,event_type,numeric_value,patient_id,raw_fhir_json,source_record_id,source_system,unit,value) values (?,?,?,?,?,?,?,?,?,?,?,?)
2026-08-21T08:39:35.328+05:30 DEBUG 29208 --- [demo] [           main] org.hibernate.SQL                        : select al1_0.id,al1_0.action,al1_0.current_hash,al1_0.details,al1_0.entity_id,al1_0.entity_type,al1_0.performed_by,al1_0.previous_hash,al1_0.timestamp from audit_logs al1_0 order by al1_0.id desc limit ?
2026-08-21T08:39:35.330+05:30 DEBUG 29208 --- [demo] [           main] org.hibernate.SQL                        : insert into audit_logs (action,current_hash,details,entity_id,entity_type,performed_by,previous_hash,timestamp) values (?,?,?,?,?,?,?,?)
2026-08-21T08:39:35.334+05:30 DEBUG 29208 --- [demo] [           main] org.hibernate.SQL                        : select ce1_0.id,ce1_0.code,ce1_0.created_at,ce1_0.display_name,ce1_0.event_timestamp,ce1_0.event_type,ce1_0.numeric_value,ce1_0.patient_id,ce1_0.raw_fhir_json,ce1_0.source_record_id,ce1_0.source_system,ce1_0.unit,ce1_0.value from clinical_events ce1_0 where ce1_0.source_system=? and ce1_0.source_record_id=?
2026-08-21T08:39:35.337+05:30 DEBUG 29208 --- [demo] [           main] org.hibernate.SQL                        : select pi1_0.id,pi1_0.created_at,pi1_0.match_score,pi1_0.match_status,pi1_0.patient_id,pi1_0.source_patient_id,pi1_0.source_system from patient_identities pi1_0 where pi1_0.source_system=? and pi1_0.source_patient_id=?
2026-08-21T08:39:35.338+05:30 DEBUG 29208 --- [demo] [           main] org.hibernate.SQL                        : insert into clinical_events (code,created_at,display_name,event_timestamp,event_type,numeric_value,patient_id,raw_fhir_json,source_record_id,source_system,unit,value) values (?,?,?,?,?,?,?,?,?,?,?,?)
2026-08-21T08:39:35.340+05:30 DEBUG 29208 --- [demo] [           main] org.hibernate.SQL                        : select al1_0.id,al1_0.action,al1_0.current_hash,al1_0.details,al1_0.entity_id,al1_0.entity_type,al1_0.performed_by,al1_0.previous_hash,al1_0.timestamp from audit_logs al1_0 order by al1_0.id desc limit ?
2026-08-21T08:39:35.342+05:30 DEBUG 29208 --- [demo] [           main] org.hibernate.SQL                        : insert into audit_logs (action,current_hash,details,entity_id,entity_type,performed_by,previous_hash,timestamp) values (?,?,?,?,?,?,?,?)
2026-08-21T08:39:35.348+05:30 DEBUG 29208 --- [demo] [           main] org.hibernate.SQL                        : select ce1_0.id,ce1_0.code,ce1_0.created_at,ce1_0.display_name,ce1_0.event_timestamp,ce1_0.event_type,ce1_0.numeric_value,ce1_0.patient_id,ce1_0.raw_fhir_json,ce1_0.source_record_id,ce1_0.source_system,ce1_0.unit,ce1_0.value from clinical_events ce1_0 where ce1_0.source_system=? and ce1_0.source_record_id=?
2026-08-21T08:39:35.349+05:30 DEBUG 29208 --- [demo] [           main] org.hibernate.SQL                        : select pi1_0.id,pi1_0.created_at,pi1_0.match_score,pi1_0.match_status,pi1_0.patient_id,pi1_0.source_patient_id,pi1_0.source_system from patient_identities pi1_0 where pi1_0.source_system=? and pi1_0.source_patient_id=?
2026-08-21T08:39:35.351+05:30 DEBUG 29208 --- [demo] [           main] org.hibernate.SQL                        : insert into clinical_events (code,created_at,display_name,event_timestamp,event_type,numeric_value,patient_id,raw_fhir_json,source_record_id,source_system,unit,value) values (?,?,?,?,?,?,?,?,?,?,?,?)
2026-08-21T08:39:35.353+05:30 DEBUG 29208 --- [demo] [           main] org.hibernate.SQL                        : select al1_0.id,al1_0.action,al1_0.current_hash,al1_0.details,al1_0.entity_id,al1_0.entity_type,al1_0.performed_by,al1_0.previous_hash,al1_0.timestamp from audit_logs al1_0 order by al1_0.id desc limit ?
2026-08-21T08:39:35.355+05:30 DEBUG 29208 --- [demo] [           main] org.hibernate.SQL                        : insert into audit_logs (action,current_hash,details,entity_id,entity_type,performed_by,previous_hash,timestamp) values (?,?,?,?,?,?,?,?)
2026-08-21T08:39:35.359+05:30 DEBUG 29208 --- [demo] [           main] org.hibernate.SQL                        : select ce1_0.id,ce1_0.code,ce1_0.created_at,ce1_0.display_name,ce1_0.event_timestamp,ce1_0.event_type,ce1_0.numeric_value,ce1_0.patient_id,ce1_0.raw_fhir_json,ce1_0.source_record_id,ce1_0.source_system,ce1_0.unit,ce1_0.value from clinical_events ce1_0 where ce1_0.source_system=? and ce1_0.source_record_id=?
2026-08-21T08:39:35.362+05:30 DEBUG 29208 --- [demo] [           main] org.hibernate.SQL                        : select pi1_0.id,pi1_0.created_at,pi1_0.match_score,pi1_0.match_status,pi1_0.patient_id,pi1_0.source_patient_id,pi1_0.source_system from patient_identities pi1_0 where pi1_0.source_system=? and pi1_0.source_patient_id=?
2026-08-21T08:39:35.364+05:30 DEBUG 29208 --- [demo] [           main] org.hibernate.SQL                        : insert into clinical_events (code,created_at,display_name,event_timestamp,event_type,numeric_value,patient_id,raw_fhir_json,source_record_id,source_system,unit,value) values (?,?,?,?,?,?,?,?,?,?,?,?)
2026-08-21T08:39:35.365+05:30 DEBUG 29208 --- [demo] [           main] org.hibernate.SQL                        : select al1_0.id,al1_0.action,al1_0.current_hash,al1_0.details,al1_0.entity_id,al1_0.entity_type,al1_0.performed_by,al1_0.previous_hash,al1_0.timestamp from audit_logs al1_0 order by al1_0.id desc limit ?
2026-08-21T08:39:35.367+05:30 DEBUG 29208 --- [demo] [           main] org.hibernate.SQL                        : insert into audit_logs (action,current_hash,details,entity_id,entity_type,performed_by,previous_hash,timestamp) values (?,?,?,?,?,?,?,?)
2026-08-21T08:39:35.371+05:30 DEBUG 29208 --- [demo] [           main] org.hibernate.SQL                        : select ce1_0.id,ce1_0.code,ce1_0.created_at,ce1_0.display_name,ce1_0.event_timestamp,ce1_0.event_type,ce1_0.numeric_value,ce1_0.patient_id,ce1_0.raw_fhir_json,ce1_0.source_record_id,ce1_0.source_system,ce1_0.unit,ce1_0.value from clinical_events ce1_0 where ce1_0.source_system=? and ce1_0.source_record_id=?
2026-08-21T08:39:35.373+05:30 DEBUG 29208 --- [demo] [           main] org.hibernate.SQL                        : select pi1_0.id,pi1_0.created_at,pi1_0.match_score,pi1_0.match_status,pi1_0.patient_id,pi1_0.source_patient_id,pi1_0.source_system from patient_identities pi1_0 where pi1_0.source_system=? and pi1_0.source_patient_id=?
2026-08-21T08:39:35.375+05:30 DEBUG 29208 --- [demo] [           main] org.hibernate.SQL                        : insert into clinical_events (code,created_at,display_name,event_timestamp,event_type,numeric_value,patient_id,raw_fhir_json,source_record_id,source_system,unit,value) values (?,?,?,?,?,?,?,?,?,?,?,?)
2026-08-21T08:39:35.377+05:30 DEBUG 29208 --- [demo] [           main] org.hibernate.SQL                        : select al1_0.id,al1_0.action,al1_0.current_hash,al1_0.details,al1_0.entity_id,al1_0.entity_type,al1_0.performed_by,al1_0.previous_hash,al1_0.timestamp from audit_logs al1_0 order by al1_0.id desc limit ?
2026-08-21T08:39:35.379+05:30 DEBUG 29208 --- [demo] [           main] org.hibernate.SQL                        : insert into audit_logs (action,current_hash,details,entity_id,entity_type,performed_by,previous_hash,timestamp) values (?,?,?,?,?,?,?,?)
2026-08-21T08:39:35.384+05:30 DEBUG 29208 --- [demo] [           main] org.hibernate.SQL                        : select ce1_0.id,ce1_0.code,ce1_0.created_at,ce1_0.display_name,ce1_0.event_timestamp,ce1_0.event_type,ce1_0.numeric_value,ce1_0.patient_id,ce1_0.raw_fhir_json,ce1_0.source_record_id,ce1_0.source_system,ce1_0.unit,ce1_0.value from clinical_events ce1_0 where ce1_0.source_system=? and ce1_0.source_record_id=?
2026-08-21T08:39:35.386+05:30 DEBUG 29208 --- [demo] [           main] org.hibernate.SQL                        : select pi1_0.id,pi1_0.created_at,pi1_0.match_score,pi1_0.match_status,pi1_0.patient_id,pi1_0.source_patient_id,pi1_0.source_system from patient_identities pi1_0 where pi1_0.source_system=? and pi1_0.source_patient_id=?
2026-08-21T08:39:35.387+05:30 DEBUG 29208 --- [demo] [           main] org.hibernate.SQL                        : insert into clinical_events (code,created_at,display_name,event_timestamp,event_type,numeric_value,patient_id,raw_fhir_json,source_record_id,source_system,unit,value) values (?,?,?,?,?,?,?,?,?,?,?,?)
2026-08-21T08:39:35.390+05:30 DEBUG 29208 --- [demo] [           main] org.hibernate.SQL                        : select al1_0.id,al1_0.action,al1_0.current_hash,al1_0.details,al1_0.entity_id,al1_0.entity_type,al1_0.performed_by,al1_0.previous_hash,al1_0.timestamp from audit_logs al1_0 order by al1_0.id desc limit ?
2026-08-21T08:39:35.391+05:30 DEBUG 29208 --- [demo] [           main] org.hibernate.SQL                        : insert into audit_logs (action,current_hash,details,entity_id,entity_type,performed_by,previous_hash,timestamp) values (?,?,?,?,?,?,?,?)
2026-08-21T08:39:35.396+05:30 DEBUG 29208 --- [demo] [           main] org.hibernate.SQL                        : select ce1_0.id,ce1_0.code,ce1_0.created_at,ce1_0.display_name,ce1_0.event_timestamp,ce1_0.event_type,ce1_0.numeric_value,ce1_0.patient_id,ce1_0.raw_fhir_json,ce1_0.source_record_id,ce1_0.source_system,ce1_0.unit,ce1_0.value from clinical_events ce1_0 where ce1_0.source_system=? and ce1_0.source_record_id=?
2026-08-21T08:39:35.398+05:30 DEBUG 29208 --- [demo] [           main] org.hibernate.SQL                        : select pi1_0.id,pi1_0.created_at,pi1_0.match_score,pi1_0.match_status,pi1_0.patient_id,pi1_0.source_patient_id,pi1_0.source_system from patient_identities pi1_0 where pi1_0.source_system=? and pi1_0.source_patient_id=?
2026-08-21T08:39:35.399+05:30 DEBUG 29208 --- [demo] [           main] org.hibernate.SQL                        : insert into clinical_events (code,created_at,display_name,event_timestamp,event_type,numeric_value,patient_id,raw_fhir_json,source_record_id,source_system,unit,value) values (?,?,?,?,?,?,?,?,?,?,?,?)
2026-08-21T08:39:35.401+05:30 DEBUG 29208 --- [demo] [           main] org.hibernate.SQL                        : select al1_0.id,al1_0.action,al1_0.current_hash,al1_0.details,al1_0.entity_id,al1_0.entity_type,al1_0.performed_by,al1_0.previous_hash,al1_0.timestamp from audit_logs al1_0 order by al1_0.id desc limit ?
2026-08-21T08:39:35.402+05:30 DEBUG 29208 --- [demo] [           main] org.hibernate.SQL                        : insert into audit_logs (action,current_hash,details,entity_id,entity_type,performed_by,previous_hash,timestamp) values (?,?,?,?,?,?,?,?)
2026-08-21T08:39:35.407+05:30 DEBUG 29208 --- [demo] [           main] org.hibernate.SQL                        : select ce1_0.id,ce1_0.code,ce1_0.created_at,ce1_0.display_name,ce1_0.event_timestamp,ce1_0.event_type,ce1_0.numeric_value,ce1_0.patient_id,ce1_0.raw_fhir_json,ce1_0.source_record_id,ce1_0.source_system,ce1_0.unit,ce1_0.value from clinical_events ce1_0 where ce1_0.source_system=? and ce1_0.source_record_id=?
2026-08-21T08:39:35.409+05:30 DEBUG 29208 --- [demo] [           main] org.hibernate.SQL                        : select pi1_0.id,pi1_0.created_at,pi1_0.match_score,pi1_0.match_status,pi1_0.patient_id,pi1_0.source_patient_id,pi1_0.source_system from patient_identities pi1_0 where pi1_0.source_system=? and pi1_0.source_patient_id=?
2026-08-21T08:39:35.411+05:30 DEBUG 29208 --- [demo] [           main] org.hibernate.SQL                        : insert into clinical_events (code,created_at,display_name,event_timestamp,event_type,numeric_value,patient_id,raw_fhir_json,source_record_id,source_system,unit,value) values (?,?,?,?,?,?,?,?,?,?,?,?)
2026-08-21T08:39:35.413+05:30 DEBUG 29208 --- [demo] [           main] org.hibernate.SQL                        : select al1_0.id,al1_0.action,al1_0.current_hash,al1_0.details,al1_0.entity_id,al1_0.entity_type,al1_0.performed_by,al1_0.previous_hash,al1_0.timestamp from audit_logs al1_0 order by al1_0.id desc limit ?
2026-08-21T08:39:35.414+05:30 DEBUG 29208 --- [demo] [           main] org.hibernate.SQL                        : insert into audit_logs (action,current_hash,details,entity_id,entity_type,performed_by,previous_hash,timestamp) values (?,?,?,?,?,?,?,?)
2026-08-21T08:39:35.419+05:30 DEBUG 29208 --- [demo] [           main] org.hibernate.SQL                        : select ce1_0.id,ce1_0.code,ce1_0.created_at,ce1_0.display_name,ce1_0.event_timestamp,ce1_0.event_type,ce1_0.numeric_value,ce1_0.patient_id,ce1_0.raw_fhir_json,ce1_0.source_record_id,ce1_0.source_system,ce1_0.unit,ce1_0.value from clinical_events ce1_0 where ce1_0.source_system=? and ce1_0.source_record_id=?
2026-08-21T08:39:35.420+05:30 DEBUG 29208 --- [demo] [           main] org.hibernate.SQL                        : select pi1_0.id,pi1_0.created_at,pi1_0.match_score,pi1_0.match_status,pi1_0.patient_id,pi1_0.source_patient_id,pi1_0.source_system from patient_identities pi1_0 where pi1_0.source_system=? and pi1_0.source_patient_id=?
2026-08-21T08:39:35.422+05:30 DEBUG 29208 --- [demo] [           main] org.hibernate.SQL                        : insert into clinical_events (code,created_at,display_name,event_timestamp,event_type,numeric_value,patient_id,raw_fhir_json,source_record_id,source_system,unit,value) values (?,?,?,?,?,?,?,?,?,?,?,?)
2026-08-21T08:39:35.424+05:30 DEBUG 29208 --- [demo] [           main] org.hibernate.SQL                        : select al1_0.id,al1_0.action,al1_0.current_hash,al1_0.details,al1_0.entity_id,al1_0.entity_type,al1_0.performed_by,al1_0.previous_hash,al1_0.timestamp from audit_logs al1_0 order by al1_0.id desc limit ?
2026-08-21T08:39:35.426+05:30 DEBUG 29208 --- [demo] [           main] org.hibernate.SQL                        : insert into audit_logs (action,current_hash,details,entity_id,entity_type,performed_by,previous_hash,timestamp) values (?,?,?,?,?,?,?,?)
2026-08-21T08:39:35.430+05:30 DEBUG 29208 --- [demo] [           main] org.hibernate.SQL                        : select ce1_0.id,ce1_0.code,ce1_0.created_at,ce1_0.display_name,ce1_0.event_timestamp,ce1_0.event_type,ce1_0.numeric_value,ce1_0.patient_id,ce1_0.raw_fhir_json,ce1_0.source_record_id,ce1_0.source_system,ce1_0.unit,ce1_0.value from clinical_events ce1_0 where ce1_0.source_system=? and ce1_0.source_record_id=?
2026-08-21T08:39:35.431+05:30 DEBUG 29208 --- [demo] [           main] org.hibernate.SQL                        : select pi1_0.id,pi1_0.created_at,pi1_0.match_score,pi1_0.match_status,pi1_0.patient_id,pi1_0.source_patient_id,pi1_0.source_system from patient_identities pi1_0 where pi1_0.source_system=? and pi1_0.source_patient_id=?
2026-08-21T08:39:35.433+05:30 DEBUG 29208 --- [demo] [           main] org.hibernate.SQL                        : insert into clinical_events (code,created_at,display_name,event_timestamp,event_type,numeric_value,patient_id,raw_fhir_json,source_record_id,source_system,unit,value) values (?,?,?,?,?,?,?,?,?,?,?,?)
2026-08-21T08:39:35.435+05:30 DEBUG 29208 --- [demo] [           main] org.hibernate.SQL                        : select al1_0.id,al1_0.action,al1_0.current_hash,al1_0.details,al1_0.entity_id,al1_0.entity_type,al1_0.performed_by,al1_0.previous_hash,al1_0.timestamp from audit_logs al1_0 order by al1_0.id desc limit ?
2026-08-21T08:39:35.436+05:30 DEBUG 29208 --- [demo] [           main] org.hibernate.SQL                        : insert into audit_logs (action,current_hash,details,entity_id,entity_type,performed_by,previous_hash,timestamp) values (?,?,?,?,?,?,?,?)
2026-08-21T08:39:35.441+05:30 DEBUG 29208 --- [demo] [           main] org.hibernate.SQL                        : select ce1_0.id,ce1_0.code,ce1_0.created_at,ce1_0.display_name,ce1_0.event_timestamp,ce1_0.event_type,ce1_0.numeric_value,ce1_0.patient_id,ce1_0.raw_fhir_json,ce1_0.source_record_id,ce1_0.source_system,ce1_0.unit,ce1_0.value from clinical_events ce1_0 where ce1_0.source_system=? and ce1_0.source_record_id=?
2026-08-21T08:39:35.444+05:30 DEBUG 29208 --- [demo] [           main] org.hibernate.SQL                        : select pi1_0.id,pi1_0.created_at,pi1_0.match_score,pi1_0.match_status,pi1_0.patient_id,pi1_0.source_patient_id,pi1_0.source_system from patient_identities pi1_0 where pi1_0.source_system=? and pi1_0.source_patient_id=?
2026-08-21T08:39:35.445+05:30 DEBUG 29208 --- [demo] [           main] org.hibernate.SQL                        : insert into clinical_events (code,created_at,display_name,event_timestamp,event_type,numeric_value,patient_id,raw_fhir_json,source_record_id,source_system,unit,value) values (?,?,?,?,?,?,?,?,?,?,?,?)
2026-08-21T08:39:35.447+05:30 DEBUG 29208 --- [demo] [           main] org.hibernate.SQL                        : select al1_0.id,al1_0.action,al1_0.current_hash,al1_0.details,al1_0.entity_id,al1_0.entity_type,al1_0.performed_by,al1_0.previous_hash,al1_0.timestamp from audit_logs al1_0 order by al1_0.id desc limit ?
2026-08-21T08:39:35.449+05:30 DEBUG 29208 --- [demo] [           main] org.hibernate.SQL                        : insert into audit_logs (action,current_hash,details,entity_id,entity_type,performed_by,previous_hash,timestamp) values (?,?,?,?,?,?,?,?)
2026-08-21T08:39:35.453+05:30 DEBUG 29208 --- [demo] [           main] org.hibernate.SQL                        : select ce1_0.id,ce1_0.code,ce1_0.created_at,ce1_0.display_name,ce1_0.event_timestamp,ce1_0.event_type,ce1_0.numeric_value,ce1_0.patient_id,ce1_0.raw_fhir_json,ce1_0.source_record_id,ce1_0.source_system,ce1_0.unit,ce1_0.value from clinical_events ce1_0 where ce1_0.source_system=? and ce1_0.source_record_id=?
2026-08-21T08:39:35.456+05:30 DEBUG 29208 --- [demo] [           main] org.hibernate.SQL                        : select pi1_0.id,pi1_0.created_at,pi1_0.match_score,pi1_0.match_status,pi1_0.patient_id,pi1_0.source_patient_id,pi1_0.source_system from patient_identities pi1_0 where pi1_0.source_system=? and pi1_0.source_patient_id=?
2026-08-21T08:39:35.459+05:30 DEBUG 29208 --- [demo] [           main] org.hibernate.SQL                        : insert into clinical_events (code,created_at,display_name,event_timestamp,event_type,numeric_value,patient_id,raw_fhir_json,source_record_id,source_system,unit,value) values (?,?,?,?,?,?,?,?,?,?,?,?)
2026-08-21T08:39:35.462+05:30 DEBUG 29208 --- [demo] [           main] org.hibernate.SQL                        : select al1_0.id,al1_0.action,al1_0.current_hash,al1_0.details,al1_0.entity_id,al1_0.entity_type,al1_0.performed_by,al1_0.previous_hash,al1_0.timestamp from audit_logs al1_0 order by al1_0.id desc limit ?
2026-08-21T08:39:35.464+05:30 DEBUG 29208 --- [demo] [           main] org.hibernate.SQL                        : insert into audit_logs (action,current_hash,details,entity_id,entity_type,performed_by,previous_hash,timestamp) values (?,?,?,?,?,?,?,?)
2026-08-21T08:39:35.468+05:30 DEBUG 29208 --- [demo] [           main] org.hibernate.SQL                        : select ce1_0.id,ce1_0.code,ce1_0.created_at,ce1_0.display_name,ce1_0.event_timestamp,ce1_0.event_type,ce1_0.numeric_value,ce1_0.patient_id,ce1_0.raw_fhir_json,ce1_0.source_record_id,ce1_0.source_system,ce1_0.unit,ce1_0.value from clinical_events ce1_0 where ce1_0.source_system=? and ce1_0.source_record_id=?
2026-08-21T08:39:35.470+05:30 DEBUG 29208 --- [demo] [           main] org.hibernate.SQL                        : select pi1_0.id,pi1_0.created_at,pi1_0.match_score,pi1_0.match_status,pi1_0.patient_id,pi1_0.source_patient_id,pi1_0.source_system from patient_identities pi1_0 where pi1_0.source_system=? and pi1_0.source_patient_id=?
2026-08-21T08:39:35.472+05:30 DEBUG 29208 --- [demo] [           main] org.hibernate.SQL                        : insert into clinical_events (code,created_at,display_name,event_timestamp,event_type,numeric_value,patient_id,raw_fhir_json,source_record_id,source_system,unit,value) values (?,?,?,?,?,?,?,?,?,?,?,?)
2026-08-21T08:39:35.473+05:30 DEBUG 29208 --- [demo] [           main] org.hibernate.SQL                        : select al1_0.id,al1_0.action,al1_0.current_hash,al1_0.details,al1_0.entity_id,al1_0.entity_type,al1_0.performed_by,al1_0.previous_hash,al1_0.timestamp from audit_logs al1_0 order by al1_0.id desc limit ?
2026-08-21T08:39:35.474+05:30 DEBUG 29208 --- [demo] [           main] org.hibernate.SQL                        : insert into audit_logs (action,current_hash,details,entity_id,entity_type,performed_by,previous_hash,timestamp) values (?,?,?,?,?,?,?,?)
2026-08-21T08:39:35.484+05:30 DEBUG 29208 --- [demo] [           main] org.hibernate.SQL                        : insert into trials (created_at,description,original_eligibility_text,title,trial_code) values (?,?,?,?,?)
2026-08-21T08:39:35.488+05:30 DEBUG 29208 --- [demo] [           main] org.hibernate.SQL                        : insert into trial_criteria (clinical_field,criterion_type,description,max_value,min_value,operator,reviewed_by_human,trial_id,unit,value) values (?,?,?,?,?,?,?,?,?,?)
2026-08-21T08:39:35.490+05:30 DEBUG 29208 --- [demo] [           main] org.hibernate.SQL                        : insert into trial_criteria (clinical_field,criterion_type,description,max_value,min_value,operator,reviewed_by_human,trial_id,unit,value) values (?,?,?,?,?,?,?,?,?,?)
2026-08-21T08:39:35.491+05:30 DEBUG 29208 --- [demo] [           main] org.hibernate.SQL                        : insert into trial_criteria (clinical_field,criterion_type,description,max_value,min_value,operator,reviewed_by_human,trial_id,unit,value) values (?,?,?,?,?,?,?,?,?,?)
2026-08-21T08:39:35.493+05:30 DEBUG 29208 --- [demo] [           main] org.hibernate.SQL                        : insert into trial_criteria (clinical_field,criterion_type,description,max_value,min_value,operator,reviewed_by_human,trial_id,unit,value) values (?,?,?,?,?,?,?,?,?,?)
2026-08-21T08:39:35.505+05:30 DEBUG 29208 --- [demo] [           main] org.hibernate.SQL                        : insert into trials (created_at,description,original_eligibility_text,title,trial_code) values (?,?,?,?,?)
2026-08-21T08:39:35.507+05:30 DEBUG 29208 --- [demo] [           main] org.hibernate.SQL                        : insert into trial_criteria (clinical_field,criterion_type,description,max_value,min_value,operator,reviewed_by_human,trial_id,unit,value) values (?,?,?,?,?,?,?,?,?,?)
2026-08-21T08:39:35.509+05:30 DEBUG 29208 --- [demo] [           main] org.hibernate.SQL                        : insert into trial_criteria (clinical_field,criterion_type,description,max_value,min_value,operator,reviewed_by_human,trial_id,unit,value) values (?,?,?,?,?,?,?,?,?,?)
2026-08-21T08:39:35.513+05:30 DEBUG 29208 --- [demo] [           main] org.hibernate.SQL                        : insert into trials (created_at,description,original_eligibility_text,title,trial_code) values (?,?,?,?,?)
2026-08-21T08:39:35.514+05:30 DEBUG 29208 --- [demo] [           main] org.hibernate.SQL                        : insert into trial_criteria (clinical_field,criterion_type,description,max_value,min_value,operator,reviewed_by_human,trial_id,unit,value) values (?,?,?,?,?,?,?,?,?,?)
2026-08-21T08:39:35.515+05:30 DEBUG 29208 --- [demo] [           main] org.hibernate.SQL                        : insert into trial_criteria (clinical_field,criterion_type,description,max_value,min_value,operator,reviewed_by_human,trial_id,unit,value) values (?,?,?,?,?,?,?,?,?,?)
2026-08-21T08:39:35.516+05:30 DEBUG 29208 --- [demo] [           main] org.hibernate.SQL                        : insert into trial_criteria (clinical_field,criterion_type,description,max_value,min_value,operator,reviewed_by_human,trial_id,unit,value) values (?,?,?,?,?,?,?,?,?,?)
2026-08-21T08:39:35.522+05:30 DEBUG 29208 --- [demo] [           main] org.hibernate.SQL                        : select t1_0.id,t1_0.created_at,t1_0.description,t1_0.original_eligibility_text,t1_0.title,t1_0.trial_code from trials t1_0
2026-08-21T08:39:35.528+05:30 DEBUG 29208 --- [demo] [           main] org.hibernate.SQL                        : select p1_0.id,p1_0.canonical_patient_id,p1_0.consent_status,p1_0.created_at,p1_0.date_of_birth,p1_0.email,p1_0.first_name,p1_0.gender,p1_0.last_name,p1_0.phone,p1_0.updated_at from patients p1_0
2026-08-21T08:39:35.535+05:30 DEBUG 29208 --- [demo] [           main] org.hibernate.SQL                        : select t1_0.id,t1_0.created_at,t1_0.description,t1_0.original_eligibility_text,t1_0.title,t1_0.trial_code from trials t1_0 where t1_0.id=?
2026-08-21T08:39:35.537+05:30 DEBUG 29208 --- [demo] [           main] org.hibernate.SQL                        : select p1_0.id,p1_0.canonical_patient_id,p1_0.consent_status,p1_0.created_at,p1_0.date_of_birth,p1_0.email,p1_0.first_name,p1_0.gender,p1_0.last_name,p1_0.phone,p1_0.updated_at from patients p1_0 where p1_0.id=?
2026-08-21T08:39:35.541+05:30 DEBUG 29208 --- [demo] [           main] org.hibernate.SQL                        : select tm1_0.id,tm1_0.matched_at,tm1_0.patient_id,tm1_0.review_notes,tm1_0.status,tm1_0.trial_id from trial_matches tm1_0 where tm1_0.trial_id=? and tm1_0.patient_id=?
2026-08-21T08:39:35.544+05:30 DEBUG 29208 --- [demo] [           main] org.hibernate.SQL                        : select c1_0.trial_id,c1_0.id,c1_0.clinical_field,c1_0.criterion_type,c1_0.description,c1_0.max_value,c1_0.min_value,c1_0.operator,c1_0.reviewed_by_human,c1_0.unit,c1_0.value from trial_criteria c1_0 where c1_0.trial_id=?
2026-08-21T08:39:35.550+05:30 DEBUG 29208 --- [demo] [           main] org.hibernate.SQL                        : select ce1_0.id,ce1_0.code,ce1_0.created_at,ce1_0.display_name,ce1_0.event_timestamp,ce1_0.event_type,ce1_0.numeric_value,ce1_0.patient_id,ce1_0.raw_fhir_json,ce1_0.source_record_id,ce1_0.source_system,ce1_0.unit,ce1_0.value from clinical_events ce1_0 where ce1_0.patient_id=? and ce1_0.event_type=? order by ce1_0.event_timestamp desc
2026-08-21T08:39:35.552+05:30 DEBUG 29208 --- [demo] [           main] org.hibernate.SQL                        : select ce1_0.id,ce1_0.code,ce1_0.created_at,ce1_0.display_name,ce1_0.event_timestamp,ce1_0.event_type,ce1_0.numeric_value,ce1_0.patient_id,ce1_0.raw_fhir_json,ce1_0.source_record_id,ce1_0.source_system,ce1_0.unit,ce1_0.value from clinical_events ce1_0 where ce1_0.patient_id=? and ce1_0.event_type=? order by ce1_0.event_timestamp desc
2026-08-21T08:39:35.554+05:30 DEBUG 29208 --- [demo] [           main] org.hibernate.SQL                        : select ce1_0.id,ce1_0.code,ce1_0.created_at,ce1_0.display_name,ce1_0.event_timestamp,ce1_0.event_type,ce1_0.numeric_value,ce1_0.patient_id,ce1_0.raw_fhir_json,ce1_0.source_record_id,ce1_0.source_system,ce1_0.unit,ce1_0.value from clinical_events ce1_0 where ce1_0.patient_id=? and ce1_0.event_type=? order by ce1_0.event_timestamp desc
2026-08-21T08:39:35.556+05:30 DEBUG 29208 --- [demo] [           main] org.hibernate.SQL                        : insert into trial_matches (matched_at,patient_id,review_notes,status,trial_id) values (?,?,?,?,?)
2026-08-21T08:39:35.557+05:30 DEBUG 29208 --- [demo] [           main] org.hibernate.SQL                        : insert into criterion_results (clinical_event_id,criterion_id,explanation,gap_description,gap_to_pass,patient_value,status,trial_match_id) values (?,?,?,?,?,?,?,?)
2026-08-21T08:39:35.560+05:30 DEBUG 29208 --- [demo] [           main] org.hibernate.SQL                        : insert into criterion_results (clinical_event_id,criterion_id,explanation,gap_description,gap_to_pass,patient_value,status,trial_match_id) values (?,?,?,?,?,?,?,?)
2026-08-21T08:39:35.561+05:30 DEBUG 29208 --- [demo] [           main] org.hibernate.SQL                        : insert into criterion_results (clinical_event_id,criterion_id,explanation,gap_description,gap_to_pass,patient_value,status,trial_match_id) values (?,?,?,?,?,?,?,?)
2026-08-21T08:39:35.562+05:30 DEBUG 29208 --- [demo] [           main] org.hibernate.SQL                        : insert into criterion_results (clinical_event_id,criterion_id,explanation,gap_description,gap_to_pass,patient_value,status,trial_match_id) values (?,?,?,?,?,?,?,?)
2026-08-21T08:39:35.564+05:30 DEBUG 29208 --- [demo] [           main] org.hibernate.SQL                        : select al1_0.id,al1_0.action,al1_0.current_hash,al1_0.details,al1_0.entity_id,al1_0.entity_type,al1_0.performed_by,al1_0.previous_hash,al1_0.timestamp from audit_logs al1_0 order by al1_0.id desc limit ?
2026-08-21T08:39:35.566+05:30 DEBUG 29208 --- [demo] [           main] org.hibernate.SQL                        : insert into audit_logs (action,current_hash,details,entity_id,entity_type,performed_by,previous_hash,timestamp) values (?,?,?,?,?,?,?,?)
2026-08-21T08:39:35.571+05:30 DEBUG 29208 --- [demo] [           main] org.hibernate.SQL                        : select t1_0.id,t1_0.created_at,t1_0.description,t1_0.original_eligibility_text,t1_0.title,t1_0.trial_code from trials t1_0 where t1_0.id=?
2026-08-21T08:39:35.572+05:30 DEBUG 29208 --- [demo] [           main] org.hibernate.SQL                        : select p1_0.id,p1_0.canonical_patient_id,p1_0.consent_status,p1_0.created_at,p1_0.date_of_birth,p1_0.email,p1_0.first_name,p1_0.gender,p1_0.last_name,p1_0.phone,p1_0.updated_at from patients p1_0 where p1_0.id=?
2026-08-21T08:39:35.575+05:30 DEBUG 29208 --- [demo] [           main] org.hibernate.SQL                        : select tm1_0.id,tm1_0.matched_at,tm1_0.patient_id,tm1_0.review_notes,tm1_0.status,tm1_0.trial_id from trial_matches tm1_0 where tm1_0.trial_id=? and tm1_0.patient_id=?
2026-08-21T08:39:35.576+05:30 DEBUG 29208 --- [demo] [           main] org.hibernate.SQL                        : select c1_0.trial_id,c1_0.id,c1_0.clinical_field,c1_0.criterion_type,c1_0.description,c1_0.max_value,c1_0.min_value,c1_0.operator,c1_0.reviewed_by_human,c1_0.unit,c1_0.value from trial_criteria c1_0 where c1_0.trial_id=?
2026-08-21T08:39:35.578+05:30 DEBUG 29208 --- [demo] [           main] org.hibernate.SQL                        : select ce1_0.id,ce1_0.code,ce1_0.created_at,ce1_0.display_name,ce1_0.event_timestamp,ce1_0.event_type,ce1_0.numeric_value,ce1_0.patient_id,ce1_0.raw_fhir_json,ce1_0.source_record_id,ce1_0.source_system,ce1_0.unit,ce1_0.value from clinical_events ce1_0 where ce1_0.patient_id=? and ce1_0.event_type=? order by ce1_0.event_timestamp desc
2026-08-21T08:39:35.580+05:30 DEBUG 29208 --- [demo] [           main] org.hibernate.SQL                        : select ce1_0.id,ce1_0.code,ce1_0.created_at,ce1_0.display_name,ce1_0.event_timestamp,ce1_0.event_type,ce1_0.numeric_value,ce1_0.patient_id,ce1_0.raw_fhir_json,ce1_0.source_record_id,ce1_0.source_system,ce1_0.unit,ce1_0.value from clinical_events ce1_0 where ce1_0.patient_id=? and ce1_0.event_type=? order by ce1_0.event_timestamp desc
2026-08-21T08:39:35.583+05:30 DEBUG 29208 --- [demo] [           main] org.hibernate.SQL                        : select ce1_0.id,ce1_0.code,ce1_0.created_at,ce1_0.display_name,ce1_0.event_timestamp,ce1_0.event_type,ce1_0.numeric_value,ce1_0.patient_id,ce1_0.raw_fhir_json,ce1_0.source_record_id,ce1_0.source_system,ce1_0.unit,ce1_0.value from clinical_events ce1_0 where ce1_0.patient_id=? and ce1_0.event_type=? order by ce1_0.event_timestamp desc
2026-08-21T08:39:35.584+05:30 DEBUG 29208 --- [demo] [           main] org.hibernate.SQL                        : insert into trial_matches (matched_at,patient_id,review_notes,status,trial_id) values (?,?,?,?,?)
2026-08-21T08:39:35.586+05:30 DEBUG 29208 --- [demo] [           main] org.hibernate.SQL                        : insert into criterion_results (clinical_event_id,criterion_id,explanation,gap_description,gap_to_pass,patient_value,status,trial_match_id) values (?,?,?,?,?,?,?,?)
2026-08-21T08:39:35.587+05:30 DEBUG 29208 --- [demo] [           main] org.hibernate.SQL                        : insert into criterion_results (clinical_event_id,criterion_id,explanation,gap_description,gap_to_pass,patient_value,status,trial_match_id) values (?,?,?,?,?,?,?,?)
2026-08-21T08:39:35.588+05:30 DEBUG 29208 --- [demo] [           main] org.hibernate.SQL                        : insert into criterion_results (clinical_event_id,criterion_id,explanation,gap_description,gap_to_pass,patient_value,status,trial_match_id) values (?,?,?,?,?,?,?,?)
2026-08-21T08:39:35.589+05:30 DEBUG 29208 --- [demo] [           main] org.hibernate.SQL                        : insert into criterion_results (clinical_event_id,criterion_id,explanation,gap_description,gap_to_pass,patient_value,status,trial_match_id) values (?,?,?,?,?,?,?,?)
2026-08-21T08:39:35.592+05:30 DEBUG 29208 --- [demo] [           main] org.hibernate.SQL                        : select al1_0.id,al1_0.action,al1_0.current_hash,al1_0.details,al1_0.entity_id,al1_0.entity_type,al1_0.performed_by,al1_0.previous_hash,al1_0.timestamp from audit_logs al1_0 order by al1_0.id desc limit ?
2026-08-21T08:39:35.594+05:30 DEBUG 29208 --- [demo] [           main] org.hibernate.SQL                        : insert into audit_logs (action,current_hash,details,entity_id,entity_type,performed_by,previous_hash,timestamp) values (?,?,?,?,?,?,?,?)
2026-08-21T08:39:35.597+05:30 DEBUG 29208 --- [demo] [           main] org.hibernate.SQL                        : select t1_0.id,t1_0.created_at,t1_0.description,t1_0.original_eligibility_text,t1_0.title,t1_0.trial_code from trials t1_0 where t1_0.id=?
2026-08-21T08:39:35.598+05:30 DEBUG 29208 --- [demo] [           main] org.hibernate.SQL                        : select p1_0.id,p1_0.canonical_patient_id,p1_0.consent_status,p1_0.created_at,p1_0.date_of_birth,p1_0.email,p1_0.first_name,p1_0.gender,p1_0.last_name,p1_0.phone,p1_0.updated_at from patients p1_0 where p1_0.id=?
2026-08-21T08:39:35.600+05:30 DEBUG 29208 --- [demo] [           main] org.hibernate.SQL                        : select tm1_0.id,tm1_0.matched_at,tm1_0.patient_id,tm1_0.review_notes,tm1_0.status,tm1_0.trial_id from trial_matches tm1_0 where tm1_0.trial_id=? and tm1_0.patient_id=?
2026-08-21T08:39:35.601+05:30 DEBUG 29208 --- [demo] [           main] org.hibernate.SQL                        : select c1_0.trial_id,c1_0.id,c1_0.clinical_field,c1_0.criterion_type,c1_0.description,c1_0.max_value,c1_0.min_value,c1_0.operator,c1_0.reviewed_by_human,c1_0.unit,c1_0.value from trial_criteria c1_0 where c1_0.trial_id=?
2026-08-21T08:39:35.602+05:30 DEBUG 29208 --- [demo] [           main] org.hibernate.SQL                        : select ce1_0.id,ce1_0.code,ce1_0.created_at,ce1_0.display_name,ce1_0.event_timestamp,ce1_0.event_type,ce1_0.numeric_value,ce1_0.patient_id,ce1_0.raw_fhir_json,ce1_0.source_record_id,ce1_0.source_system,ce1_0.unit,ce1_0.value from clinical_events ce1_0 where ce1_0.patient_id=? and ce1_0.event_type=? order by ce1_0.event_timestamp desc
2026-08-21T08:39:35.604+05:30 DEBUG 29208 --- [demo] [           main] org.hibernate.SQL                        : select ce1_0.id,ce1_0.code,ce1_0.created_at,ce1_0.display_name,ce1_0.event_timestamp,ce1_0.event_type,ce1_0.numeric_value,ce1_0.patient_id,ce1_0.raw_fhir_json,ce1_0.source_record_id,ce1_0.source_system,ce1_0.unit,ce1_0.value from clinical_events ce1_0 where ce1_0.patient_id=? and ce1_0.event_type=? order by ce1_0.event_timestamp desc
2026-08-21T08:39:35.606+05:30 DEBUG 29208 --- [demo] [           main] org.hibernate.SQL                        : select ce1_0.id,ce1_0.code,ce1_0.created_at,ce1_0.display_name,ce1_0.event_timestamp,ce1_0.event_type,ce1_0.numeric_value,ce1_0.patient_id,ce1_0.raw_fhir_json,ce1_0.source_record_id,ce1_0.source_system,ce1_0.unit,ce1_0.value from clinical_events ce1_0 where ce1_0.patient_id=? and ce1_0.event_type=? order by ce1_0.event_timestamp desc
2026-08-21T08:39:35.607+05:30 DEBUG 29208 --- [demo] [           main] org.hibernate.SQL                        : insert into trial_matches (matched_at,patient_id,review_notes,status,trial_id) values (?,?,?,?,?)
2026-08-21T08:39:35.608+05:30 DEBUG 29208 --- [demo] [           main] org.hibernate.SQL                        : insert into criterion_results (clinical_event_id,criterion_id,explanation,gap_description,gap_to_pass,patient_value,status,trial_match_id) values (?,?,?,?,?,?,?,?)
2026-08-21T08:39:35.609+05:30 DEBUG 29208 --- [demo] [           main] org.hibernate.SQL                        : insert into criterion_results (clinical_event_id,criterion_id,explanation,gap_description,gap_to_pass,patient_value,status,trial_match_id) values (?,?,?,?,?,?,?,?)
2026-08-21T08:39:35.611+05:30 DEBUG 29208 --- [demo] [           main] org.hibernate.SQL                        : insert into criterion_results (clinical_event_id,criterion_id,explanation,gap_description,gap_to_pass,patient_value,status,trial_match_id) values (?,?,?,?,?,?,?,?)
2026-08-21T08:39:35.611+05:30 DEBUG 29208 --- [demo] [           main] org.hibernate.SQL                        : insert into criterion_results (clinical_event_id,criterion_id,explanation,gap_description,gap_to_pass,patient_value,status,trial_match_id) values (?,?,?,?,?,?,?,?)
2026-08-21T08:39:35.613+05:30 DEBUG 29208 --- [demo] [           main] org.hibernate.SQL                        : select al1_0.id,al1_0.action,al1_0.current_hash,al1_0.details,al1_0.entity_id,al1_0.entity_type,al1_0.performed_by,al1_0.previous_hash,al1_0.timestamp from audit_logs al1_0 order by al1_0.id desc limit ?
2026-08-21T08:39:35.614+05:30 DEBUG 29208 --- [demo] [           main] org.hibernate.SQL                        : insert into audit_logs (action,current_hash,details,entity_id,entity_type,performed_by,previous_hash,timestamp) values (?,?,?,?,?,?,?,?)
2026-08-21T08:39:35.618+05:30 DEBUG 29208 --- [demo] [           main] org.hibernate.SQL                        : select t1_0.id,t1_0.created_at,t1_0.description,t1_0.original_eligibility_text,t1_0.title,t1_0.trial_code from trials t1_0 where t1_0.id=?
2026-08-21T08:39:35.619+05:30 DEBUG 29208 --- [demo] [           main] org.hibernate.SQL                        : select p1_0.id,p1_0.canonical_patient_id,p1_0.consent_status,p1_0.created_at,p1_0.date_of_birth,p1_0.email,p1_0.first_name,p1_0.gender,p1_0.last_name,p1_0.phone,p1_0.updated_at from patients p1_0 where p1_0.id=?
2026-08-21T08:39:35.621+05:30 DEBUG 29208 --- [demo] [           main] org.hibernate.SQL                        : select tm1_0.id,tm1_0.matched_at,tm1_0.patient_id,tm1_0.review_notes,tm1_0.status,tm1_0.trial_id from trial_matches tm1_0 where tm1_0.trial_id=? and tm1_0.patient_id=?
2026-08-21T08:39:35.622+05:30 DEBUG 29208 --- [demo] [           main] org.hibernate.SQL                        : select c1_0.trial_id,c1_0.id,c1_0.clinical_field,c1_0.criterion_type,c1_0.description,c1_0.max_value,c1_0.min_value,c1_0.operator,c1_0.reviewed_by_human,c1_0.unit,c1_0.value from trial_criteria c1_0 where c1_0.trial_id=?
2026-08-21T08:39:35.624+05:30 DEBUG 29208 --- [demo] [           main] org.hibernate.SQL                        : select ce1_0.id,ce1_0.code,ce1_0.created_at,ce1_0.display_name,ce1_0.event_timestamp,ce1_0.event_type,ce1_0.numeric_value,ce1_0.patient_id,ce1_0.raw_fhir_json,ce1_0.source_record_id,ce1_0.source_system,ce1_0.unit,ce1_0.value from clinical_events ce1_0 where ce1_0.patient_id=? and ce1_0.event_type=? order by ce1_0.event_timestamp desc
2026-08-21T08:39:35.626+05:30 DEBUG 29208 --- [demo] [           main] org.hibernate.SQL                        : select ce1_0.id,ce1_0.code,ce1_0.created_at,ce1_0.display_name,ce1_0.event_timestamp,ce1_0.event_type,ce1_0.numeric_value,ce1_0.patient_id,ce1_0.raw_fhir_json,ce1_0.source_record_id,ce1_0.source_system,ce1_0.unit,ce1_0.value from clinical_events ce1_0 where ce1_0.patient_id=? and ce1_0.event_type=? order by ce1_0.event_timestamp desc
2026-08-21T08:39:35.628+05:30 DEBUG 29208 --- [demo] [           main] org.hibernate.SQL                        : select ce1_0.id,ce1_0.code,ce1_0.created_at,ce1_0.display_name,ce1_0.event_timestamp,ce1_0.event_type,ce1_0.numeric_value,ce1_0.patient_id,ce1_0.raw_fhir_json,ce1_0.source_record_id,ce1_0.source_system,ce1_0.unit,ce1_0.value from clinical_events ce1_0 where ce1_0.patient_id=? and ce1_0.event_type=? order by ce1_0.event_timestamp desc
2026-08-21T08:39:35.629+05:30 DEBUG 29208 --- [demo] [           main] org.hibernate.SQL                        : insert into trial_matches (matched_at,patient_id,review_notes,status,trial_id) values (?,?,?,?,?)
2026-08-21T08:39:35.631+05:30 DEBUG 29208 --- [demo] [           main] org.hibernate.SQL                        : insert into criterion_results (clinical_event_id,criterion_id,explanation,gap_description,gap_to_pass,patient_value,status,trial_match_id) values (?,?,?,?,?,?,?,?)
2026-08-21T08:39:35.632+05:30 DEBUG 29208 --- [demo] [           main] org.hibernate.SQL                        : insert into criterion_results (clinical_event_id,criterion_id,explanation,gap_description,gap_to_pass,patient_value,status,trial_match_id) values (?,?,?,?,?,?,?,?)
2026-08-21T08:39:35.632+05:30 DEBUG 29208 --- [demo] [           main] org.hibernate.SQL                        : insert into criterion_results (clinical_event_id,criterion_id,explanation,gap_description,gap_to_pass,patient_value,status,trial_match_id) values (?,?,?,?,?,?,?,?)
2026-08-21T08:39:35.633+05:30 DEBUG 29208 --- [demo] [           main] org.hibernate.SQL                        : insert into criterion_results (clinical_event_id,criterion_id,explanation,gap_description,gap_to_pass,patient_value,status,trial_match_id) values (?,?,?,?,?,?,?,?)
2026-08-21T08:39:35.635+05:30 DEBUG 29208 --- [demo] [           main] org.hibernate.SQL                        : select al1_0.id,al1_0.action,al1_0.current_hash,al1_0.details,al1_0.entity_id,al1_0.entity_type,al1_0.performed_by,al1_0.previous_hash,al1_0.timestamp from audit_logs al1_0 order by al1_0.id desc limit ?
2026-08-21T08:39:35.636+05:30 DEBUG 29208 --- [demo] [           main] org.hibernate.SQL                        : insert into audit_logs (action,current_hash,details,entity_id,entity_type,performed_by,previous_hash,timestamp) values (?,?,?,?,?,?,?,?)
2026-08-21T08:39:35.642+05:30 DEBUG 29208 --- [demo] [           main] org.hibernate.SQL                        : select t1_0.id,t1_0.created_at,t1_0.description,t1_0.original_eligibility_text,t1_0.title,t1_0.trial_code from trials t1_0 where t1_0.id=?
2026-08-21T08:39:35.643+05:30 DEBUG 29208 --- [demo] [           main] org.hibernate.SQL                        : select p1_0.id,p1_0.canonical_patient_id,p1_0.consent_status,p1_0.created_at,p1_0.date_of_birth,p1_0.email,p1_0.first_name,p1_0.gender,p1_0.last_name,p1_0.phone,p1_0.updated_at from patients p1_0 where p1_0.id=?
2026-08-21T08:39:35.645+05:30 DEBUG 29208 --- [demo] [           main] org.hibernate.SQL                        : select tm1_0.id,tm1_0.matched_at,tm1_0.patient_id,tm1_0.review_notes,tm1_0.status,tm1_0.trial_id from trial_matches tm1_0 where tm1_0.trial_id=? and tm1_0.patient_id=?
2026-08-21T08:39:35.646+05:30 DEBUG 29208 --- [demo] [           main] org.hibernate.SQL                        : select c1_0.trial_id,c1_0.id,c1_0.clinical_field,c1_0.criterion_type,c1_0.description,c1_0.max_value,c1_0.min_value,c1_0.operator,c1_0.reviewed_by_human,c1_0.unit,c1_0.value from trial_criteria c1_0 where c1_0.trial_id=?
2026-08-21T08:39:35.648+05:30 DEBUG 29208 --- [demo] [           main] org.hibernate.SQL                        : select ce1_0.id,ce1_0.code,ce1_0.created_at,ce1_0.display_name,ce1_0.event_timestamp,ce1_0.event_type,ce1_0.numeric_value,ce1_0.patient_id,ce1_0.raw_fhir_json,ce1_0.source_record_id,ce1_0.source_system,ce1_0.unit,ce1_0.value from clinical_events ce1_0 where ce1_0.patient_id=? and ce1_0.event_type=? order by ce1_0.event_timestamp desc
2026-08-21T08:39:35.650+05:30 DEBUG 29208 --- [demo] [           main] org.hibernate.SQL                        : select ce1_0.id,ce1_0.code,ce1_0.created_at,ce1_0.display_name,ce1_0.event_timestamp,ce1_0.event_type,ce1_0.numeric_value,ce1_0.patient_id,ce1_0.raw_fhir_json,ce1_0.source_record_id,ce1_0.source_system,ce1_0.unit,ce1_0.value from clinical_events ce1_0 where ce1_0.patient_id=? and ce1_0.event_type=? order by ce1_0.event_timestamp desc
2026-08-21T08:39:35.652+05:30 DEBUG 29208 --- [demo] [           main] org.hibernate.SQL                        : select ce1_0.id,ce1_0.code,ce1_0.created_at,ce1_0.display_name,ce1_0.event_timestamp,ce1_0.event_type,ce1_0.numeric_value,ce1_0.patient_id,ce1_0.raw_fhir_json,ce1_0.source_record_id,ce1_0.source_system,ce1_0.unit,ce1_0.value from clinical_events ce1_0 where ce1_0.patient_id=? and ce1_0.event_type=? order by ce1_0.event_timestamp desc
2026-08-21T08:39:35.653+05:30 DEBUG 29208 --- [demo] [           main] org.hibernate.SQL                        : insert into trial_matches (matched_at,patient_id,review_notes,status,trial_id) values (?,?,?,?,?)
2026-08-21T08:39:35.654+05:30 DEBUG 29208 --- [demo] [           main] org.hibernate.SQL                        : insert into criterion_results (clinical_event_id,criterion_id,explanation,gap_description,gap_to_pass,patient_value,status,trial_match_id) values (?,?,?,?,?,?,?,?)
2026-08-21T08:39:35.655+05:30 DEBUG 29208 --- [demo] [           main] org.hibernate.SQL                        : insert into criterion_results (clinical_event_id,criterion_id,explanation,gap_description,gap_to_pass,patient_value,status,trial_match_id) values (?,?,?,?,?,?,?,?)
2026-08-21T08:39:35.655+05:30 DEBUG 29208 --- [demo] [           main] org.hibernate.SQL                        : insert into criterion_results (clinical_event_id,criterion_id,explanation,gap_description,gap_to_pass,patient_value,status,trial_match_id) values (?,?,?,?,?,?,?,?)
2026-08-21T08:39:35.656+05:30 DEBUG 29208 --- [demo] [           main] org.hibernate.SQL                        : insert into criterion_results (clinical_event_id,criterion_id,explanation,gap_description,gap_to_pass,patient_value,status,trial_match_id) values (?,?,?,?,?,?,?,?)
2026-08-21T08:39:35.659+05:30 DEBUG 29208 --- [demo] [           main] org.hibernate.SQL                        : select al1_0.id,al1_0.action,al1_0.current_hash,al1_0.details,al1_0.entity_id,al1_0.entity_type,al1_0.performed_by,al1_0.previous_hash,al1_0.timestamp from audit_logs al1_0 order by al1_0.id desc limit ?
2026-08-21T08:39:35.661+05:30 DEBUG 29208 --- [demo] [           main] org.hibernate.SQL                        : insert into audit_logs (action,current_hash,details,entity_id,entity_type,performed_by,previous_hash,timestamp) values (?,?,?,?,?,?,?,?)
2026-08-21T08:39:35.664+05:30 DEBUG 29208 --- [demo] [           main] org.hibernate.SQL                        : select t1_0.id,t1_0.created_at,t1_0.description,t1_0.original_eligibility_text,t1_0.title,t1_0.trial_code from trials t1_0 where t1_0.id=?
2026-08-21T08:39:35.665+05:30 DEBUG 29208 --- [demo] [           main] org.hibernate.SQL                        : select p1_0.id,p1_0.canonical_patient_id,p1_0.consent_status,p1_0.created_at,p1_0.date_of_birth,p1_0.email,p1_0.first_name,p1_0.gender,p1_0.last_name,p1_0.phone,p1_0.updated_at from patients p1_0 where p1_0.id=?
2026-08-21T08:39:35.668+05:30 DEBUG 29208 --- [demo] [           main] org.hibernate.SQL                        : select tm1_0.id,tm1_0.matched_at,tm1_0.patient_id,tm1_0.review_notes,tm1_0.status,tm1_0.trial_id from trial_matches tm1_0 where tm1_0.trial_id=? and tm1_0.patient_id=?
2026-08-21T08:39:35.668+05:30 DEBUG 29208 --- [demo] [           main] org.hibernate.SQL                        : select c1_0.trial_id,c1_0.id,c1_0.clinical_field,c1_0.criterion_type,c1_0.description,c1_0.max_value,c1_0.min_value,c1_0.operator,c1_0.reviewed_by_human,c1_0.unit,c1_0.value from trial_criteria c1_0 where c1_0.trial_id=?
2026-08-21T08:39:35.670+05:30 DEBUG 29208 --- [demo] [           main] org.hibernate.SQL                        : select ce1_0.id,ce1_0.code,ce1_0.created_at,ce1_0.display_name,ce1_0.event_timestamp,ce1_0.event_type,ce1_0.numeric_value,ce1_0.patient_id,ce1_0.raw_fhir_json,ce1_0.source_record_id,ce1_0.source_system,ce1_0.unit,ce1_0.value from clinical_events ce1_0 where ce1_0.patient_id=? and ce1_0.event_type=? order by ce1_0.event_timestamp desc
2026-08-21T08:39:35.672+05:30 DEBUG 29208 --- [demo] [           main] org.hibernate.SQL                        : select ce1_0.id,ce1_0.code,ce1_0.created_at,ce1_0.display_name,ce1_0.event_timestamp,ce1_0.event_type,ce1_0.numeric_value,ce1_0.patient_id,ce1_0.raw_fhir_json,ce1_0.source_record_id,ce1_0.source_system,ce1_0.unit,ce1_0.value from clinical_events ce1_0 where ce1_0.patient_id=? and ce1_0.event_type=? order by ce1_0.event_timestamp desc
2026-08-21T08:39:35.675+05:30 DEBUG 29208 --- [demo] [           main] org.hibernate.SQL                        : select ce1_0.id,ce1_0.code,ce1_0.created_at,ce1_0.display_name,ce1_0.event_timestamp,ce1_0.event_type,ce1_0.numeric_value,ce1_0.patient_id,ce1_0.raw_fhir_json,ce1_0.source_record_id,ce1_0.source_system,ce1_0.unit,ce1_0.value from clinical_events ce1_0 where ce1_0.patient_id=? and ce1_0.event_type=? order by ce1_0.event_timestamp desc
2026-08-21T08:39:35.676+05:30 DEBUG 29208 --- [demo] [           main] org.hibernate.SQL                        : insert into trial_matches (matched_at,patient_id,review_notes,status,trial_id) values (?,?,?,?,?)
2026-08-21T08:39:35.677+05:30 DEBUG 29208 --- [demo] [           main] org.hibernate.SQL                        : insert into criterion_results (clinical_event_id,criterion_id,explanation,gap_description,gap_to_pass,patient_value,status,trial_match_id) values (?,?,?,?,?,?,?,?)
2026-08-21T08:39:35.678+05:30 DEBUG 29208 --- [demo] [           main] org.hibernate.SQL                        : insert into criterion_results (clinical_event_id,criterion_id,explanation,gap_description,gap_to_pass,patient_value,status,trial_match_id) values (?,?,?,?,?,?,?,?)
2026-08-21T08:39:35.679+05:30 DEBUG 29208 --- [demo] [           main] org.hibernate.SQL                        : insert into criterion_results (clinical_event_id,criterion_id,explanation,gap_description,gap_to_pass,patient_value,status,trial_match_id) values (?,?,?,?,?,?,?,?)
2026-08-21T08:39:35.680+05:30 DEBUG 29208 --- [demo] [           main] org.hibernate.SQL                        : insert into criterion_results (clinical_event_id,criterion_id,explanation,gap_description,gap_to_pass,patient_value,status,trial_match_id) values (?,?,?,?,?,?,?,?)
2026-08-21T08:39:35.682+05:30 DEBUG 29208 --- [demo] [           main] org.hibernate.SQL                        : select al1_0.id,al1_0.action,al1_0.current_hash,al1_0.details,al1_0.entity_id,al1_0.entity_type,al1_0.performed_by,al1_0.previous_hash,al1_0.timestamp from audit_logs al1_0 order by al1_0.id desc limit ?
2026-08-21T08:39:35.683+05:30 DEBUG 29208 --- [demo] [           main] org.hibernate.SQL                        : insert into audit_logs (action,current_hash,details,entity_id,entity_type,performed_by,previous_hash,timestamp) values (?,?,?,?,?,?,?,?)
2026-08-21T08:39:35.687+05:30 DEBUG 29208 --- [demo] [           main] org.hibernate.SQL                        : select t1_0.id,t1_0.created_at,t1_0.description,t1_0.original_eligibility_text,t1_0.title,t1_0.trial_code from trials t1_0 where t1_0.id=?
2026-08-21T08:39:35.689+05:30 DEBUG 29208 --- [demo] [           main] org.hibernate.SQL                        : select p1_0.id,p1_0.canonical_patient_id,p1_0.consent_status,p1_0.created_at,p1_0.date_of_birth,p1_0.email,p1_0.first_name,p1_0.gender,p1_0.last_name,p1_0.phone,p1_0.updated_at from patients p1_0 where p1_0.id=?
2026-08-21T08:39:35.691+05:30 DEBUG 29208 --- [demo] [           main] org.hibernate.SQL                        : select tm1_0.id,tm1_0.matched_at,tm1_0.patient_id,tm1_0.review_notes,tm1_0.status,tm1_0.trial_id from trial_matches tm1_0 where tm1_0.trial_id=? and tm1_0.patient_id=?
2026-08-21T08:39:35.693+05:30 DEBUG 29208 --- [demo] [           main] org.hibernate.SQL                        : select c1_0.trial_id,c1_0.id,c1_0.clinical_field,c1_0.criterion_type,c1_0.description,c1_0.max_value,c1_0.min_value,c1_0.operator,c1_0.reviewed_by_human,c1_0.unit,c1_0.value from trial_criteria c1_0 where c1_0.trial_id=?
2026-08-21T08:39:35.694+05:30 DEBUG 29208 --- [demo] [           main] org.hibernate.SQL                        : select ce1_0.id,ce1_0.code,ce1_0.created_at,ce1_0.display_name,ce1_0.event_timestamp,ce1_0.event_type,ce1_0.numeric_value,ce1_0.patient_id,ce1_0.raw_fhir_json,ce1_0.source_record_id,ce1_0.source_system,ce1_0.unit,ce1_0.value from clinical_events ce1_0 where ce1_0.patient_id=? and ce1_0.event_type=? order by ce1_0.event_timestamp desc
2026-08-21T08:39:35.696+05:30 DEBUG 29208 --- [demo] [           main] org.hibernate.SQL                        : select ce1_0.id,ce1_0.code,ce1_0.created_at,ce1_0.display_name,ce1_0.event_timestamp,ce1_0.event_type,ce1_0.numeric_value,ce1_0.patient_id,ce1_0.raw_fhir_json,ce1_0.source_record_id,ce1_0.source_system,ce1_0.unit,ce1_0.value from clinical_events ce1_0 where ce1_0.patient_id=? and ce1_0.event_type=? order by ce1_0.event_timestamp desc
2026-08-21T08:39:35.697+05:30 DEBUG 29208 --- [demo] [           main] org.hibernate.SQL                        : insert into trial_matches (matched_at,patient_id,review_notes,status,trial_id) values (?,?,?,?,?)
2026-08-21T08:39:35.699+05:30 DEBUG 29208 --- [demo] [           main] org.hibernate.SQL                        : insert into criterion_results (clinical_event_id,criterion_id,explanation,gap_description,gap_to_pass,patient_value,status,trial_match_id) values (?,?,?,?,?,?,?,?)
2026-08-21T08:39:35.700+05:30 DEBUG 29208 --- [demo] [           main] org.hibernate.SQL                        : insert into criterion_results (clinical_event_id,criterion_id,explanation,gap_description,gap_to_pass,patient_value,status,trial_match_id) values (?,?,?,?,?,?,?,?)
2026-08-21T08:39:35.700+05:30 DEBUG 29208 --- [demo] [           main] org.hibernate.SQL                        : insert into criterion_results (clinical_event_id,criterion_id,explanation,gap_description,gap_to_pass,patient_value,status,trial_match_id) values (?,?,?,?,?,?,?,?)
2026-08-21T08:39:35.702+05:30 DEBUG 29208 --- [demo] [           main] org.hibernate.SQL                        : select al1_0.id,al1_0.action,al1_0.current_hash,al1_0.details,al1_0.entity_id,al1_0.entity_type,al1_0.performed_by,al1_0.previous_hash,al1_0.timestamp from audit_logs al1_0 order by al1_0.id desc limit ?
2026-08-21T08:39:35.703+05:30 DEBUG 29208 --- [demo] [           main] org.hibernate.SQL                        : insert into audit_logs (action,current_hash,details,entity_id,entity_type,performed_by,previous_hash,timestamp) values (?,?,?,?,?,?,?,?)
2026-08-21T08:39:35.708+05:30 DEBUG 29208 --- [demo] [           main] org.hibernate.SQL                        : select t1_0.id,t1_0.created_at,t1_0.description,t1_0.original_eligibility_text,t1_0.title,t1_0.trial_code from trials t1_0 where t1_0.id=?
2026-08-21T08:39:35.710+05:30 DEBUG 29208 --- [demo] [           main] org.hibernate.SQL                        : select p1_0.id,p1_0.canonical_patient_id,p1_0.consent_status,p1_0.created_at,p1_0.date_of_birth,p1_0.email,p1_0.first_name,p1_0.gender,p1_0.last_name,p1_0.phone,p1_0.updated_at from patients p1_0 where p1_0.id=?
2026-08-21T08:39:35.712+05:30 DEBUG 29208 --- [demo] [           main] org.hibernate.SQL                        : select tm1_0.id,tm1_0.matched_at,tm1_0.patient_id,tm1_0.review_notes,tm1_0.status,tm1_0.trial_id from trial_matches tm1_0 where tm1_0.trial_id=? and tm1_0.patient_id=?
2026-08-21T08:39:35.713+05:30 DEBUG 29208 --- [demo] [           main] org.hibernate.SQL                        : select c1_0.trial_id,c1_0.id,c1_0.clinical_field,c1_0.criterion_type,c1_0.description,c1_0.max_value,c1_0.min_value,c1_0.operator,c1_0.reviewed_by_human,c1_0.unit,c1_0.value from trial_criteria c1_0 where c1_0.trial_id=?
2026-08-21T08:39:35.714+05:30 DEBUG 29208 --- [demo] [           main] org.hibernate.SQL                        : select ce1_0.id,ce1_0.code,ce1_0.created_at,ce1_0.display_name,ce1_0.event_timestamp,ce1_0.event_type,ce1_0.numeric_value,ce1_0.patient_id,ce1_0.raw_fhir_json,ce1_0.source_record_id,ce1_0.source_system,ce1_0.unit,ce1_0.value from clinical_events ce1_0 where ce1_0.patient_id=? and ce1_0.event_type=? order by ce1_0.event_timestamp desc
2026-08-21T08:39:35.716+05:30 DEBUG 29208 --- [demo] [           main] org.hibernate.SQL                        : select ce1_0.id,ce1_0.code,ce1_0.created_at,ce1_0.display_name,ce1_0.event_timestamp,ce1_0.event_type,ce1_0.numeric_value,ce1_0.patient_id,ce1_0.raw_fhir_json,ce1_0.source_record_id,ce1_0.source_system,ce1_0.unit,ce1_0.value from clinical_events ce1_0 where ce1_0.patient_id=? and ce1_0.event_type=? order by ce1_0.event_timestamp desc
2026-08-21T08:39:35.717+05:30 DEBUG 29208 --- [demo] [           main] org.hibernate.SQL                        : insert into trial_matches (matched_at,patient_id,review_notes,status,trial_id) values (?,?,?,?,?)
2026-08-21T08:39:35.718+05:30 DEBUG 29208 --- [demo] [           main] org.hibernate.SQL                        : insert into criterion_results (clinical_event_id,criterion_id,explanation,gap_description,gap_to_pass,patient_value,status,trial_match_id) values (?,?,?,?,?,?,?,?)
2026-08-21T08:39:35.719+05:30 DEBUG 29208 --- [demo] [           main] org.hibernate.SQL                        : insert into criterion_results (clinical_event_id,criterion_id,explanation,gap_description,gap_to_pass,patient_value,status,trial_match_id) values (?,?,?,?,?,?,?,?)
2026-08-21T08:39:35.720+05:30 DEBUG 29208 --- [demo] [           main] org.hibernate.SQL                        : insert into criterion_results (clinical_event_id,criterion_id,explanation,gap_description,gap_to_pass,patient_value,status,trial_match_id) values (?,?,?,?,?,?,?,?)
2026-08-21T08:39:35.722+05:30 DEBUG 29208 --- [demo] [           main] org.hibernate.SQL                        : select al1_0.id,al1_0.action,al1_0.current_hash,al1_0.details,al1_0.entity_id,al1_0.entity_type,al1_0.performed_by,al1_0.previous_hash,al1_0.timestamp from audit_logs al1_0 order by al1_0.id desc limit ?
2026-08-21T08:39:35.723+05:30 DEBUG 29208 --- [demo] [           main] org.hibernate.SQL                        : insert into audit_logs (action,current_hash,details,entity_id,entity_type,performed_by,previous_hash,timestamp) values (?,?,?,?,?,?,?,?)
2026-08-21T08:39:35.729+05:30  INFO 29208 --- [demo] [           main] c.c.assistant.service.DemoDataSeeder     : Demo data seeding completed
2026-08-21T08:39:35.730+05:30 DEBUG 29208 --- [demo] [           main] o.s.b.a.ApplicationAvailabilityBean      : Application availability state ReadinessState changed to ACCEPTING_TRAFFIC
2026-08-21T08:39:49.880+05:30  INFO 29208 --- [demo] [nio-8081-exec-1] o.a.c.c.C.[Tomcat].[localhost].[/]       : Initializing Spring DispatcherServlet 'dispatcherServlet'
2026-08-21T08:39:49.891+05:30  INFO 29208 --- [demo] [nio-8081-exec-1] o.s.web.servlet.DispatcherServlet        : Initializing Servlet 'dispatcherServlet'
2026-08-21T08:39:49.892+05:30 DEBUG 29208 --- [demo] [nio-8081-exec-1] o.s.web.servlet.DispatcherServlet        : Detected StandardServletMultipartResolver
2026-08-21T08:39:49.893+05:30 DEBUG 29208 --- [demo] [nio-8081-exec-1] o.s.web.servlet.DispatcherServlet        : Detected AcceptHeaderLocaleResolver
2026-08-21T08:39:49.893+05:30 DEBUG 29208 --- [demo] [nio-8081-exec-1] o.s.web.servlet.DispatcherServlet        : Detected FixedThemeResolver
2026-08-21T08:39:49.894+05:30 DEBUG 29208 --- [demo] [nio-8081-exec-1] o.s.web.servlet.DispatcherServlet        : Detected org.springframework.web.servlet.view.DefaultRequestToViewNameTranslator@619cdd5e
2026-08-21T08:39:49.895+05:30 DEBUG 29208 --- [demo] [nio-8081-exec-1] o.s.web.servlet.DispatcherServlet        : Detected org.springframework.web.servlet.support.SessionFlashMapManager@4fa7df5c
2026-08-21T08:39:49.895+05:30 DEBUG 29208 --- [demo] [nio-8081-exec-1] o.s.web.servlet.DispatcherServlet        : enableLoggingRequestDetails='false': request parameters and headers will be masked to prevent unsafe logging of potentially sensitive data
2026-08-21T08:39:49.895+05:30  INFO 29208 --- [demo] [nio-8081-exec-1] o.s.web.servlet.DispatcherServlet        : Completed initialization in 3 ms
2026-08-21T08:39:49.909+05:30 DEBUG 29208 --- [demo] [nio-8081-exec-1] o.s.web.servlet.DispatcherServlet        : GET "/api/trials", parameters={}
2026-08-21T08:39:49.915+05:30 DEBUG 29208 --- [demo] [nio-8081-exec-1] s.w.s.m.m.a.RequestMappingHandlerMapping : Mapped to com.clinicaltrial.assistant.controller.TrialController#getAll()
2026-08-21T08:39:49.928+05:30 DEBUG 29208 --- [demo] [nio-8081-exec-1] org.hibernate.SQL                        : select t1_0.id,t1_0.created_at,t1_0.description,t1_0.original_eligibility_text,t1_0.title,t1_0.trial_code from trials t1_0
2026-08-21T08:39:49.931+05:30 DEBUG 29208 --- [demo] [nio-8081-exec-1] org.hibernate.SQL                        : select c1_0.trial_id,c1_0.id,c1_0.clinical_field,c1_0.criterion_type,c1_0.description,c1_0.max_value,c1_0.min_value,c1_0.operator,c1_0.reviewed_by_human,c1_0.unit,c1_0.value from trial_criteria c1_0 where c1_0.trial_id=?
2026-08-21T08:39:49.934+05:30 DEBUG 29208 --- [demo] [nio-8081-exec-1] org.hibernate.SQL                        : select c1_0.trial_id,c1_0.id,c1_0.clinical_field,c1_0.criterion_type,c1_0.description,c1_0.max_value,c1_0.min_value,c1_0.operator,c1_0.reviewed_by_human,c1_0.unit,c1_0.value from trial_criteria c1_0 where c1_0.trial_id=?
2026-08-21T08:39:49.935+05:30 DEBUG 29208 --- [demo] [nio-8081-exec-1] org.hibernate.SQL                        : select c1_0.trial_id,c1_0.id,c1_0.clinical_field,c1_0.criterion_type,c1_0.description,c1_0.max_value,c1_0.min_value,c1_0.operator,c1_0.reviewed_by_human,c1_0.unit,c1_0.value from trial_criteria c1_0 where c1_0.trial_id=?
2026-08-21T08:39:49.949+05:30 DEBUG 29208 --- [demo] [nio-8081-exec-1] o.s.w.s.m.m.a.HttpEntityMethodProcessor  : Using 'application/json', given [*/*] and supported [application/json, application/*+json]
2026-08-21T08:39:49.953+05:30 DEBUG 29208 --- [demo] [nio-8081-exec-1] o.s.w.s.m.m.a.HttpEntityMethodProcessor  : Writing [[TrialDTO(id=1, title=Type 2 Diabetes Management Study, trialCode=TRIAL-DM2-001, description=A rando (truncated)...]
2026-08-21T08:39:49.995+05:30 DEBUG 29208 --- [demo] [nio-8081-exec-1] o.s.web.servlet.DispatcherServlet        : Completed 200 OK
2026-08-21T08:39:54.062+05:30 DEBUG 29208 --- [demo] [nio-8081-exec-2] o.s.web.servlet.DispatcherServlet        : POST "/api/trials/1/confirm-and-screen", parameters={masked}
2026-08-21T08:39:54.063+05:30 DEBUG 29208 --- [demo] [nio-8081-exec-2] s.w.s.m.m.a.RequestMappingHandlerMapping : Mapped to com.clinicaltrial.assistant.controller.TrialController#confirmAndScreen(Long)
2026-08-21T08:39:54.072+05:30 DEBUG 29208 --- [demo] [nio-8081-exec-2] org.hibernate.SQL                        : select t1_0.id,t1_0.created_at,t1_0.description,t1_0.original_eligibility_text,t1_0.title,t1_0.trial_code from trials t1_0 where t1_0.id=?
2026-08-21T08:39:54.073+05:30 DEBUG 29208 --- [demo] [nio-8081-exec-2] org.hibernate.SQL                        : select c1_0.trial_id,c1_0.id,c1_0.clinical_field,c1_0.criterion_type,c1_0.description,c1_0.max_value,c1_0.min_value,c1_0.operator,c1_0.reviewed_by_human,c1_0.unit,c1_0.value from trial_criteria c1_0 where c1_0.trial_id=?
2026-08-21T08:39:54.078+05:30 DEBUG 29208 --- [demo] [nio-8081-exec-2] org.hibernate.SQL                        : select al1_0.id,al1_0.action,al1_0.current_hash,al1_0.details,al1_0.entity_id,al1_0.entity_type,al1_0.performed_by,al1_0.previous_hash,al1_0.timestamp from audit_logs al1_0 order by al1_0.id desc limit ?
2026-08-21T08:39:54.080+05:30 DEBUG 29208 --- [demo] [nio-8081-exec-2] org.hibernate.SQL                        : insert into audit_logs (action,current_hash,details,entity_id,entity_type,performed_by,previous_hash,timestamp) values (?,?,?,?,?,?,?,?)
2026-08-21T08:39:54.085+05:30 DEBUG 29208 --- [demo] [nio-8081-exec-2] org.hibernate.SQL                        : update trial_criteria set clinical_field=?,criterion_type=?,description=?,max_value=?,min_value=?,operator=?,reviewed_by_human=?,trial_id=?,unit=?,value=? where id=?
2026-08-21T08:39:54.087+05:30 DEBUG 29208 --- [demo] [nio-8081-exec-2] org.hibernate.SQL                        : update trial_criteria set clinical_field=?,criterion_type=?,description=?,max_value=?,min_value=?,operator=?,reviewed_by_human=?,trial_id=?,unit=?,value=? where id=?
2026-08-21T08:39:54.088+05:30 DEBUG 29208 --- [demo] [nio-8081-exec-2] org.hibernate.SQL                        : update trial_criteria set clinical_field=?,criterion_type=?,description=?,max_value=?,min_value=?,operator=?,reviewed_by_human=?,trial_id=?,unit=?,value=? where id=?
2026-08-21T08:39:54.089+05:30 DEBUG 29208 --- [demo] [nio-8081-exec-2] org.hibernate.SQL                        : update trial_criteria set clinical_field=?,criterion_type=?,description=?,max_value=?,min_value=?,operator=?,reviewed_by_human=?,trial_id=?,unit=?,value=? where id=?
2026-08-21T08:39:54.096+05:30 DEBUG 29208 --- [demo] [nio-8081-exec-2] org.hibernate.SQL                        : select p1_0.id,p1_0.canonical_patient_id,p1_0.consent_status,p1_0.created_at,p1_0.date_of_birth,p1_0.email,p1_0.first_name,p1_0.gender,p1_0.last_name,p1_0.phone,p1_0.updated_at from patients p1_0
2026-08-21T08:39:54.100+05:30 DEBUG 29208 --- [demo] [nio-8081-exec-2] org.hibernate.SQL                        : select tm1_0.id,tm1_0.matched_at,tm1_0.patient_id,tm1_0.review_notes,tm1_0.status,tm1_0.trial_id from trial_matches tm1_0 where tm1_0.trial_id=? and tm1_0.patient_id=?
2026-08-21T08:39:54.102+05:30 DEBUG 29208 --- [demo] [nio-8081-exec-2] org.hibernate.SQL                        : select cr1_0.trial_match_id,cr1_0.id,cr1_0.clinical_event_id,cr1_0.criterion_id,cr1_0.explanation,cr1_0.gap_description,cr1_0.gap_to_pass,cr1_0.patient_value,cr1_0.status from criterion_results cr1_0 where cr1_0.trial_match_id=?
2026-08-21T08:39:54.104+05:30 DEBUG 29208 --- [demo] [nio-8081-exec-2] org.hibernate.SQL                        : insert into criterion_results (clinical_event_id,criterion_id,explanation,gap_description,gap_to_pass,patient_value,status,trial_match_id) values (?,?,?,?,?,?,?,?)
2026-08-21T08:39:54.109+05:30 DEBUG 29208 --- [demo] [nio-8081-exec-2] org.hibernate.SQL                        : select ce1_0.id,ce1_0.code,ce1_0.created_at,ce1_0.display_name,ce1_0.event_timestamp,ce1_0.event_type,ce1_0.numeric_value,ce1_0.patient_id,ce1_0.raw_fhir_json,ce1_0.source_record_id,ce1_0.source_system,ce1_0.unit,ce1_0.value from clinical_events ce1_0 where ce1_0.patient_id=? and ce1_0.event_type=? order by ce1_0.event_timestamp desc
2026-08-21T08:39:54.112+05:30 DEBUG 29208 --- [demo] [nio-8081-exec-2] org.hibernate.SQL                        : insert into criterion_results (clinical_event_id,criterion_id,explanation,gap_description,gap_to_pass,patient_value,status,trial_match_id) values (?,?,?,?,?,?,?,?)
2026-08-21T08:39:54.114+05:30 DEBUG 29208 --- [demo] [nio-8081-exec-2] org.hibernate.SQL                        : select ce1_0.id,ce1_0.code,ce1_0.created_at,ce1_0.display_name,ce1_0.event_timestamp,ce1_0.event_type,ce1_0.numeric_value,ce1_0.patient_id,ce1_0.raw_fhir_json,ce1_0.source_record_id,ce1_0.source_system,ce1_0.unit,ce1_0.value from clinical_events ce1_0 where ce1_0.patient_id=? and ce1_0.event_type=? order by ce1_0.event_timestamp desc
2026-08-21T08:39:54.116+05:30 DEBUG 29208 --- [demo] [nio-8081-exec-2] org.hibernate.SQL                        : insert into criterion_results (clinical_event_id,criterion_id,explanation,gap_description,gap_to_pass,patient_value,status,trial_match_id) values (?,?,?,?,?,?,?,?)
2026-08-21T08:39:54.118+05:30 DEBUG 29208 --- [demo] [nio-8081-exec-2] org.hibernate.SQL                        : select ce1_0.id,ce1_0.code,ce1_0.created_at,ce1_0.display_name,ce1_0.event_timestamp,ce1_0.event_type,ce1_0.numeric_value,ce1_0.patient_id,ce1_0.raw_fhir_json,ce1_0.source_record_id,ce1_0.source_system,ce1_0.unit,ce1_0.value from clinical_events ce1_0 where ce1_0.patient_id=? and ce1_0.event_type=? order by ce1_0.event_timestamp desc
2026-08-21T08:39:54.120+05:30 DEBUG 29208 --- [demo] [nio-8081-exec-2] org.hibernate.SQL                        : insert into criterion_results (clinical_event_id,criterion_id,explanation,gap_description,gap_to_pass,patient_value,status,trial_match_id) values (?,?,?,?,?,?,?,?)
2026-08-21T08:39:54.123+05:30 DEBUG 29208 --- [demo] [nio-8081-exec-2] org.hibernate.SQL                        : select al1_0.id,al1_0.action,al1_0.current_hash,al1_0.details,al1_0.entity_id,al1_0.entity_type,al1_0.performed_by,al1_0.previous_hash,al1_0.timestamp from audit_logs al1_0 order by al1_0.id desc limit ?
2026-08-21T08:39:54.125+05:30 DEBUG 29208 --- [demo] [nio-8081-exec-2] org.hibernate.SQL                        : insert into audit_logs (action,current_hash,details,entity_id,entity_type,performed_by,previous_hash,timestamp) values (?,?,?,?,?,?,?,?)
2026-08-21T08:39:54.128+05:30 DEBUG 29208 --- [demo] [nio-8081-exec-2] org.hibernate.SQL                        : select tm1_0.id,tm1_0.matched_at,tm1_0.patient_id,tm1_0.review_notes,tm1_0.status,tm1_0.trial_id from trial_matches tm1_0 where tm1_0.trial_id=? and tm1_0.patient_id=?
2026-08-21T08:39:54.130+05:30 DEBUG 29208 --- [demo] [nio-8081-exec-2] org.hibernate.SQL                        : select cr1_0.trial_match_id,cr1_0.id,cr1_0.clinical_event_id,cr1_0.criterion_id,cr1_0.explanation,cr1_0.gap_description,cr1_0.gap_to_pass,cr1_0.patient_value,cr1_0.status from criterion_results cr1_0 where cr1_0.trial_match_id=?
2026-08-21T08:39:54.131+05:30 DEBUG 29208 --- [demo] [nio-8081-exec-2] org.hibernate.SQL                        : insert into criterion_results (clinical_event_id,criterion_id,explanation,gap_description,gap_to_pass,patient_value,status,trial_match_id) values (?,?,?,?,?,?,?,?)
2026-08-21T08:39:54.133+05:30 DEBUG 29208 --- [demo] [nio-8081-exec-2] org.hibernate.SQL                        : select ce1_0.id,ce1_0.code,ce1_0.created_at,ce1_0.display_name,ce1_0.event_timestamp,ce1_0.event_type,ce1_0.numeric_value,ce1_0.patient_id,ce1_0.raw_fhir_json,ce1_0.source_record_id,ce1_0.source_system,ce1_0.unit,ce1_0.value from clinical_events ce1_0 where ce1_0.patient_id=? and ce1_0.event_type=? order by ce1_0.event_timestamp desc
2026-08-21T08:39:54.135+05:30 DEBUG 29208 --- [demo] [nio-8081-exec-2] org.hibernate.SQL                        : insert into criterion_results (clinical_event_id,criterion_id,explanation,gap_description,gap_to_pass,patient_value,status,trial_match_id) values (?,?,?,?,?,?,?,?)
2026-08-21T08:39:54.137+05:30 DEBUG 29208 --- [demo] [nio-8081-exec-2] org.hibernate.SQL                        : select ce1_0.id,ce1_0.code,ce1_0.created_at,ce1_0.display_name,ce1_0.event_timestamp,ce1_0.event_type,ce1_0.numeric_value,ce1_0.patient_id,ce1_0.raw_fhir_json,ce1_0.source_record_id,ce1_0.source_system,ce1_0.unit,ce1_0.value from clinical_events ce1_0 where ce1_0.patient_id=? and ce1_0.event_type=? order by ce1_0.event_timestamp desc
2026-08-21T08:39:54.139+05:30 DEBUG 29208 --- [demo] [nio-8081-exec-2] org.hibernate.SQL                        : insert into criterion_results (clinical_event_id,criterion_id,explanation,gap_description,gap_to_pass,patient_value,status,trial_match_id) values (?,?,?,?,?,?,?,?)
2026-08-21T08:39:54.141+05:30 DEBUG 29208 --- [demo] [nio-8081-exec-2] org.hibernate.SQL                        : select ce1_0.id,ce1_0.code,ce1_0.created_at,ce1_0.display_name,ce1_0.event_timestamp,ce1_0.event_type,ce1_0.numeric_value,ce1_0.patient_id,ce1_0.raw_fhir_json,ce1_0.source_record_id,ce1_0.source_system,ce1_0.unit,ce1_0.value from clinical_events ce1_0 where ce1_0.patient_id=? and ce1_0.event_type=? order by ce1_0.event_timestamp desc
2026-08-21T08:39:54.143+05:30 DEBUG 29208 --- [demo] [nio-8081-exec-2] org.hibernate.SQL                        : insert into criterion_results (clinical_event_id,criterion_id,explanation,gap_description,gap_to_pass,patient_value,status,trial_match_id) values (?,?,?,?,?,?,?,?)
2026-08-21T08:39:54.146+05:30 DEBUG 29208 --- [demo] [nio-8081-exec-2] org.hibernate.SQL                        : select al1_0.id,al1_0.action,al1_0.current_hash,al1_0.details,al1_0.entity_id,al1_0.entity_type,al1_0.performed_by,al1_0.previous_hash,al1_0.timestamp from audit_logs al1_0 order by al1_0.id desc limit ?
2026-08-21T08:39:54.147+05:30 DEBUG 29208 --- [demo] [nio-8081-exec-2] org.hibernate.SQL                        : insert into audit_logs (action,current_hash,details,entity_id,entity_type,performed_by,previous_hash,timestamp) values (?,?,?,?,?,?,?,?)
2026-08-21T08:39:54.150+05:30 DEBUG 29208 --- [demo] [nio-8081-exec-2] org.hibernate.SQL                        : select tm1_0.id,tm1_0.matched_at,tm1_0.patient_id,tm1_0.review_notes,tm1_0.status,tm1_0.trial_id from trial_matches tm1_0 where tm1_0.trial_id=? and tm1_0.patient_id=?
2026-08-21T08:39:54.150+05:30 DEBUG 29208 --- [demo] [nio-8081-exec-2] org.hibernate.SQL                        : select cr1_0.trial_match_id,cr1_0.id,cr1_0.clinical_event_id,cr1_0.criterion_id,cr1_0.explanation,cr1_0.gap_description,cr1_0.gap_to_pass,cr1_0.patient_value,cr1_0.status from criterion_results cr1_0 where cr1_0.trial_match_id=?
2026-08-21T08:39:54.153+05:30 DEBUG 29208 --- [demo] [nio-8081-exec-2] org.hibernate.SQL                        : insert into criterion_results (clinical_event_id,criterion_id,explanation,gap_description,gap_to_pass,patient_value,status,trial_match_id) values (?,?,?,?,?,?,?,?)
2026-08-21T08:39:54.155+05:30 DEBUG 29208 --- [demo] [nio-8081-exec-2] org.hibernate.SQL                        : select ce1_0.id,ce1_0.code,ce1_0.created_at,ce1_0.display_name,ce1_0.event_timestamp,ce1_0.event_type,ce1_0.numeric_value,ce1_0.patient_id,ce1_0.raw_fhir_json,ce1_0.source_record_id,ce1_0.source_system,ce1_0.unit,ce1_0.value from clinical_events ce1_0 where ce1_0.patient_id=? and ce1_0.event_type=? order by ce1_0.event_timestamp desc
2026-08-21T08:39:54.156+05:30 DEBUG 29208 --- [demo] [nio-8081-exec-2] org.hibernate.SQL                        : insert into criterion_results (clinical_event_id,criterion_id,explanation,gap_description,gap_to_pass,patient_value,status,trial_match_id) values (?,?,?,?,?,?,?,?)
2026-08-21T08:39:54.158+05:30 DEBUG 29208 --- [demo] [nio-8081-exec-2] org.hibernate.SQL                        : select ce1_0.id,ce1_0.code,ce1_0.created_at,ce1_0.display_name,ce1_0.event_timestamp,ce1_0.event_type,ce1_0.numeric_value,ce1_0.patient_id,ce1_0.raw_fhir_json,ce1_0.source_record_id,ce1_0.source_system,ce1_0.unit,ce1_0.value from clinical_events ce1_0 where ce1_0.patient_id=? and ce1_0.event_type=? order by ce1_0.event_timestamp desc
2026-08-21T08:39:54.160+05:30 DEBUG 29208 --- [demo] [nio-8081-exec-2] org.hibernate.SQL                        : insert into criterion_results (clinical_event_id,criterion_id,explanation,gap_description,gap_to_pass,patient_value,status,trial_match_id) values (?,?,?,?,?,?,?,?)
2026-08-21T08:39:54.162+05:30 DEBUG 29208 --- [demo] [nio-8081-exec-2] org.hibernate.SQL                        : select ce1_0.id,ce1_0.code,ce1_0.created_at,ce1_0.display_name,ce1_0.event_timestamp,ce1_0.event_type,ce1_0.numeric_value,ce1_0.patient_id,ce1_0.raw_fhir_json,ce1_0.source_record_id,ce1_0.source_system,ce1_0.unit,ce1_0.value from clinical_events ce1_0 where ce1_0.patient_id=? and ce1_0.event_type=? order by ce1_0.event_timestamp desc
2026-08-21T08:39:54.163+05:30 DEBUG 29208 --- [demo] [nio-8081-exec-2] org.hibernate.SQL                        : insert into criterion_results (clinical_event_id,criterion_id,explanation,gap_description,gap_to_pass,patient_value,status,trial_match_id) values (?,?,?,?,?,?,?,?)
2026-08-21T08:39:54.166+05:30 DEBUG 29208 --- [demo] [nio-8081-exec-2] org.hibernate.SQL                        : select al1_0.id,al1_0.action,al1_0.current_hash,al1_0.details,al1_0.entity_id,al1_0.entity_type,al1_0.performed_by,al1_0.previous_hash,al1_0.timestamp from audit_logs al1_0 order by al1_0.id desc limit ?
2026-08-21T08:39:54.167+05:30 DEBUG 29208 --- [demo] [nio-8081-exec-2] org.hibernate.SQL                        : insert into audit_logs (action,current_hash,details,entity_id,entity_type,performed_by,previous_hash,timestamp) values (?,?,?,?,?,?,?,?)
2026-08-21T08:39:54.170+05:30 DEBUG 29208 --- [demo] [nio-8081-exec-2] org.hibernate.SQL                        : select tm1_0.id,tm1_0.matched_at,tm1_0.patient_id,tm1_0.review_notes,tm1_0.status,tm1_0.trial_id from trial_matches tm1_0 where tm1_0.trial_id=? and tm1_0.patient_id=?
2026-08-21T08:39:54.171+05:30 DEBUG 29208 --- [demo] [nio-8081-exec-2] org.hibernate.SQL                        : select cr1_0.trial_match_id,cr1_0.id,cr1_0.clinical_event_id,cr1_0.criterion_id,cr1_0.explanation,cr1_0.gap_description,cr1_0.gap_to_pass,cr1_0.patient_value,cr1_0.status from criterion_results cr1_0 where cr1_0.trial_match_id=?
2026-08-21T08:39:54.173+05:30 DEBUG 29208 --- [demo] [nio-8081-exec-2] org.hibernate.SQL                        : insert into criterion_results (clinical_event_id,criterion_id,explanation,gap_description,gap_to_pass,patient_value,status,trial_match_id) values (?,?,?,?,?,?,?,?)
2026-08-21T08:39:54.174+05:30 DEBUG 29208 --- [demo] [nio-8081-exec-2] org.hibernate.SQL                        : select ce1_0.id,ce1_0.code,ce1_0.created_at,ce1_0.display_name,ce1_0.event_timestamp,ce1_0.event_type,ce1_0.numeric_value,ce1_0.patient_id,ce1_0.raw_fhir_json,ce1_0.source_record_id,ce1_0.source_system,ce1_0.unit,ce1_0.value from clinical_events ce1_0 where ce1_0.patient_id=? and ce1_0.event_type=? order by ce1_0.event_timestamp desc
2026-08-21T08:39:54.176+05:30 DEBUG 29208 --- [demo] [nio-8081-exec-2] org.hibernate.SQL                        : insert into criterion_results (clinical_event_id,criterion_id,explanation,gap_description,gap_to_pass,patient_value,status,trial_match_id) values (?,?,?,?,?,?,?,?)
2026-08-21T08:39:54.178+05:30 DEBUG 29208 --- [demo] [nio-8081-exec-2] org.hibernate.SQL                        : select ce1_0.id,ce1_0.code,ce1_0.created_at,ce1_0.display_name,ce1_0.event_timestamp,ce1_0.event_type,ce1_0.numeric_value,ce1_0.patient_id,ce1_0.raw_fhir_json,ce1_0.source_record_id,ce1_0.source_system,ce1_0.unit,ce1_0.value from clinical_events ce1_0 where ce1_0.patient_id=? and ce1_0.event_type=? order by ce1_0.event_timestamp desc
2026-08-21T08:39:54.180+05:30 DEBUG 29208 --- [demo] [nio-8081-exec-2] org.hibernate.SQL                        : insert into criterion_results (clinical_event_id,criterion_id,explanation,gap_description,gap_to_pass,patient_value,status,trial_match_id) values (?,?,?,?,?,?,?,?)
2026-08-21T08:39:54.182+05:30 DEBUG 29208 --- [demo] [nio-8081-exec-2] org.hibernate.SQL                        : select ce1_0.id,ce1_0.code,ce1_0.created_at,ce1_0.display_name,ce1_0.event_timestamp,ce1_0.event_type,ce1_0.numeric_value,ce1_0.patient_id,ce1_0.raw_fhir_json,ce1_0.source_record_id,ce1_0.source_system,ce1_0.unit,ce1_0.value from clinical_events ce1_0 where ce1_0.patient_id=? and ce1_0.event_type=? order by ce1_0.event_timestamp desc
2026-08-21T08:39:54.184+05:30 DEBUG 29208 --- [demo] [nio-8081-exec-2] org.hibernate.SQL                        : insert into criterion_results (clinical_event_id,criterion_id,explanation,gap_description,gap_to_pass,patient_value,status,trial_match_id) values (?,?,?,?,?,?,?,?)
2026-08-21T08:39:54.187+05:30 DEBUG 29208 --- [demo] [nio-8081-exec-2] org.hibernate.SQL                        : select al1_0.id,al1_0.action,al1_0.current_hash,al1_0.details,al1_0.entity_id,al1_0.entity_type,al1_0.performed_by,al1_0.previous_hash,al1_0.timestamp from audit_logs al1_0 order by al1_0.id desc limit ?
2026-08-21T08:39:54.187+05:30 DEBUG 29208 --- [demo] [nio-8081-exec-2] org.hibernate.SQL                        : insert into audit_logs (action,current_hash,details,entity_id,entity_type,performed_by,previous_hash,timestamp) values (?,?,?,?,?,?,?,?)
2026-08-21T08:39:54.190+05:30 DEBUG 29208 --- [demo] [nio-8081-exec-2] org.hibernate.SQL                        : select tm1_0.id,tm1_0.matched_at,tm1_0.patient_id,tm1_0.review_notes,tm1_0.status,tm1_0.trial_id from trial_matches tm1_0 where tm1_0.trial_id=? and tm1_0.patient_id=?
2026-08-21T08:39:54.191+05:30 DEBUG 29208 --- [demo] [nio-8081-exec-2] org.hibernate.SQL                        : select cr1_0.trial_match_id,cr1_0.id,cr1_0.clinical_event_id,cr1_0.criterion_id,cr1_0.explanation,cr1_0.gap_description,cr1_0.gap_to_pass,cr1_0.patient_value,cr1_0.status from criterion_results cr1_0 where cr1_0.trial_match_id=?
2026-08-21T08:39:54.194+05:30 DEBUG 29208 --- [demo] [nio-8081-exec-2] org.hibernate.SQL                        : insert into criterion_results (clinical_event_id,criterion_id,explanation,gap_description,gap_to_pass,patient_value,status,trial_match_id) values (?,?,?,?,?,?,?,?)
2026-08-21T08:39:54.196+05:30 DEBUG 29208 --- [demo] [nio-8081-exec-2] org.hibernate.SQL                        : select ce1_0.id,ce1_0.code,ce1_0.created_at,ce1_0.display_name,ce1_0.event_timestamp,ce1_0.event_type,ce1_0.numeric_value,ce1_0.patient_id,ce1_0.raw_fhir_json,ce1_0.source_record_id,ce1_0.source_system,ce1_0.unit,ce1_0.value from clinical_events ce1_0 where ce1_0.patient_id=? and ce1_0.event_type=? order by ce1_0.event_timestamp desc
2026-08-21T08:39:54.198+05:30 DEBUG 29208 --- [demo] [nio-8081-exec-2] org.hibernate.SQL                        : insert into criterion_results (clinical_event_id,criterion_id,explanation,gap_description,gap_to_pass,patient_value,status,trial_match_id) values (?,?,?,?,?,?,?,?)
2026-08-21T08:39:54.200+05:30 DEBUG 29208 --- [demo] [nio-8081-exec-2] org.hibernate.SQL                        : select ce1_0.id,ce1_0.code,ce1_0.created_at,ce1_0.display_name,ce1_0.event_timestamp,ce1_0.event_type,ce1_0.numeric_value,ce1_0.patient_id,ce1_0.raw_fhir_json,ce1_0.source_record_id,ce1_0.source_system,ce1_0.unit,ce1_0.value from clinical_events ce1_0 where ce1_0.patient_id=? and ce1_0.event_type=? order by ce1_0.event_timestamp desc
2026-08-21T08:39:54.202+05:30 DEBUG 29208 --- [demo] [nio-8081-exec-2] org.hibernate.SQL                        : insert into criterion_results (clinical_event_id,criterion_id,explanation,gap_description,gap_to_pass,patient_value,status,trial_match_id) values (?,?,?,?,?,?,?,?)
2026-08-21T08:39:54.205+05:30 DEBUG 29208 --- [demo] [nio-8081-exec-2] org.hibernate.SQL                        : select ce1_0.id,ce1_0.code,ce1_0.created_at,ce1_0.display_name,ce1_0.event_timestamp,ce1_0.event_type,ce1_0.numeric_value,ce1_0.patient_id,ce1_0.raw_fhir_json,ce1_0.source_record_id,ce1_0.source_system,ce1_0.unit,ce1_0.value from clinical_events ce1_0 where ce1_0.patient_id=? and ce1_0.event_type=? order by ce1_0.event_timestamp desc
2026-08-21T08:39:54.206+05:30 DEBUG 29208 --- [demo] [nio-8081-exec-2] org.hibernate.SQL                        : insert into criterion_results (clinical_event_id,criterion_id,explanation,gap_description,gap_to_pass,patient_value,status,trial_match_id) values (?,?,?,?,?,?,?,?)
2026-08-21T08:39:54.209+05:30 DEBUG 29208 --- [demo] [nio-8081-exec-2] org.hibernate.SQL                        : select al1_0.id,al1_0.action,al1_0.current_hash,al1_0.details,al1_0.entity_id,al1_0.entity_type,al1_0.performed_by,al1_0.previous_hash,al1_0.timestamp from audit_logs al1_0 order by al1_0.id desc limit ?
2026-08-21T08:39:54.210+05:30 DEBUG 29208 --- [demo] [nio-8081-exec-2] org.hibernate.SQL                        : insert into audit_logs (action,current_hash,details,entity_id,entity_type,performed_by,previous_hash,timestamp) values (?,?,?,?,?,?,?,?)
2026-08-21T08:39:54.214+05:30 DEBUG 29208 --- [demo] [nio-8081-exec-2] org.hibernate.SQL                        : select tm1_0.id,tm1_0.matched_at,tm1_0.patient_id,tm1_0.review_notes,tm1_0.status,tm1_0.trial_id from trial_matches tm1_0 where tm1_0.trial_id=? and tm1_0.patient_id=?
2026-08-21T08:39:54.216+05:30 DEBUG 29208 --- [demo] [nio-8081-exec-2] org.hibernate.SQL                        : select ce1_0.id,ce1_0.code,ce1_0.created_at,ce1_0.display_name,ce1_0.event_timestamp,ce1_0.event_type,ce1_0.numeric_value,ce1_0.patient_id,ce1_0.raw_fhir_json,ce1_0.source_record_id,ce1_0.source_system,ce1_0.unit,ce1_0.value from clinical_events ce1_0 where ce1_0.patient_id=? and ce1_0.event_type=? order by ce1_0.event_timestamp desc
2026-08-21T08:39:54.218+05:30 DEBUG 29208 --- [demo] [nio-8081-exec-2] org.hibernate.SQL                        : select ce1_0.id,ce1_0.code,ce1_0.created_at,ce1_0.display_name,ce1_0.event_timestamp,ce1_0.event_type,ce1_0.numeric_value,ce1_0.patient_id,ce1_0.raw_fhir_json,ce1_0.source_record_id,ce1_0.source_system,ce1_0.unit,ce1_0.value from clinical_events ce1_0 where ce1_0.patient_id=? and ce1_0.event_type=? order by ce1_0.event_timestamp desc
2026-08-21T08:39:54.221+05:30 DEBUG 29208 --- [demo] [nio-8081-exec-2] org.hibernate.SQL                        : select ce1_0.id,ce1_0.code,ce1_0.created_at,ce1_0.display_name,ce1_0.event_timestamp,ce1_0.event_type,ce1_0.numeric_value,ce1_0.patient_id,ce1_0.raw_fhir_json,ce1_0.source_record_id,ce1_0.source_system,ce1_0.unit,ce1_0.value from clinical_events ce1_0 where ce1_0.patient_id=? and ce1_0.event_type=? order by ce1_0.event_timestamp desc
2026-08-21T08:39:54.223+05:30 DEBUG 29208 --- [demo] [nio-8081-exec-2] org.hibernate.SQL                        : insert into trial_matches (matched_at,patient_id,review_notes,status,trial_id) values (?,?,?,?,?)
2026-08-21T08:39:54.224+05:30 DEBUG 29208 --- [demo] [nio-8081-exec-2] org.hibernate.SQL                        : insert into criterion_results (clinical_event_id,criterion_id,explanation,gap_description,gap_to_pass,patient_value,status,trial_match_id) values (?,?,?,?,?,?,?,?)
2026-08-21T08:39:54.225+05:30 DEBUG 29208 --- [demo] [nio-8081-exec-2] org.hibernate.SQL                        : insert into criterion_results (clinical_event_id,criterion_id,explanation,gap_description,gap_to_pass,patient_value,status,trial_match_id) values (?,?,?,?,?,?,?,?)
2026-08-21T08:39:54.226+05:30 DEBUG 29208 --- [demo] [nio-8081-exec-2] org.hibernate.SQL                        : insert into criterion_results (clinical_event_id,criterion_id,explanation,gap_description,gap_to_pass,patient_value,status,trial_match_id) values (?,?,?,?,?,?,?,?)
2026-08-21T08:39:54.227+05:30 DEBUG 29208 --- [demo] [nio-8081-exec-2] org.hibernate.SQL                        : insert into criterion_results (clinical_event_id,criterion_id,explanation,gap_description,gap_to_pass,patient_value,status,trial_match_id) values (?,?,?,?,?,?,?,?)
2026-08-21T08:39:54.230+05:30 DEBUG 29208 --- [demo] [nio-8081-exec-2] org.hibernate.SQL                        : select al1_0.id,al1_0.action,al1_0.current_hash,al1_0.details,al1_0.entity_id,al1_0.entity_type,al1_0.performed_by,al1_0.previous_hash,al1_0.timestamp from audit_logs al1_0 order by al1_0.id desc limit ?
2026-08-21T08:39:54.231+05:30 DEBUG 29208 --- [demo] [nio-8081-exec-2] org.hibernate.SQL                        : insert into audit_logs (action,current_hash,details,entity_id,entity_type,performed_by,previous_hash,timestamp) values (?,?,?,?,?,?,?,?)
2026-08-21T08:39:54.234+05:30 DEBUG 29208 --- [demo] [nio-8081-exec-2] org.hibernate.SQL                        : select tm1_0.id,tm1_0.matched_at,tm1_0.patient_id,tm1_0.review_notes,tm1_0.status,tm1_0.trial_id from trial_matches tm1_0 where tm1_0.trial_id=? and tm1_0.patient_id=?
2026-08-21T08:39:54.236+05:30 DEBUG 29208 --- [demo] [nio-8081-exec-2] org.hibernate.SQL                        : select ce1_0.id,ce1_0.code,ce1_0.created_at,ce1_0.display_name,ce1_0.event_timestamp,ce1_0.event_type,ce1_0.numeric_value,ce1_0.patient_id,ce1_0.raw_fhir_json,ce1_0.source_record_id,ce1_0.source_system,ce1_0.unit,ce1_0.value from clinical_events ce1_0 where ce1_0.patient_id=? and ce1_0.event_type=? order by ce1_0.event_timestamp desc
2026-08-21T08:39:54.238+05:30 DEBUG 29208 --- [demo] [nio-8081-exec-2] org.hibernate.SQL                        : select ce1_0.id,ce1_0.code,ce1_0.created_at,ce1_0.display_name,ce1_0.event_timestamp,ce1_0.event_type,ce1_0.numeric_value,ce1_0.patient_id,ce1_0.raw_fhir_json,ce1_0.source_record_id,ce1_0.source_system,ce1_0.unit,ce1_0.value from clinical_events ce1_0 where ce1_0.patient_id=? and ce1_0.event_type=? order by ce1_0.event_timestamp desc
2026-08-21T08:39:54.240+05:30 DEBUG 29208 --- [demo] [nio-8081-exec-2] org.hibernate.SQL                        : select ce1_0.id,ce1_0.code,ce1_0.created_at,ce1_0.display_name,ce1_0.event_timestamp,ce1_0.event_type,ce1_0.numeric_value,ce1_0.patient_id,ce1_0.raw_fhir_json,ce1_0.source_record_id,ce1_0.source_system,ce1_0.unit,ce1_0.value from clinical_events ce1_0 where ce1_0.patient_id=? and ce1_0.event_type=? order by ce1_0.event_timestamp desc
2026-08-21T08:39:54.241+05:30 DEBUG 29208 --- [demo] [nio-8081-exec-2] org.hibernate.SQL                        : insert into trial_matches (matched_at,patient_id,review_notes,status,trial_id) values (?,?,?,?,?)
2026-08-21T08:39:54.242+05:30 DEBUG 29208 --- [demo] [nio-8081-exec-2] org.hibernate.SQL                        : insert into criterion_results (clinical_event_id,criterion_id,explanation,gap_description,gap_to_pass,patient_value,status,trial_match_id) values (?,?,?,?,?,?,?,?)
2026-08-21T08:39:54.244+05:30 DEBUG 29208 --- [demo] [nio-8081-exec-2] org.hibernate.SQL                        : insert into criterion_results (clinical_event_id,criterion_id,explanation,gap_description,gap_to_pass,patient_value,status,trial_match_id) values (?,?,?,?,?,?,?,?)
2026-08-21T08:39:54.244+05:30 DEBUG 29208 --- [demo] [nio-8081-exec-2] org.hibernate.SQL                        : insert into criterion_results (clinical_event_id,criterion_id,explanation,gap_description,gap_to_pass,patient_value,status,trial_match_id) values (?,?,?,?,?,?,?,?)
2026-08-21T08:39:54.246+05:30 DEBUG 29208 --- [demo] [nio-8081-exec-2] org.hibernate.SQL                        : insert into criterion_results (clinical_event_id,criterion_id,explanation,gap_description,gap_to_pass,patient_value,status,trial_match_id) values (?,?,?,?,?,?,?,?)
2026-08-21T08:39:54.248+05:30 DEBUG 29208 --- [demo] [nio-8081-exec-2] org.hibernate.SQL                        : select al1_0.id,al1_0.action,al1_0.current_hash,al1_0.details,al1_0.entity_id,al1_0.entity_type,al1_0.performed_by,al1_0.previous_hash,al1_0.timestamp from audit_logs al1_0 order by al1_0.id desc limit ?
2026-08-21T08:39:54.250+05:30 DEBUG 29208 --- [demo] [nio-8081-exec-2] org.hibernate.SQL                        : insert into audit_logs (action,current_hash,details,entity_id,entity_type,performed_by,previous_hash,timestamp) values (?,?,?,?,?,?,?,?)
2026-08-21T08:39:54.253+05:30 DEBUG 29208 --- [demo] [nio-8081-exec-2] org.hibernate.SQL                        : select tm1_0.id,tm1_0.matched_at,tm1_0.patient_id,tm1_0.review_notes,tm1_0.status,tm1_0.trial_id from trial_matches tm1_0 where tm1_0.trial_id=? and tm1_0.patient_id=?
2026-08-21T08:39:54.256+05:30 DEBUG 29208 --- [demo] [nio-8081-exec-2] org.hibernate.SQL                        : select ce1_0.id,ce1_0.code,ce1_0.created_at,ce1_0.display_name,ce1_0.event_timestamp,ce1_0.event_type,ce1_0.numeric_value,ce1_0.patient_id,ce1_0.raw_fhir_json,ce1_0.source_record_id,ce1_0.source_system,ce1_0.unit,ce1_0.value from clinical_events ce1_0 where ce1_0.patient_id=? and ce1_0.event_type=? order by ce1_0.event_timestamp desc
2026-08-21T08:39:54.257+05:30 DEBUG 29208 --- [demo] [nio-8081-exec-2] org.hibernate.SQL                        : select ce1_0.id,ce1_0.code,ce1_0.created_at,ce1_0.display_name,ce1_0.event_timestamp,ce1_0.event_type,ce1_0.numeric_value,ce1_0.patient_id,ce1_0.raw_fhir_json,ce1_0.source_record_id,ce1_0.source_system,ce1_0.unit,ce1_0.value from clinical_events ce1_0 where ce1_0.patient_id=? and ce1_0.event_type=? order by ce1_0.event_timestamp desc
2026-08-21T08:39:54.260+05:30 DEBUG 29208 --- [demo] [nio-8081-exec-2] org.hibernate.SQL                        : select ce1_0.id,ce1_0.code,ce1_0.created_at,ce1_0.display_name,ce1_0.event_timestamp,ce1_0.event_type,ce1_0.numeric_value,ce1_0.patient_id,ce1_0.raw_fhir_json,ce1_0.source_record_id,ce1_0.source_system,ce1_0.unit,ce1_0.value from clinical_events ce1_0 where ce1_0.patient_id=? and ce1_0.event_type=? order by ce1_0.event_timestamp desc
2026-08-21T08:39:54.262+05:30 DEBUG 29208 --- [demo] [nio-8081-exec-2] org.hibernate.SQL                        : insert into trial_matches (matched_at,patient_id,review_notes,status,trial_id) values (?,?,?,?,?)
2026-08-21T08:39:54.263+05:30 DEBUG 29208 --- [demo] [nio-8081-exec-2] org.hibernate.SQL                        : insert into criterion_results (clinical_event_id,criterion_id,explanation,gap_description,gap_to_pass,patient_value,status,trial_match_id) values (?,?,?,?,?,?,?,?)
2026-08-21T08:39:54.263+05:30 DEBUG 29208 --- [demo] [nio-8081-exec-2] org.hibernate.SQL                        : insert into criterion_results (clinical_event_id,criterion_id,explanation,gap_description,gap_to_pass,patient_value,status,trial_match_id) values (?,?,?,?,?,?,?,?)
2026-08-21T08:39:54.264+05:30 DEBUG 29208 --- [demo] [nio-8081-exec-2] org.hibernate.SQL                        : insert into criterion_results (clinical_event_id,criterion_id,explanation,gap_description,gap_to_pass,patient_value,status,trial_match_id) values (?,?,?,?,?,?,?,?)
2026-08-21T08:39:54.265+05:30 DEBUG 29208 --- [demo] [nio-8081-exec-2] org.hibernate.SQL                        : insert into criterion_results (clinical_event_id,criterion_id,explanation,gap_description,gap_to_pass,patient_value,status,trial_match_id) values (?,?,?,?,?,?,?,?)
2026-08-21T08:39:54.267+05:30 DEBUG 29208 --- [demo] [nio-8081-exec-2] org.hibernate.SQL                        : select al1_0.id,al1_0.action,al1_0.current_hash,al1_0.details,al1_0.entity_id,al1_0.entity_type,al1_0.performed_by,al1_0.previous_hash,al1_0.timestamp from audit_logs al1_0 order by al1_0.id desc limit ?
2026-08-21T08:39:54.268+05:30 DEBUG 29208 --- [demo] [nio-8081-exec-2] org.hibernate.SQL                        : insert into audit_logs (action,current_hash,details,entity_id,entity_type,performed_by,previous_hash,timestamp) values (?,?,?,?,?,?,?,?)
2026-08-21T08:39:54.270+05:30 DEBUG 29208 --- [demo] [nio-8081-exec-2] org.hibernate.SQL                        : select tm1_0.id,tm1_0.matched_at,tm1_0.patient_id,tm1_0.review_notes,tm1_0.status,tm1_0.trial_id from trial_matches tm1_0 where tm1_0.trial_id=? and tm1_0.patient_id=?
2026-08-21T08:39:54.272+05:30 DEBUG 29208 --- [demo] [nio-8081-exec-2] org.hibernate.SQL                        : select cr1_0.trial_match_id,cr1_0.id,cr1_0.clinical_event_id,cr1_0.criterion_id,cr1_0.explanation,cr1_0.gap_description,cr1_0.gap_to_pass,cr1_0.patient_value,cr1_0.status from criterion_results cr1_0 where cr1_0.trial_match_id=?
2026-08-21T08:39:54.273+05:30 DEBUG 29208 --- [demo] [nio-8081-exec-2] org.hibernate.SQL                        : insert into criterion_results (clinical_event_id,criterion_id,explanation,gap_description,gap_to_pass,patient_value,status,trial_match_id) values (?,?,?,?,?,?,?,?)
2026-08-21T08:39:54.275+05:30 DEBUG 29208 --- [demo] [nio-8081-exec-2] org.hibernate.SQL                        : select ce1_0.id,ce1_0.code,ce1_0.created_at,ce1_0.display_name,ce1_0.event_timestamp,ce1_0.event_type,ce1_0.numeric_value,ce1_0.patient_id,ce1_0.raw_fhir_json,ce1_0.source_record_id,ce1_0.source_system,ce1_0.unit,ce1_0.value from clinical_events ce1_0 where ce1_0.patient_id=? and ce1_0.event_type=? order by ce1_0.event_timestamp desc
2026-08-21T08:39:54.277+05:30 DEBUG 29208 --- [demo] [nio-8081-exec-2] org.hibernate.SQL                        : insert into criterion_results (clinical_event_id,criterion_id,explanation,gap_description,gap_to_pass,patient_value,status,trial_match_id) values (?,?,?,?,?,?,?,?)
2026-08-21T08:39:54.279+05:30 DEBUG 29208 --- [demo] [nio-8081-exec-2] org.hibernate.SQL                        : select ce1_0.id,ce1_0.code,ce1_0.created_at,ce1_0.display_name,ce1_0.event_timestamp,ce1_0.event_type,ce1_0.numeric_value,ce1_0.patient_id,ce1_0.raw_fhir_json,ce1_0.source_record_id,ce1_0.source_system,ce1_0.unit,ce1_0.value from clinical_events ce1_0 where ce1_0.patient_id=? and ce1_0.event_type=? order by ce1_0.event_timestamp desc
2026-08-21T08:39:54.281+05:30 DEBUG 29208 --- [demo] [nio-8081-exec-2] org.hibernate.SQL                        : insert into criterion_results (clinical_event_id,criterion_id,explanation,gap_description,gap_to_pass,patient_value,status,trial_match_id) values (?,?,?,?,?,?,?,?)
2026-08-21T08:39:54.283+05:30 DEBUG 29208 --- [demo] [nio-8081-exec-2] org.hibernate.SQL                        : select ce1_0.id,ce1_0.code,ce1_0.created_at,ce1_0.display_name,ce1_0.event_timestamp,ce1_0.event_type,ce1_0.numeric_value,ce1_0.patient_id,ce1_0.raw_fhir_json,ce1_0.source_record_id,ce1_0.source_system,ce1_0.unit,ce1_0.value from clinical_events ce1_0 where ce1_0.patient_id=? and ce1_0.event_type=? order by ce1_0.event_timestamp desc
2026-08-21T08:39:54.284+05:30 DEBUG 29208 --- [demo] [nio-8081-exec-2] org.hibernate.SQL                        : insert into criterion_results (clinical_event_id,criterion_id,explanation,gap_description,gap_to_pass,patient_value,status,trial_match_id) values (?,?,?,?,?,?,?,?)
2026-08-21T08:39:54.286+05:30 DEBUG 29208 --- [demo] [nio-8081-exec-2] org.hibernate.SQL                        : select al1_0.id,al1_0.action,al1_0.current_hash,al1_0.details,al1_0.entity_id,al1_0.entity_type,al1_0.performed_by,al1_0.previous_hash,al1_0.timestamp from audit_logs al1_0 order by al1_0.id desc limit ?
2026-08-21T08:39:54.288+05:30 DEBUG 29208 --- [demo] [nio-8081-exec-2] org.hibernate.SQL                        : insert into audit_logs (action,current_hash,details,entity_id,entity_type,performed_by,previous_hash,timestamp) values (?,?,?,?,?,?,?,?)
2026-08-21T08:39:54.290+05:30 DEBUG 29208 --- [demo] [nio-8081-exec-2] org.hibernate.SQL                        : select tm1_0.id,tm1_0.matched_at,tm1_0.patient_id,tm1_0.review_notes,tm1_0.status,tm1_0.trial_id from trial_matches tm1_0 where tm1_0.trial_id=? and tm1_0.patient_id=?
2026-08-21T08:39:54.293+05:30 DEBUG 29208 --- [demo] [nio-8081-exec-2] org.hibernate.SQL                        : select ce1_0.id,ce1_0.code,ce1_0.created_at,ce1_0.display_name,ce1_0.event_timestamp,ce1_0.event_type,ce1_0.numeric_value,ce1_0.patient_id,ce1_0.raw_fhir_json,ce1_0.source_record_id,ce1_0.source_system,ce1_0.unit,ce1_0.value from clinical_events ce1_0 where ce1_0.patient_id=? and ce1_0.event_type=? order by ce1_0.event_timestamp desc
2026-08-21T08:39:54.295+05:30 DEBUG 29208 --- [demo] [nio-8081-exec-2] org.hibernate.SQL                        : select ce1_0.id,ce1_0.code,ce1_0.created_at,ce1_0.display_name,ce1_0.event_timestamp,ce1_0.event_type,ce1_0.numeric_value,ce1_0.patient_id,ce1_0.raw_fhir_json,ce1_0.source_record_id,ce1_0.source_system,ce1_0.unit,ce1_0.value from clinical_events ce1_0 where ce1_0.patient_id=? and ce1_0.event_type=? order by ce1_0.event_timestamp desc
2026-08-21T08:39:54.298+05:30 DEBUG 29208 --- [demo] [nio-8081-exec-2] org.hibernate.SQL                        : select ce1_0.id,ce1_0.code,ce1_0.created_at,ce1_0.display_name,ce1_0.event_timestamp,ce1_0.event_type,ce1_0.numeric_value,ce1_0.patient_id,ce1_0.raw_fhir_json,ce1_0.source_record_id,ce1_0.source_system,ce1_0.unit,ce1_0.value from clinical_events ce1_0 where ce1_0.patient_id=? and ce1_0.event_type=? order by ce1_0.event_timestamp desc
2026-08-21T08:39:54.299+05:30 DEBUG 29208 --- [demo] [nio-8081-exec-2] org.hibernate.SQL                        : insert into trial_matches (matched_at,patient_id,review_notes,status,trial_id) values (?,?,?,?,?)
2026-08-21T08:39:54.300+05:30 DEBUG 29208 --- [demo] [nio-8081-exec-2] org.hibernate.SQL                        : insert into criterion_results (clinical_event_id,criterion_id,explanation,gap_description,gap_to_pass,patient_value,status,trial_match_id) values (?,?,?,?,?,?,?,?)
2026-08-21T08:39:54.302+05:30 DEBUG 29208 --- [demo] [nio-8081-exec-2] org.hibernate.SQL                        : insert into criterion_results (clinical_event_id,criterion_id,explanation,gap_description,gap_to_pass,patient_value,status,trial_match_id) values (?,?,?,?,?,?,?,?)
2026-08-21T08:39:54.303+05:30 DEBUG 29208 --- [demo] [nio-8081-exec-2] org.hibernate.SQL                        : insert into criterion_results (clinical_event_id,criterion_id,explanation,gap_description,gap_to_pass,patient_value,status,trial_match_id) values (?,?,?,?,?,?,?,?)
2026-08-21T08:39:54.303+05:30 DEBUG 29208 --- [demo] [nio-8081-exec-2] org.hibernate.SQL                        : insert into criterion_results (clinical_event_id,criterion_id,explanation,gap_description,gap_to_pass,patient_value,status,trial_match_id) values (?,?,?,?,?,?,?,?)
2026-08-21T08:39:54.305+05:30 DEBUG 29208 --- [demo] [nio-8081-exec-2] org.hibernate.SQL                        : select al1_0.id,al1_0.action,al1_0.current_hash,al1_0.details,al1_0.entity_id,al1_0.entity_type,al1_0.performed_by,al1_0.previous_hash,al1_0.timestamp from audit_logs al1_0 order by al1_0.id desc limit ?
2026-08-21T08:39:54.306+05:30 DEBUG 29208 --- [demo] [nio-8081-exec-2] org.hibernate.SQL                        : insert into audit_logs (action,current_hash,details,entity_id,entity_type,performed_by,previous_hash,timestamp) values (?,?,?,?,?,?,?,?)
2026-08-21T08:39:54.311+05:30 DEBUG 29208 --- [demo] [nio-8081-exec-2] org.hibernate.SQL                        : select tm1_0.id,tm1_0.matched_at,tm1_0.patient_id,tm1_0.review_notes,tm1_0.status,tm1_0.trial_id from trial_matches tm1_0 where tm1_0.trial_id=? and tm1_0.patient_id=?
2026-08-21T08:39:54.313+05:30 DEBUG 29208 --- [demo] [nio-8081-exec-2] org.hibernate.SQL                        : select ce1_0.id,ce1_0.code,ce1_0.created_at,ce1_0.display_name,ce1_0.event_timestamp,ce1_0.event_type,ce1_0.numeric_value,ce1_0.patient_id,ce1_0.raw_fhir_json,ce1_0.source_record_id,ce1_0.source_system,ce1_0.unit,ce1_0.value from clinical_events ce1_0 where ce1_0.patient_id=? and ce1_0.event_type=? order by ce1_0.event_timestamp desc
2026-08-21T08:39:54.315+05:30 DEBUG 29208 --- [demo] [nio-8081-exec-2] org.hibernate.SQL                        : select ce1_0.id,ce1_0.code,ce1_0.created_at,ce1_0.display_name,ce1_0.event_timestamp,ce1_0.event_type,ce1_0.numeric_value,ce1_0.patient_id,ce1_0.raw_fhir_json,ce1_0.source_record_id,ce1_0.source_system,ce1_0.unit,ce1_0.value from clinical_events ce1_0 where ce1_0.patient_id=? and ce1_0.event_type=? order by ce1_0.event_timestamp desc
2026-08-21T08:39:54.317+05:30 DEBUG 29208 --- [demo] [nio-8081-exec-2] org.hibernate.SQL                        : select ce1_0.id,ce1_0.code,ce1_0.created_at,ce1_0.display_name,ce1_0.event_timestamp,ce1_0.event_type,ce1_0.numeric_value,ce1_0.patient_id,ce1_0.raw_fhir_json,ce1_0.source_record_id,ce1_0.source_system,ce1_0.unit,ce1_0.value from clinical_events ce1_0 where ce1_0.patient_id=? and ce1_0.event_type=? order by ce1_0.event_timestamp desc
2026-08-21T08:39:54.318+05:30 DEBUG 29208 --- [demo] [nio-8081-exec-2] org.hibernate.SQL                        : insert into trial_matches (matched_at,patient_id,review_notes,status,trial_id) values (?,?,?,?,?)
2026-08-21T08:39:54.319+05:30 DEBUG 29208 --- [demo] [nio-8081-exec-2] org.hibernate.SQL                        : insert into criterion_results (clinical_event_id,criterion_id,explanation,gap_description,gap_to_pass,patient_value,status,trial_match_id) values (?,?,?,?,?,?,?,?)
2026-08-21T08:39:54.320+05:30 DEBUG 29208 --- [demo] [nio-8081-exec-2] org.hibernate.SQL                        : insert into criterion_results (clinical_event_id,criterion_id,explanation,gap_description,gap_to_pass,patient_value,status,trial_match_id) values (?,?,?,?,?,?,?,?)
2026-08-21T08:39:54.320+05:30 DEBUG 29208 --- [demo] [nio-8081-exec-2] org.hibernate.SQL                        : insert into criterion_results (clinical_event_id,criterion_id,explanation,gap_description,gap_to_pass,patient_value,status,trial_match_id) values (?,?,?,?,?,?,?,?)
2026-08-21T08:39:54.322+05:30 DEBUG 29208 --- [demo] [nio-8081-exec-2] org.hibernate.SQL                        : insert into criterion_results (clinical_event_id,criterion_id,explanation,gap_description,gap_to_pass,patient_value,status,trial_match_id) values (?,?,?,?,?,?,?,?)
2026-08-21T08:39:54.324+05:30 DEBUG 29208 --- [demo] [nio-8081-exec-2] org.hibernate.SQL                        : select al1_0.id,al1_0.action,al1_0.current_hash,al1_0.details,al1_0.entity_id,al1_0.entity_type,al1_0.performed_by,al1_0.previous_hash,al1_0.timestamp from audit_logs al1_0 order by al1_0.id desc limit ?
2026-08-21T08:39:54.325+05:30 DEBUG 29208 --- [demo] [nio-8081-exec-2] org.hibernate.SQL                        : insert into audit_logs (action,current_hash,details,entity_id,entity_type,performed_by,previous_hash,timestamp) values (?,?,?,?,?,?,?,?)
2026-08-21T08:39:54.327+05:30 DEBUG 29208 --- [demo] [nio-8081-exec-2] org.hibernate.SQL                        : select al1_0.id,al1_0.action,al1_0.current_hash,al1_0.details,al1_0.entity_id,al1_0.entity_type,al1_0.performed_by,al1_0.previous_hash,al1_0.timestamp from audit_logs al1_0 order by al1_0.id desc limit ?
2026-08-21T08:39:54.328+05:30 DEBUG 29208 --- [demo] [nio-8081-exec-2] org.hibernate.SQL                        : insert into audit_logs (action,current_hash,details,entity_id,entity_type,performed_by,previous_hash,timestamp) values (?,?,?,?,?,?,?,?)
2026-08-21T08:39:54.332+05:30 DEBUG 29208 --- [demo] [nio-8081-exec-2] org.hibernate.SQL                        : delete from criterion_results where id=?
2026-08-21T08:39:54.335+05:30 DEBUG 29208 --- [demo] [nio-8081-exec-2] org.hibernate.SQL                        : delete from criterion_results where id=?
2026-08-21T08:39:54.336+05:30 DEBUG 29208 --- [demo] [nio-8081-exec-2] org.hibernate.SQL                        : delete from criterion_results where id=?
2026-08-21T08:39:54.337+05:30 DEBUG 29208 --- [demo] [nio-8081-exec-2] org.hibernate.SQL                        : delete from criterion_results where id=?
2026-08-21T08:39:54.337+05:30 DEBUG 29208 --- [demo] [nio-8081-exec-2] org.hibernate.SQL                        : delete from criterion_results where id=?
2026-08-21T08:39:54.337+05:30 DEBUG 29208 --- [demo] [nio-8081-exec-2] org.hibernate.SQL                        : delete from criterion_results where id=?
2026-08-21T08:39:54.338+05:30 DEBUG 29208 --- [demo] [nio-8081-exec-2] org.hibernate.SQL                        : delete from criterion_results where id=?
2026-08-21T08:39:54.338+05:30 DEBUG 29208 --- [demo] [nio-8081-exec-2] org.hibernate.SQL                        : delete from criterion_results where id=?
2026-08-21T08:39:54.339+05:30 DEBUG 29208 --- [demo] [nio-8081-exec-2] org.hibernate.SQL                        : delete from criterion_results where id=?
2026-08-21T08:39:54.340+05:30 DEBUG 29208 --- [demo] [nio-8081-exec-2] org.hibernate.SQL                        : delete from criterion_results where id=?
2026-08-21T08:39:54.340+05:30 DEBUG 29208 --- [demo] [nio-8081-exec-2] org.hibernate.SQL                        : delete from criterion_results where id=?
2026-08-21T08:39:54.341+05:30 DEBUG 29208 --- [demo] [nio-8081-exec-2] org.hibernate.SQL                        : delete from criterion_results where id=?
2026-08-21T08:39:54.341+05:30 DEBUG 29208 --- [demo] [nio-8081-exec-2] org.hibernate.SQL                        : delete from criterion_results where id=?
2026-08-21T08:39:54.342+05:30 DEBUG 29208 --- [demo] [nio-8081-exec-2] org.hibernate.SQL                        : delete from criterion_results where id=?
2026-08-21T08:39:54.343+05:30 DEBUG 29208 --- [demo] [nio-8081-exec-2] org.hibernate.SQL                        : delete from criterion_results where id=?
2026-08-21T08:39:54.344+05:30 DEBUG 29208 --- [demo] [nio-8081-exec-2] org.hibernate.SQL                        : delete from criterion_results where id=?
2026-08-21T08:39:54.346+05:30 DEBUG 29208 --- [demo] [nio-8081-exec-2] org.hibernate.SQL                        : delete from criterion_results where id=?
2026-08-21T08:39:54.346+05:30 DEBUG 29208 --- [demo] [nio-8081-exec-2] org.hibernate.SQL                        : delete from criterion_results where id=?
2026-08-21T08:39:54.347+05:30 DEBUG 29208 --- [demo] [nio-8081-exec-2] org.hibernate.SQL                        : delete from criterion_results where id=?
2026-08-21T08:39:54.347+05:30 DEBUG 29208 --- [demo] [nio-8081-exec-2] org.hibernate.SQL                        : delete from criterion_results where id=?
2026-08-21T08:39:54.348+05:30 DEBUG 29208 --- [demo] [nio-8081-exec-2] org.hibernate.SQL                        : delete from criterion_results where id=?
2026-08-21T08:39:54.348+05:30 DEBUG 29208 --- [demo] [nio-8081-exec-2] org.hibernate.SQL                        : delete from criterion_results where id=?
2026-08-21T08:39:54.349+05:30 DEBUG 29208 --- [demo] [nio-8081-exec-2] org.hibernate.SQL                        : delete from criterion_results where id=?
2026-08-21T08:39:54.349+05:30 DEBUG 29208 --- [demo] [nio-8081-exec-2] org.hibernate.SQL                        : delete from criterion_results where id=?
2026-08-21T08:39:54.353+05:30 DEBUG 29208 --- [demo] [nio-8081-exec-2] o.s.w.s.m.m.a.HttpEntityMethodProcessor  : Using 'application/json', given [*/*] and supported [application/json, application/*+json]
2026-08-21T08:39:54.361+05:30 DEBUG 29208 --- [demo] [nio-8081-exec-2] o.s.w.s.m.m.a.HttpEntityMethodProcessor  : Writing [[MatchResultDTO(id=1, status=ELIGIBLE, matchedAt=2026-08-21T08:39:35.555737, reviewNotes=null, trial (truncated)...]
2026-08-21T08:39:54.365+05:30 DEBUG 29208 --- [demo] [nio-8081-exec-2] o.s.web.servlet.DispatcherServlet        : Completed 200 OK
2026-08-21T08:39:54.377+05:30 DEBUG 29208 --- [demo] [nio-8081-exec-4] o.s.web.servlet.DispatcherServlet        : GET "/api/audit-logs/verify", parameters={}
2026-08-21T08:39:54.377+05:30 DEBUG 29208 --- [demo] [nio-8081-exec-4] s.w.s.m.m.a.RequestMappingHandlerMapping : Mapped to com.clinicaltrial.assistant.controller.DashboardController#verifyAuditLogs()
2026-08-21T08:39:54.379+05:30 DEBUG 29208 --- [demo] [nio-8081-exec-4] org.hibernate.SQL                        : select al1_0.id,al1_0.action,al1_0.current_hash,al1_0.details,al1_0.entity_id,al1_0.entity_type,al1_0.performed_by,al1_0.previous_hash,al1_0.timestamp from audit_logs al1_0 order by al1_0.id
2026-08-21T08:39:54.385+05:30 DEBUG 29208 --- [demo] [nio-8081-exec-4] o.s.w.s.m.m.a.HttpEntityMethodProcessor  : Using 'application/json', given [*/*] and supported [application/json, application/*+json]
2026-08-21T08:39:54.385+05:30 DEBUG 29208 --- [demo] [nio-8081-exec-4] o.s.w.s.m.m.a.HttpEntityMethodProcessor  : Writing [{valid=true, checkedEntries=69, chainHead=5efd4aa2073545872a8df7265f74ea6ee77136b3f59c8068b5713bd903 (truncated)...]
2026-08-21T08:39:54.389+05:30 DEBUG 29208 --- [demo] [nio-8081-exec-4] o.s.web.servlet.DispatcherServlet        : Completed 200 OK
2026-08-21T08:40:44.699+05:30 DEBUG 29208 --- [demo] [nio-8081-exec-5] o.s.web.servlet.DispatcherServlet        : GET "/api/trials", parameters={}
2026-08-21T08:40:44.701+05:30 DEBUG 29208 --- [demo] [nio-8081-exec-5] s.w.s.m.m.a.RequestMappingHandlerMapping : Mapped to com.clinicaltrial.assistant.controller.TrialController#getAll()
2026-08-21T08:40:44.703+05:30 DEBUG 29208 --- [demo] [nio-8081-exec-5] org.hibernate.SQL                        : select t1_0.id,t1_0.created_at,t1_0.description,t1_0.original_eligibility_text,t1_0.title,t1_0.trial_code from trials t1_0
2026-08-21T08:40:44.705+05:30 DEBUG 29208 --- [demo] [nio-8081-exec-5] org.hibernate.SQL                        : select c1_0.trial_id,c1_0.id,c1_0.clinical_field,c1_0.criterion_type,c1_0.description,c1_0.max_value,c1_0.min_value,c1_0.operator,c1_0.reviewed_by_human,c1_0.unit,c1_0.value from trial_criteria c1_0 where c1_0.trial_id=?
2026-08-21T08:40:44.707+05:30 DEBUG 29208 --- [demo] [nio-8081-exec-5] org.hibernate.SQL                        : select c1_0.trial_id,c1_0.id,c1_0.clinical_field,c1_0.criterion_type,c1_0.description,c1_0.max_value,c1_0.min_value,c1_0.operator,c1_0.reviewed_by_human,c1_0.unit,c1_0.value from trial_criteria c1_0 where c1_0.trial_id=?
2026-08-21T08:40:44.709+05:30 DEBUG 29208 --- [demo] [nio-8081-exec-5] org.hibernate.SQL                        : select c1_0.trial_id,c1_0.id,c1_0.clinical_field,c1_0.criterion_type,c1_0.description,c1_0.max_value,c1_0.min_value,c1_0.operator,c1_0.reviewed_by_human,c1_0.unit,c1_0.value from trial_criteria c1_0 where c1_0.trial_id=?
2026-08-21T08:40:44.711+05:30 DEBUG 29208 --- [demo] [nio-8081-exec-5] o.s.w.s.m.m.a.HttpEntityMethodProcessor  : Using 'application/json', given [application/json, text/plain, */*] and supported [application/json, application/*+json]
2026-08-21T08:40:44.712+05:30 DEBUG 29208 --- [demo] [nio-8081-exec-5] o.s.w.s.m.m.a.HttpEntityMethodProcessor  : Writing [[TrialDTO(id=1, title=Type 2 Diabetes Management Study, trialCode=TRIAL-DM2-001, description=A rando (truncated)...]
2026-08-21T08:40:44.713+05:30 DEBUG 29208 --- [demo] [nio-8081-exec-5] o.s.web.servlet.DispatcherServlet        : Completed 200 OK
2026-08-21T08:40:47.850+05:30 DEBUG 29208 --- [demo] [nio-8081-exec-6] o.s.web.servlet.DispatcherServlet        : GET "/api/audit-logs?page=0&size=20", parameters={masked}
2026-08-21T08:40:47.861+05:30 DEBUG 29208 --- [demo] [nio-8081-exec-6] s.w.s.m.m.a.RequestMappingHandlerMapping : Mapped to com.clinicaltrial.assistant.controller.DashboardController#getAuditLogs(int, int)
2026-08-21T08:40:47.871+05:30 DEBUG 29208 --- [demo] [nio-8081-exec-6] org.hibernate.SQL                        : select al1_0.id,al1_0.action,al1_0.current_hash,al1_0.details,al1_0.entity_id,al1_0.entity_type,al1_0.performed_by,al1_0.previous_hash,al1_0.timestamp from audit_logs al1_0 order by al1_0.timestamp desc limit ?
2026-08-21T08:40:47.879+05:30 DEBUG 29208 --- [demo] [nio-8081-exec-6] org.hibernate.SQL                        : select count(al1_0.id) from audit_logs al1_0
2026-08-21T08:40:47.897+05:30 DEBUG 29208 --- [demo] [nio-8081-exec-6] o.s.w.s.m.m.a.HttpEntityMethodProcessor  : Using 'application/json', given [application/json, text/plain, */*] and supported [application/json, application/*+json]
2026-08-21T08:40:47.899+05:30 DEBUG 29208 --- [demo] [nio-8081-exec-6] o.s.w.s.m.m.a.HttpEntityMethodProcessor  : Writing [Page 1 of 4 containing com.clinicaltrial.assistant.model.AuditLog instances]
2026-08-21T08:40:47.912+05:30 DEBUG 29208 --- [demo] [nio-8081-exec-6] o.s.web.servlet.DispatcherServlet        : Completed 200 OK
2026-08-21T08:40:49.519+05:30 DEBUG 29208 --- [demo] [nio-8081-exec-7] o.s.web.servlet.DispatcherServlet        : GET "/api/dashboard", parameters={}
2026-08-21T08:40:49.521+05:30 DEBUG 29208 --- [demo] [nio-8081-exec-7] s.w.s.m.m.a.RequestMappingHandlerMapping : Mapped to com.clinicaltrial.assistant.controller.DashboardController#getDashboard()
2026-08-21T08:40:49.523+05:30 DEBUG 29208 --- [demo] [nio-8081-exec-7] org.hibernate.SQL                        : select ce1_0.id,ce1_0.code,ce1_0.created_at,ce1_0.display_name,ce1_0.event_timestamp,ce1_0.event_type,ce1_0.numeric_value,ce1_0.patient_id,ce1_0.raw_fhir_json,ce1_0.source_record_id,ce1_0.source_system,ce1_0.unit,ce1_0.value from clinical_events ce1_0 order by ce1_0.created_at desc limit ?
2026-08-21T08:40:49.528+05:30 DEBUG 29208 --- [demo] [nio-8081-exec-7] org.hibernate.SQL                        : select count(ce1_0.id) from clinical_events ce1_0
2026-08-21T08:40:49.537+05:30 DEBUG 29208 --- [demo] [nio-8081-exec-7] org.hibernate.SQL                        : select count(*) from patients p1_0
2026-08-21T08:40:49.541+05:30 DEBUG 29208 --- [demo] [nio-8081-exec-7] org.hibernate.SQL                        : select count(*) from clinical_events ce1_0
2026-08-21T08:40:49.544+05:30 DEBUG 29208 --- [demo] [nio-8081-exec-7] org.hibernate.SQL                        : select count(*) from trials t1_0
2026-08-21T08:40:49.550+05:30 DEBUG 29208 --- [demo] [nio-8081-exec-7] org.hibernate.SQL                        : select count(tm1_0.id) from trial_matches tm1_0 where tm1_0.status in ('POTENTIALLY_ELIGIBLE','NEEDS_REVIEW')
2026-08-21T08:40:49.551+05:30 DEBUG 29208 --- [demo] [nio-8081-exec-7] org.hibernate.SQL                        : select count(tm1_0.id) from trial_matches tm1_0 where tm1_0.status='NEEDS_REVIEW'
2026-08-21T08:40:49.553+05:30 DEBUG 29208 --- [demo] [nio-8081-exec-7] org.hibernate.SQL                        : select count(p1_0.id) from patients p1_0 where p1_0.created_at>?
2026-08-21T08:40:49.556+05:30 DEBUG 29208 --- [demo] [nio-8081-exec-7] org.hibernate.SQL                        : select count(ce1_0.id) from clinical_events ce1_0 where ce1_0.created_at>?
2026-08-21T08:40:49.560+05:30 DEBUG 29208 --- [demo] [nio-8081-exec-7] o.s.w.s.m.m.a.HttpEntityMethodProcessor  : Using 'application/json', given [application/json, text/plain, */*] and supported [application/json, application/*+json]
2026-08-21T08:40:49.573+05:30 DEBUG 29208 --- [demo] [nio-8081-exec-7] o.s.w.s.m.m.a.HttpEntityMethodProcessor  : Writing [DashboardDTO(totalPatients=11, totalClinicalEvents=33, totalTrials=3, potentialMatches=4, needsRevie (truncated)...]
2026-08-21T08:40:49.580+05:30 DEBUG 29208 --- [demo] [nio-8081-exec-7] o.s.web.servlet.DispatcherServlet        : Completed 200 OK
2026-08-21T08:40:51.428+05:30 DEBUG 29208 --- [demo] [nio-8081-exec-8] o.s.web.servlet.DispatcherServlet        : GET "/api/patients?search=&page=0&size=50", parameters={masked}
2026-08-21T08:40:51.430+05:30 DEBUG 29208 --- [demo] [nio-8081-exec-8] s.w.s.m.m.a.RequestMappingHandlerMapping : Mapped to com.clinicaltrial.assistant.controller.PatientController#getPatients(String, int, int)
2026-08-21T08:40:51.441+05:30 DEBUG 29208 --- [demo] [nio-8081-exec-8] org.hibernate.SQL                        : select p1_0.id,p1_0.canonical_patient_id,p1_0.consent_status,p1_0.created_at,p1_0.date_of_birth,p1_0.email,p1_0.first_name,p1_0.gender,p1_0.last_name,p1_0.phone,p1_0.updated_at from patients p1_0 limit ?,?
2026-08-21T08:40:51.448+05:30 DEBUG 29208 --- [demo] [nio-8081-exec-8] org.hibernate.SQL                        : select count(ce1_0.id) from clinical_events ce1_0 where ce1_0.patient_id=?
2026-08-21T08:40:51.450+05:30 DEBUG 29208 --- [demo] [nio-8081-exec-8] org.hibernate.SQL                        : select pi1_0.id,pi1_0.created_at,pi1_0.match_score,pi1_0.match_status,pi1_0.patient_id,pi1_0.source_patient_id,pi1_0.source_system from patient_identities pi1_0 where pi1_0.patient_id=?
2026-08-21T08:40:51.454+05:30 DEBUG 29208 --- [demo] [nio-8081-exec-8] org.hibernate.SQL                        : select count(ce1_0.id) from clinical_events ce1_0 where ce1_0.patient_id=?
2026-08-21T08:40:51.456+05:30 DEBUG 29208 --- [demo] [nio-8081-exec-8] org.hibernate.SQL                        : select pi1_0.id,pi1_0.created_at,pi1_0.match_score,pi1_0.match_status,pi1_0.patient_id,pi1_0.source_patient_id,pi1_0.source_system from patient_identities pi1_0 where pi1_0.patient_id=?
2026-08-21T08:40:51.458+05:30 DEBUG 29208 --- [demo] [nio-8081-exec-8] org.hibernate.SQL                        : select count(ce1_0.id) from clinical_events ce1_0 where ce1_0.patient_id=?
2026-08-21T08:40:51.460+05:30 DEBUG 29208 --- [demo] [nio-8081-exec-8] org.hibernate.SQL                        : select pi1_0.id,pi1_0.created_at,pi1_0.match_score,pi1_0.match_status,pi1_0.patient_id,pi1_0.source_patient_id,pi1_0.source_system from patient_identities pi1_0 where pi1_0.patient_id=?
2026-08-21T08:40:51.464+05:30 DEBUG 29208 --- [demo] [nio-8081-exec-8] org.hibernate.SQL                        : select count(ce1_0.id) from clinical_events ce1_0 where ce1_0.patient_id=?
2026-08-21T08:40:51.466+05:30 DEBUG 29208 --- [demo] [nio-8081-exec-8] org.hibernate.SQL                        : select pi1_0.id,pi1_0.created_at,pi1_0.match_score,pi1_0.match_status,pi1_0.patient_id,pi1_0.source_patient_id,pi1_0.source_system from patient_identities pi1_0 where pi1_0.patient_id=?
2026-08-21T08:40:51.469+05:30 DEBUG 29208 --- [demo] [nio-8081-exec-8] org.hibernate.SQL                        : select count(ce1_0.id) from clinical_events ce1_0 where ce1_0.patient_id=?
2026-08-21T08:40:51.471+05:30 DEBUG 29208 --- [demo] [nio-8081-exec-8] org.hibernate.SQL                        : select pi1_0.id,pi1_0.created_at,pi1_0.match_score,pi1_0.match_status,pi1_0.patient_id,pi1_0.source_patient_id,pi1_0.source_system from patient_identities pi1_0 where pi1_0.patient_id=?
2026-08-21T08:40:51.473+05:30 DEBUG 29208 --- [demo] [nio-8081-exec-8] org.hibernate.SQL                        : select count(ce1_0.id) from clinical_events ce1_0 where ce1_0.patient_id=?
2026-08-21T08:40:51.475+05:30 DEBUG 29208 --- [demo] [nio-8081-exec-8] org.hibernate.SQL                        : select pi1_0.id,pi1_0.created_at,pi1_0.match_score,pi1_0.match_status,pi1_0.patient_id,pi1_0.source_patient_id,pi1_0.source_system from patient_identities pi1_0 where pi1_0.patient_id=?
2026-08-21T08:40:51.476+05:30 DEBUG 29208 --- [demo] [nio-8081-exec-8] org.hibernate.SQL                        : select count(ce1_0.id) from clinical_events ce1_0 where ce1_0.patient_id=?
2026-08-21T08:40:51.478+05:30 DEBUG 29208 --- [demo] [nio-8081-exec-8] org.hibernate.SQL                        : select pi1_0.id,pi1_0.created_at,pi1_0.match_score,pi1_0.match_status,pi1_0.patient_id,pi1_0.source_patient_id,pi1_0.source_system from patient_identities pi1_0 where pi1_0.patient_id=?
2026-08-21T08:40:51.480+05:30 DEBUG 29208 --- [demo] [nio-8081-exec-8] org.hibernate.SQL                        : select count(ce1_0.id) from clinical_events ce1_0 where ce1_0.patient_id=?
2026-08-21T08:40:51.483+05:30 DEBUG 29208 --- [demo] [nio-8081-exec-8] org.hibernate.SQL                        : select pi1_0.id,pi1_0.created_at,pi1_0.match_score,pi1_0.match_status,pi1_0.patient_id,pi1_0.source_patient_id,pi1_0.source_system from patient_identities pi1_0 where pi1_0.patient_id=?
2026-08-21T08:40:51.484+05:30 DEBUG 29208 --- [demo] [nio-8081-exec-8] org.hibernate.SQL                        : select count(ce1_0.id) from clinical_events ce1_0 where ce1_0.patient_id=?
2026-08-21T08:40:51.486+05:30 DEBUG 29208 --- [demo] [nio-8081-exec-8] org.hibernate.SQL                        : select pi1_0.id,pi1_0.created_at,pi1_0.match_score,pi1_0.match_status,pi1_0.patient_id,pi1_0.source_patient_id,pi1_0.source_system from patient_identities pi1_0 where pi1_0.patient_id=?
2026-08-21T08:40:51.489+05:30 DEBUG 29208 --- [demo] [nio-8081-exec-8] org.hibernate.SQL                        : select count(ce1_0.id) from clinical_events ce1_0 where ce1_0.patient_id=?
2026-08-21T08:40:51.492+05:30 DEBUG 29208 --- [demo] [nio-8081-exec-8] org.hibernate.SQL                        : select pi1_0.id,pi1_0.created_at,pi1_0.match_score,pi1_0.match_status,pi1_0.patient_id,pi1_0.source_patient_id,pi1_0.source_system from patient_identities pi1_0 where pi1_0.patient_id=?
2026-08-21T08:40:51.493+05:30 DEBUG 29208 --- [demo] [nio-8081-exec-8] org.hibernate.SQL                        : select count(ce1_0.id) from clinical_events ce1_0 where ce1_0.patient_id=?
2026-08-21T08:40:51.496+05:30 DEBUG 29208 --- [demo] [nio-8081-exec-8] org.hibernate.SQL                        : select pi1_0.id,pi1_0.created_at,pi1_0.match_score,pi1_0.match_status,pi1_0.patient_id,pi1_0.source_patient_id,pi1_0.source_system from patient_identities pi1_0 where pi1_0.patient_id=?
2026-08-21T08:40:51.499+05:30 DEBUG 29208 --- [demo] [nio-8081-exec-8] o.s.w.s.m.m.a.HttpEntityMethodProcessor  : Using 'application/json', given [application/json, text/plain, */*] and supported [application/json, application/*+json]
2026-08-21T08:40:51.500+05:30 DEBUG 29208 --- [demo] [nio-8081-exec-8] o.s.w.s.m.m.a.HttpEntityMethodProcessor  : Writing [Page 1 of 1 containing com.clinicaltrial.assistant.dto.PatientDTO instances]
2026-08-21T08:40:51.505+05:30 DEBUG 29208 --- [demo] [nio-8081-exec-8] o.s.web.servlet.DispatcherServlet        : Completed 200 OK
2026-08-21T08:40:51.751+05:30 DEBUG 29208 --- [demo] [io-8081-exec-10] o.s.web.servlet.DispatcherServlet        : GET "/api/trials", parameters={}
2026-08-21T08:40:51.753+05:30 DEBUG 29208 --- [demo] [nio-8081-exec-9] o.s.web.servlet.DispatcherServlet        : GET "/api/review-queue", parameters={}
2026-08-21T08:40:51.753+05:30 DEBUG 29208 --- [demo] [io-8081-exec-10] s.w.s.m.m.a.RequestMappingHandlerMapping : Mapped to com.clinicaltrial.assistant.controller.TrialController#getAll()
2026-08-21T08:40:51.754+05:30 DEBUG 29208 --- [demo] [nio-8081-exec-9] s.w.s.m.m.a.RequestMappingHandlerMapping : Mapped to com.clinicaltrial.assistant.controller.MatchController#getReviewQueue()
2026-08-21T08:40:51.756+05:30 DEBUG 29208 --- [demo] [io-8081-exec-10] org.hibernate.SQL                        : select t1_0.id,t1_0.created_at,t1_0.description,t1_0.original_eligibility_text,t1_0.title,t1_0.trial_code from trials t1_0
2026-08-21T08:40:51.757+05:30 DEBUG 29208 --- [demo] [io-8081-exec-10] org.hibernate.SQL                        : select c1_0.trial_id,c1_0.id,c1_0.clinical_field,c1_0.criterion_type,c1_0.description,c1_0.max_value,c1_0.min_value,c1_0.operator,c1_0.reviewed_by_human,c1_0.unit,c1_0.value from trial_criteria c1_0 where c1_0.trial_id=?
2026-08-21T08:40:51.759+05:30 DEBUG 29208 --- [demo] [nio-8081-exec-9] org.hibernate.SQL                        : select tm1_0.id,tm1_0.matched_at,tm1_0.patient_id,tm1_0.review_notes,tm1_0.status,tm1_0.trial_id from trial_matches tm1_0 where tm1_0.status=?
2026-08-21T08:40:51.759+05:30 DEBUG 29208 --- [demo] [io-8081-exec-10] org.hibernate.SQL                        : select c1_0.trial_id,c1_0.id,c1_0.clinical_field,c1_0.criterion_type,c1_0.description,c1_0.max_value,c1_0.min_value,c1_0.operator,c1_0.reviewed_by_human,c1_0.unit,c1_0.value from trial_criteria c1_0 where c1_0.trial_id=?
2026-08-21T08:40:51.761+05:30 DEBUG 29208 --- [demo] [io-8081-exec-10] org.hibernate.SQL                        : select c1_0.trial_id,c1_0.id,c1_0.clinical_field,c1_0.criterion_type,c1_0.description,c1_0.max_value,c1_0.min_value,c1_0.operator,c1_0.reviewed_by_human,c1_0.unit,c1_0.value from trial_criteria c1_0 where c1_0.trial_id=?
2026-08-21T08:40:51.761+05:30 DEBUG 29208 --- [demo] [nio-8081-exec-9] org.hibernate.SQL                        : select tm1_0.id,tm1_0.matched_at,tm1_0.patient_id,tm1_0.review_notes,tm1_0.status,tm1_0.trial_id from trial_matches tm1_0 where tm1_0.status=?
2026-08-21T08:40:51.763+05:30 DEBUG 29208 --- [demo] [io-8081-exec-10] o.s.w.s.m.m.a.HttpEntityMethodProcessor  : Using 'application/json', given [application/json, text/plain, */*] and supported [application/json, application/*+json]
2026-08-21T08:40:51.763+05:30 DEBUG 29208 --- [demo] [nio-8081-exec-9] org.hibernate.SQL                        : select cr1_0.trial_match_id,cr1_0.id,cr1_0.clinical_event_id,cr1_0.criterion_id,cr1_0.explanation,cr1_0.gap_description,cr1_0.gap_to_pass,cr1_0.patient_value,cr1_0.status from criterion_results cr1_0 where cr1_0.trial_match_id=?
2026-08-21T08:40:51.764+05:30 DEBUG 29208 --- [demo] [io-8081-exec-10] o.s.w.s.m.m.a.HttpEntityMethodProcessor  : Writing [[TrialDTO(id=1, title=Type 2 Diabetes Management Study, trialCode=TRIAL-DM2-001, description=A rando (truncated)...]
2026-08-21T08:40:51.765+05:30 DEBUG 29208 --- [demo] [io-8081-exec-10] o.s.web.servlet.DispatcherServlet        : Completed 200 OK
2026-08-21T08:40:51.767+05:30 DEBUG 29208 --- [demo] [nio-8081-exec-9] org.hibernate.SQL                        : select p1_0.id,p1_0.canonical_patient_id,p1_0.consent_status,p1_0.created_at,p1_0.date_of_birth,p1_0.email,p1_0.first_name,p1_0.gender,p1_0.last_name,p1_0.phone,p1_0.updated_at from patients p1_0 where p1_0.id=?
2026-08-21T08:40:51.770+05:30 DEBUG 29208 --- [demo] [nio-8081-exec-9] org.hibernate.SQL                        : select t1_0.id,t1_0.created_at,t1_0.description,t1_0.original_eligibility_text,t1_0.title,t1_0.trial_code from trials t1_0 where t1_0.id=?
2026-08-21T08:40:51.772+05:30 DEBUG 29208 --- [demo] [nio-8081-exec-9] org.hibernate.SQL                        : select cr1_0.trial_match_id,cr1_0.id,cr1_0.clinical_event_id,cr1_0.criterion_id,cr1_0.explanation,cr1_0.gap_description,cr1_0.gap_to_pass,cr1_0.patient_value,cr1_0.status from criterion_results cr1_0 where cr1_0.trial_match_id=?
2026-08-21T08:40:51.774+05:30 DEBUG 29208 --- [demo] [nio-8081-exec-9] org.hibernate.SQL                        : select p1_0.id,p1_0.canonical_patient_id,p1_0.consent_status,p1_0.created_at,p1_0.date_of_birth,p1_0.email,p1_0.first_name,p1_0.gender,p1_0.last_name,p1_0.phone,p1_0.updated_at from patients p1_0 where p1_0.id=?
2026-08-21T08:40:51.776+05:30 DEBUG 29208 --- [demo] [nio-8081-exec-9] org.hibernate.SQL                        : select cr1_0.trial_match_id,cr1_0.id,cr1_0.clinical_event_id,cr1_0.criterion_id,cr1_0.explanation,cr1_0.gap_description,cr1_0.gap_to_pass,cr1_0.patient_value,cr1_0.status from criterion_results cr1_0 where cr1_0.trial_match_id=?
2026-08-21T08:40:51.777+05:30 DEBUG 29208 --- [demo] [nio-8081-exec-9] org.hibernate.SQL                        : select p1_0.id,p1_0.canonical_patient_id,p1_0.consent_status,p1_0.created_at,p1_0.date_of_birth,p1_0.email,p1_0.first_name,p1_0.gender,p1_0.last_name,p1_0.phone,p1_0.updated_at from patients p1_0 where p1_0.id=?
2026-08-21T08:40:51.781+05:30 DEBUG 29208 --- [demo] [nio-8081-exec-9] org.hibernate.SQL                        : select cr1_0.trial_match_id,cr1_0.id,cr1_0.clinical_event_id,cr1_0.criterion_id,cr1_0.explanation,cr1_0.gap_description,cr1_0.gap_to_pass,cr1_0.patient_value,cr1_0.status from criterion_results cr1_0 where cr1_0.trial_match_id=?
2026-08-21T08:40:51.783+05:30 DEBUG 29208 --- [demo] [nio-8081-exec-9] org.hibernate.SQL                        : select p1_0.id,p1_0.canonical_patient_id,p1_0.consent_status,p1_0.created_at,p1_0.date_of_birth,p1_0.email,p1_0.first_name,p1_0.gender,p1_0.last_name,p1_0.phone,p1_0.updated_at from patients p1_0 where p1_0.id=?
2026-08-21T08:40:51.786+05:30 DEBUG 29208 --- [demo] [nio-8081-exec-9] o.s.w.s.m.m.a.HttpEntityMethodProcessor  : Using 'application/json', given [application/json, text/plain, */*] and supported [application/json, application/*+json]
2026-08-21T08:40:51.788+05:30 DEBUG 29208 --- [demo] [nio-8081-exec-9] o.s.w.s.m.m.a.HttpEntityMethodProcessor  : Writing [[ReviewQueueDTO(matchId=3, patientName=Maya Patel, canonicalPatientId=P000003, trialTitle=Type 2 Dia (truncated)...]
2026-08-21T08:40:51.802+05:30 DEBUG 29208 --- [demo] [nio-8081-exec-9] o.s.web.servlet.DispatcherServlet        : Completed 200 OK
2026-08-21T08:40:53.329+05:30 DEBUG 29208 --- [demo] [nio-8081-exec-1] o.s.web.servlet.DispatcherServlet        : GET "/api/patients?search=&page=0&size=10", parameters={masked}
2026-08-21T08:40:53.330+05:30 DEBUG 29208 --- [demo] [nio-8081-exec-1] s.w.s.m.m.a.RequestMappingHandlerMapping : Mapped to com.clinicaltrial.assistant.controller.PatientController#getPatients(String, int, int)
2026-08-21T08:40:53.334+05:30 DEBUG 29208 --- [demo] [nio-8081-exec-1] org.hibernate.SQL                        : select p1_0.id,p1_0.canonical_patient_id,p1_0.consent_status,p1_0.created_at,p1_0.date_of_birth,p1_0.email,p1_0.first_name,p1_0.gender,p1_0.last_name,p1_0.phone,p1_0.updated_at from patients p1_0 limit ?,?
2026-08-21T08:40:53.347+05:30 DEBUG 29208 --- [demo] [nio-8081-exec-1] org.hibernate.SQL                        : select count(p1_0.id) from patients p1_0
2026-08-21T08:40:53.352+05:30 DEBUG 29208 --- [demo] [nio-8081-exec-1] org.hibernate.SQL                        : select count(ce1_0.id) from clinical_events ce1_0 where ce1_0.patient_id=?
2026-08-21T08:40:53.355+05:30 DEBUG 29208 --- [demo] [nio-8081-exec-1] org.hibernate.SQL                        : select pi1_0.id,pi1_0.created_at,pi1_0.match_score,pi1_0.match_status,pi1_0.patient_id,pi1_0.source_patient_id,pi1_0.source_system from patient_identities pi1_0 where pi1_0.patient_id=?
2026-08-21T08:40:53.357+05:30 DEBUG 29208 --- [demo] [nio-8081-exec-1] org.hibernate.SQL                        : select count(ce1_0.id) from clinical_events ce1_0 where ce1_0.patient_id=?
2026-08-21T08:40:53.362+05:30 DEBUG 29208 --- [demo] [nio-8081-exec-1] org.hibernate.SQL                        : select pi1_0.id,pi1_0.created_at,pi1_0.match_score,pi1_0.match_status,pi1_0.patient_id,pi1_0.source_patient_id,pi1_0.source_system from patient_identities pi1_0 where pi1_0.patient_id=?
2026-08-21T08:40:53.365+05:30 DEBUG 29208 --- [demo] [nio-8081-exec-1] org.hibernate.SQL                        : select count(ce1_0.id) from clinical_events ce1_0 where ce1_0.patient_id=?
2026-08-21T08:40:53.368+05:30 DEBUG 29208 --- [demo] [nio-8081-exec-1] org.hibernate.SQL                        : select pi1_0.id,pi1_0.created_at,pi1_0.match_score,pi1_0.match_status,pi1_0.patient_id,pi1_0.source_patient_id,pi1_0.source_system from patient_identities pi1_0 where pi1_0.patient_id=?
2026-08-21T08:40:53.370+05:30 DEBUG 29208 --- [demo] [nio-8081-exec-1] org.hibernate.SQL                        : select count(ce1_0.id) from clinical_events ce1_0 where ce1_0.patient_id=?
2026-08-21T08:40:53.372+05:30 DEBUG 29208 --- [demo] [nio-8081-exec-1] org.hibernate.SQL                        : select pi1_0.id,pi1_0.created_at,pi1_0.match_score,pi1_0.match_status,pi1_0.patient_id,pi1_0.source_patient_id,pi1_0.source_system from patient_identities pi1_0 where pi1_0.patient_id=?
2026-08-21T08:40:53.375+05:30 DEBUG 29208 --- [demo] [nio-8081-exec-1] org.hibernate.SQL                        : select count(ce1_0.id) from clinical_events ce1_0 where ce1_0.patient_id=?
2026-08-21T08:40:53.377+05:30 DEBUG 29208 --- [demo] [nio-8081-exec-1] org.hibernate.SQL                        : select pi1_0.id,pi1_0.created_at,pi1_0.match_score,pi1_0.match_status,pi1_0.patient_id,pi1_0.source_patient_id,pi1_0.source_system from patient_identities pi1_0 where pi1_0.patient_id=?
2026-08-21T08:40:53.380+05:30 DEBUG 29208 --- [demo] [nio-8081-exec-1] org.hibernate.SQL                        : select count(ce1_0.id) from clinical_events ce1_0 where ce1_0.patient_id=?
2026-08-21T08:40:53.382+05:30 DEBUG 29208 --- [demo] [nio-8081-exec-1] org.hibernate.SQL                        : select pi1_0.id,pi1_0.created_at,pi1_0.match_score,pi1_0.match_status,pi1_0.patient_id,pi1_0.source_patient_id,pi1_0.source_system from patient_identities pi1_0 where pi1_0.patient_id=?
2026-08-21T08:40:53.385+05:30 DEBUG 29208 --- [demo] [nio-8081-exec-1] org.hibernate.SQL                        : select count(ce1_0.id) from clinical_events ce1_0 where ce1_0.patient_id=?
2026-08-21T08:40:53.387+05:30 DEBUG 29208 --- [demo] [nio-8081-exec-1] org.hibernate.SQL                        : select pi1_0.id,pi1_0.created_at,pi1_0.match_score,pi1_0.match_status,pi1_0.patient_id,pi1_0.source_patient_id,pi1_0.source_system from patient_identities pi1_0 where pi1_0.patient_id=?
2026-08-21T08:40:53.390+05:30 DEBUG 29208 --- [demo] [nio-8081-exec-1] org.hibernate.SQL                        : select count(ce1_0.id) from clinical_events ce1_0 where ce1_0.patient_id=?
2026-08-21T08:40:53.393+05:30 DEBUG 29208 --- [demo] [nio-8081-exec-1] org.hibernate.SQL                        : select pi1_0.id,pi1_0.created_at,pi1_0.match_score,pi1_0.match_status,pi1_0.patient_id,pi1_0.source_patient_id,pi1_0.source_system from patient_identities pi1_0 where pi1_0.patient_id=?
2026-08-21T08:40:53.396+05:30 DEBUG 29208 --- [demo] [nio-8081-exec-1] org.hibernate.SQL                        : select count(ce1_0.id) from clinical_events ce1_0 where ce1_0.patient_id=?
2026-08-21T08:40:53.398+05:30 DEBUG 29208 --- [demo] [nio-8081-exec-1] org.hibernate.SQL                        : select pi1_0.id,pi1_0.created_at,pi1_0.match_score,pi1_0.match_status,pi1_0.patient_id,pi1_0.source_patient_id,pi1_0.source_system from patient_identities pi1_0 where pi1_0.patient_id=?
2026-08-21T08:40:53.401+05:30 DEBUG 29208 --- [demo] [nio-8081-exec-1] org.hibernate.SQL                        : select count(ce1_0.id) from clinical_events ce1_0 where ce1_0.patient_id=?
2026-08-21T08:40:53.404+05:30 DEBUG 29208 --- [demo] [nio-8081-exec-1] org.hibernate.SQL                        : select pi1_0.id,pi1_0.created_at,pi1_0.match_score,pi1_0.match_status,pi1_0.patient_id,pi1_0.source_patient_id,pi1_0.source_system from patient_identities pi1_0 where pi1_0.patient_id=?
2026-08-21T08:40:53.406+05:30 DEBUG 29208 --- [demo] [nio-8081-exec-1] o.s.w.s.m.m.a.HttpEntityMethodProcessor  : Using 'application/json', given [application/json, text/plain, */*] and supported [application/json, application/*+json]
2026-08-21T08:40:53.407+05:30 DEBUG 29208 --- [demo] [nio-8081-exec-1] o.s.w.s.m.m.a.HttpEntityMethodProcessor  : Writing [Page 1 of 2 containing com.clinicaltrial.assistant.dto.PatientDTO instances]
2026-08-21T08:40:53.408+05:30 DEBUG 29208 --- [demo] [nio-8081-exec-1] o.s.web.servlet.DispatcherServlet        : Completed 200 OK
2026-08-21T08:40:55.757+05:30 DEBUG 29208 --- [demo] [nio-8081-exec-2] o.s.web.servlet.DispatcherServlet        : GET "/api/patients/1", parameters={}
2026-08-21T08:40:55.763+05:30 DEBUG 29208 --- [demo] [nio-8081-exec-2] s.w.s.m.m.a.RequestMappingHandlerMapping : Mapped to com.clinicaltrial.assistant.controller.PatientController#getPatient(String)
2026-08-21T08:40:55.765+05:30 DEBUG 29208 --- [demo] [nio-8081-exec-2] org.hibernate.SQL                        : select p1_0.id,p1_0.canonical_patient_id,p1_0.consent_status,p1_0.created_at,p1_0.date_of_birth,p1_0.email,p1_0.first_name,p1_0.gender,p1_0.last_name,p1_0.phone,p1_0.updated_at from patients p1_0 where p1_0.id=?
2026-08-21T08:40:55.767+05:30 DEBUG 29208 --- [demo] [nio-8081-exec-2] org.hibernate.SQL                        : select count(ce1_0.id) from clinical_events ce1_0 where ce1_0.patient_id=?
2026-08-21T08:40:55.770+05:30 DEBUG 29208 --- [demo] [nio-8081-exec-2] org.hibernate.SQL                        : select pi1_0.id,pi1_0.created_at,pi1_0.match_score,pi1_0.match_status,pi1_0.patient_id,pi1_0.source_patient_id,pi1_0.source_system from patient_identities pi1_0 where pi1_0.patient_id=?
2026-08-21T08:40:55.776+05:30 DEBUG 29208 --- [demo] [nio-8081-exec-2] o.s.w.s.m.m.a.HttpEntityMethodProcessor  : Using 'application/json', given [application/json, text/plain, */*] and supported [application/json, application/*+json]
2026-08-21T08:40:55.780+05:30 DEBUG 29208 --- [demo] [nio-8081-exec-2] o.s.w.s.m.m.a.HttpEntityMethodProcessor  : Writing [PatientDTO(id=1, canonicalPatientId=P000001, firstName=John, lastName=Smith, dateOfBirth=1970-12-03, (truncated)...]
2026-08-21T08:40:55.781+05:30 DEBUG 29208 --- [demo] [nio-8081-exec-2] o.s.web.servlet.DispatcherServlet        : Completed 200 OK
2026-08-21T08:40:56.086+05:30 DEBUG 29208 --- [demo] [nio-8081-exec-4] o.s.web.servlet.DispatcherServlet        : GET "/api/patients/1/timeline", parameters={}
2026-08-21T08:40:56.086+05:30 DEBUG 29208 --- [demo] [nio-8081-exec-3] o.s.web.servlet.DispatcherServlet        : GET "/api/patients/1/matches", parameters={}
2026-08-21T08:40:56.098+05:30 DEBUG 29208 --- [demo] [nio-8081-exec-4] s.w.s.m.m.a.RequestMappingHandlerMapping : Mapped to com.clinicaltrial.assistant.controller.PatientController#getTimeline(String)
2026-08-21T08:40:56.098+05:30 DEBUG 29208 --- [demo] [nio-8081-exec-3] s.w.s.m.m.a.RequestMappingHandlerMapping : Mapped to com.clinicaltrial.assistant.controller.MatchController#getPatientMatches(Long)
2026-08-21T08:40:56.101+05:30 DEBUG 29208 --- [demo] [nio-8081-exec-3] org.hibernate.SQL                        : select tm1_0.id,tm1_0.matched_at,tm1_0.patient_id,tm1_0.review_notes,tm1_0.status,tm1_0.trial_id from trial_matches tm1_0 where tm1_0.patient_id=?
2026-08-21T08:40:56.102+05:30 DEBUG 29208 --- [demo] [nio-8081-exec-4] org.hibernate.SQL                        : select ce1_0.id,ce1_0.code,ce1_0.created_at,ce1_0.display_name,ce1_0.event_timestamp,ce1_0.event_type,ce1_0.numeric_value,ce1_0.patient_id,ce1_0.raw_fhir_json,ce1_0.source_record_id,ce1_0.source_system,ce1_0.unit,ce1_0.value from clinical_events ce1_0 where ce1_0.patient_id=? order by ce1_0.event_timestamp
2026-08-21T08:40:56.103+05:30 DEBUG 29208 --- [demo] [nio-8081-exec-3] org.hibernate.SQL                        : select cr1_0.trial_match_id,cr1_0.id,cr1_0.clinical_event_id,cr1_0.criterion_id,cr1_0.explanation,cr1_0.gap_description,cr1_0.gap_to_pass,cr1_0.patient_value,cr1_0.status from criterion_results cr1_0 where cr1_0.trial_match_id=?
2026-08-21T08:40:56.105+05:30 DEBUG 29208 --- [demo] [nio-8081-exec-3] org.hibernate.SQL                        : select tc1_0.id,tc1_0.clinical_field,tc1_0.criterion_type,tc1_0.description,tc1_0.max_value,tc1_0.min_value,tc1_0.operator,tc1_0.reviewed_by_human,tc1_0.trial_id,tc1_0.unit,tc1_0.value from trial_criteria tc1_0 where tc1_0.id=?
2026-08-21T08:40:56.105+05:30 DEBUG 29208 --- [demo] [nio-8081-exec-4] org.hibernate.SQL                        : select p1_0.id,p1_0.canonical_patient_id,p1_0.consent_status,p1_0.created_at,p1_0.date_of_birth,p1_0.email,p1_0.first_name,p1_0.gender,p1_0.last_name,p1_0.phone,p1_0.updated_at from patients p1_0 where p1_0.id=?
2026-08-21T08:40:56.106+05:30 DEBUG 29208 --- [demo] [nio-8081-exec-3] org.hibernate.SQL                        : select tc1_0.id,tc1_0.clinical_field,tc1_0.criterion_type,tc1_0.description,tc1_0.max_value,tc1_0.min_value,tc1_0.operator,tc1_0.reviewed_by_human,tc1_0.trial_id,tc1_0.unit,tc1_0.value from trial_criteria tc1_0 where tc1_0.id=?
2026-08-21T08:40:56.107+05:30 DEBUG 29208 --- [demo] [nio-8081-exec-4] o.s.w.s.m.m.a.HttpEntityMethodProcessor  : Using 'application/json', given [application/json, text/plain, */*] and supported [application/json, application/*+json]
2026-08-21T08:40:56.108+05:30 DEBUG 29208 --- [demo] [nio-8081-exec-4] o.s.w.s.m.m.a.HttpEntityMethodProcessor  : Writing [[TimelineEventDTO(id=7, patientName=John Smith, canonicalPatientId=P000001, time=2026-08-18T09:00, s (truncated)...]
2026-08-21T08:40:56.108+05:30 DEBUG 29208 --- [demo] [nio-8081-exec-3] org.hibernate.SQL                        : select ce1_0.id,ce1_0.code,ce1_0.created_at,ce1_0.display_name,ce1_0.event_timestamp,ce1_0.event_type,ce1_0.numeric_value,ce1_0.patient_id,ce1_0.raw_fhir_json,ce1_0.source_record_id,ce1_0.source_system,ce1_0.unit,ce1_0.value from clinical_events ce1_0 where ce1_0.id=?
2026-08-21T08:40:56.110+05:30 DEBUG 29208 --- [demo] [nio-8081-exec-4] o.s.web.servlet.DispatcherServlet        : Completed 200 OK
2026-08-21T08:40:56.110+05:30 DEBUG 29208 --- [demo] [nio-8081-exec-3] org.hibernate.SQL                        : select tc1_0.id,tc1_0.clinical_field,tc1_0.criterion_type,tc1_0.description,tc1_0.max_value,tc1_0.min_value,tc1_0.operator,tc1_0.reviewed_by_human,tc1_0.trial_id,tc1_0.unit,tc1_0.value from trial_criteria tc1_0 where tc1_0.id=?
2026-08-21T08:40:56.112+05:30 DEBUG 29208 --- [demo] [nio-8081-exec-3] org.hibernate.SQL                        : select ce1_0.id,ce1_0.code,ce1_0.created_at,ce1_0.display_name,ce1_0.event_timestamp,ce1_0.event_type,ce1_0.numeric_value,ce1_0.patient_id,ce1_0.raw_fhir_json,ce1_0.source_record_id,ce1_0.source_system,ce1_0.unit,ce1_0.value from clinical_events ce1_0 where ce1_0.id=?
2026-08-21T08:40:56.113+05:30 DEBUG 29208 --- [demo] [nio-8081-exec-3] org.hibernate.SQL                        : select tc1_0.id,tc1_0.clinical_field,tc1_0.criterion_type,tc1_0.description,tc1_0.max_value,tc1_0.min_value,tc1_0.operator,tc1_0.reviewed_by_human,tc1_0.trial_id,tc1_0.unit,tc1_0.value from trial_criteria tc1_0 where tc1_0.id=?
2026-08-21T08:40:56.115+05:30 DEBUG 29208 --- [demo] [nio-8081-exec-3] org.hibernate.SQL                        : select ce1_0.id,ce1_0.code,ce1_0.created_at,ce1_0.display_name,ce1_0.event_timestamp,ce1_0.event_type,ce1_0.numeric_value,ce1_0.patient_id,ce1_0.raw_fhir_json,ce1_0.source_record_id,ce1_0.source_system,ce1_0.unit,ce1_0.value from clinical_events ce1_0 where ce1_0.id=?
2026-08-21T08:40:56.116+05:30 DEBUG 29208 --- [demo] [nio-8081-exec-3] org.hibernate.SQL                        : select t1_0.id,t1_0.created_at,t1_0.description,t1_0.original_eligibility_text,t1_0.title,t1_0.trial_code from trials t1_0 where t1_0.id=?
2026-08-21T08:40:56.117+05:30 DEBUG 29208 --- [demo] [nio-8081-exec-3] org.hibernate.SQL                        : select p1_0.id,p1_0.canonical_patient_id,p1_0.consent_status,p1_0.created_at,p1_0.date_of_birth,p1_0.email,p1_0.first_name,p1_0.gender,p1_0.last_name,p1_0.phone,p1_0.updated_at from patients p1_0 where p1_0.id=?
2026-08-21T08:40:56.119+05:30 DEBUG 29208 --- [demo] [nio-8081-exec-3] o.s.w.s.m.m.a.HttpEntityMethodProcessor  : Using 'application/json', given [application/json, text/plain, */*] and supported [application/json, application/*+json]
2026-08-21T08:40:56.119+05:30 DEBUG 29208 --- [demo] [nio-8081-exec-3] o.s.w.s.m.m.a.HttpEntityMethodProcessor  : Writing [[MatchResultDTO(id=1, status=ELIGIBLE, matchedAt=2026-08-21T08:39:35.555737, reviewNotes=null, trial (truncated)...]
2026-08-21T08:40:56.120+05:30 DEBUG 29208 --- [demo] [nio-8081-exec-3] o.s.web.servlet.DispatcherServlet        : Completed 200 OK
2026-08-21T08:41:11.953+05:30 DEBUG 29208 --- [demo] [nio-8081-exec-5] o.s.web.servlet.DispatcherServlet        : POST "/api/trials", parameters={}
2026-08-21T08:41:11.954+05:30 DEBUG 29208 --- [demo] [nio-8081-exec-5] s.w.s.m.m.a.RequestMappingHandlerMapping : Mapped to com.clinicaltrial.assistant.controller.TrialController#create(TrialDTO)
2026-08-21T08:41:12.069+05:30 DEBUG 29208 --- [demo] [nio-8081-exec-5] m.m.a.RequestResponseBodyMethodProcessor : Read "application/json;charset=UTF-8" to [TrialDTO(id=null, title=PRECISION-DM: Renal-Safe Diabetes Therapy Study, trialCode=NCT-CTIQ-2026, de (truncated)...]
2026-08-21T08:41:12.174+05:30 DEBUG 29208 --- [demo] [nio-8081-exec-5] org.hibernate.SQL                        : insert into trials (created_at,description,original_eligibility_text,title,trial_code) values (?,?,?,?,?)
2026-08-21T08:41:12.183+05:30 DEBUG 29208 --- [demo] [nio-8081-exec-5] org.hibernate.SQL                        : select al1_0.id,al1_0.action,al1_0.current_hash,al1_0.details,al1_0.entity_id,al1_0.entity_type,al1_0.performed_by,al1_0.previous_hash,al1_0.timestamp from audit_logs al1_0 order by al1_0.id desc limit ?
2026-08-21T08:41:12.187+05:30 DEBUG 29208 --- [demo] [nio-8081-exec-5] org.hibernate.SQL                        : insert into audit_logs (action,current_hash,details,entity_id,entity_type,performed_by,previous_hash,timestamp) values (?,?,?,?,?,?,?,?)
2026-08-21T08:41:12.199+05:30 DEBUG 29208 --- [demo] [nio-8081-exec-5] o.s.w.s.m.m.a.HttpEntityMethodProcessor  : Using 'application/json', given [application/json, text/plain, */*] and supported [application/json, application/*+json]
2026-08-21T08:41:12.201+05:30 DEBUG 29208 --- [demo] [nio-8081-exec-5] o.s.w.s.m.m.a.HttpEntityMethodProcessor  : Writing [TrialDTO(id=4, title=PRECISION-DM: Renal-Safe Diabetes Therapy Study, trialCode=NCT-CTIQ-2026, descr (truncated)...]
2026-08-21T08:41:12.202+05:30 DEBUG 29208 --- [demo] [nio-8081-exec-5] o.s.web.servlet.DispatcherServlet        : Completed 200 OK
2026-08-21T08:41:12.518+05:30 DEBUG 29208 --- [demo] [nio-8081-exec-6] o.s.web.servlet.DispatcherServlet        : GET "/api/trials", parameters={}
2026-08-21T08:41:12.519+05:30 DEBUG 29208 --- [demo] [nio-8081-exec-6] s.w.s.m.m.a.RequestMappingHandlerMapping : Mapped to com.clinicaltrial.assistant.controller.TrialController#getAll()
2026-08-21T08:41:12.521+05:30 DEBUG 29208 --- [demo] [nio-8081-exec-6] org.hibernate.SQL                        : select t1_0.id,t1_0.created_at,t1_0.description,t1_0.original_eligibility_text,t1_0.title,t1_0.trial_code from trials t1_0
2026-08-21T08:41:12.523+05:30 DEBUG 29208 --- [demo] [nio-8081-exec-6] org.hibernate.SQL                        : select c1_0.trial_id,c1_0.id,c1_0.clinical_field,c1_0.criterion_type,c1_0.description,c1_0.max_value,c1_0.min_value,c1_0.operator,c1_0.reviewed_by_human,c1_0.unit,c1_0.value from trial_criteria c1_0 where c1_0.trial_id=?
2026-08-21T08:41:12.525+05:30 DEBUG 29208 --- [demo] [nio-8081-exec-6] org.hibernate.SQL                        : select c1_0.trial_id,c1_0.id,c1_0.clinical_field,c1_0.criterion_type,c1_0.description,c1_0.max_value,c1_0.min_value,c1_0.operator,c1_0.reviewed_by_human,c1_0.unit,c1_0.value from trial_criteria c1_0 where c1_0.trial_id=?
2026-08-21T08:41:12.528+05:30 DEBUG 29208 --- [demo] [nio-8081-exec-6] org.hibernate.SQL                        : select c1_0.trial_id,c1_0.id,c1_0.clinical_field,c1_0.criterion_type,c1_0.description,c1_0.max_value,c1_0.min_value,c1_0.operator,c1_0.reviewed_by_human,c1_0.unit,c1_0.value from trial_criteria c1_0 where c1_0.trial_id=?
2026-08-21T08:41:12.529+05:30 DEBUG 29208 --- [demo] [nio-8081-exec-6] org.hibernate.SQL                        : select c1_0.trial_id,c1_0.id,c1_0.clinical_field,c1_0.criterion_type,c1_0.description,c1_0.max_value,c1_0.min_value,c1_0.operator,c1_0.reviewed_by_human,c1_0.unit,c1_0.value from trial_criteria c1_0 where c1_0.trial_id=?
2026-08-21T08:41:12.532+05:30 DEBUG 29208 --- [demo] [nio-8081-exec-6] o.s.w.s.m.m.a.HttpEntityMethodProcessor  : Using 'application/json', given [application/json, text/plain, */*] and supported [application/json, application/*+json]
2026-08-21T08:41:12.533+05:30 DEBUG 29208 --- [demo] [nio-8081-exec-6] o.s.w.s.m.m.a.HttpEntityMethodProcessor  : Writing [[TrialDTO(id=1, title=Type 2 Diabetes Management Study, trialCode=TRIAL-DM2-001, description=A rando (truncated)...]
2026-08-21T08:41:12.534+05:30 DEBUG 29208 --- [demo] [nio-8081-exec-6] o.s.web.servlet.DispatcherServlet        : Completed 200 OK
2026-08-21T08:41:16.866+05:30 DEBUG 29208 --- [demo] [nio-8081-exec-7] o.s.web.servlet.DispatcherServlet        : POST "/api/trials/4/extract-criteria", parameters={}
2026-08-21T08:41:16.879+05:30 DEBUG 29208 --- [demo] [nio-8081-exec-7] s.w.s.m.m.a.RequestMappingHandlerMapping : Mapped to com.clinicaltrial.assistant.controller.TrialController#extractCriteria(Long, Map)
2026-08-21T08:41:16.884+05:30 DEBUG 29208 --- [demo] [nio-8081-exec-7] m.m.a.RequestResponseBodyMethodProcessor : Read "application/json;charset=UTF-8" to [{text=INCLUSION CRITERIA:<EOL>- Adults aged between 18 and 65 years.<EOL>- Confirmed diagnosis of Type 2 Dia (truncated)...]
2026-08-21T08:41:16.885+05:30 DEBUG 29208 --- [demo] [nio-8081-exec-7] org.hibernate.SQL                        : select t1_0.id,t1_0.created_at,t1_0.description,t1_0.original_eligibility_text,t1_0.title,t1_0.trial_code from trials t1_0 where t1_0.id=?
2026-08-21T08:41:16.886+05:30 DEBUG 29208 --- [demo] [nio-8081-exec-7] org.hibernate.SQL                        : select c1_0.trial_id,c1_0.id,c1_0.clinical_field,c1_0.criterion_type,c1_0.description,c1_0.max_value,c1_0.min_value,c1_0.operator,c1_0.reviewed_by_human,c1_0.unit,c1_0.value from trial_criteria c1_0 where c1_0.trial_id=?
2026-08-21T08:41:16.912+05:30 DEBUG 29208 --- [demo] [nio-8081-exec-7] o.s.web.client.RestTemplate              : HTTP POST http://localhost:8091/extract-criteria
2026-08-21T08:41:16.917+05:30 DEBUG 29208 --- [demo] [nio-8081-exec-7] o.s.web.client.RestTemplate              : Accept=[application/json, application/*+json]
2026-08-21T08:41:16.918+05:30 DEBUG 29208 --- [demo] [nio-8081-exec-7] o.s.web.client.RestTemplate              : Writing [{text=INCLUSION CRITERIA:
- Adults aged between 18 and 65 years.
- Confirmed diagnosis of Type 2 Diabetes Mellitus.
- HbA1c between 7% and 10%.
- eGFR greater than 30 mL/min/1.73m2.

EXCLUSION CRITERIA:
- Current treatment with insulin pump therapy.
- History of severe hypoglycemia within the previous 90 days.}] with org.springframework.http.converter.json.MappingJackson2HttpMessageConverter
2026-08-21T08:41:16.939+05:30 DEBUG 29208 --- [demo] [nio-8081-exec-7] o.s.web.client.RestTemplate              : Response 200 OK
2026-08-21T08:41:16.941+05:30 DEBUG 29208 --- [demo] [nio-8081-exec-7] o.s.web.client.RestTemplate              : Reading to [java.util.Map<?, ?>]
2026-08-21T08:41:16.946+05:30  INFO 29208 --- [demo] [nio-8081-exec-7] c.c.assistant.service.AiServiceClient    : AI service returned criteria extraction
2026-08-21T08:41:16.948+05:30 DEBUG 29208 --- [demo] [nio-8081-exec-7] org.hibernate.SQL                        : insert into trial_criteria (clinical_field,criterion_type,description,max_value,min_value,operator,reviewed_by_human,trial_id,unit,value) values (?,?,?,?,?,?,?,?,?,?)
2026-08-21T08:41:16.949+05:30 DEBUG 29208 --- [demo] [nio-8081-exec-7] org.hibernate.SQL                        : insert into trial_criteria (clinical_field,criterion_type,description,max_value,min_value,operator,reviewed_by_human,trial_id,unit,value) values (?,?,?,?,?,?,?,?,?,?)
2026-08-21T08:41:16.951+05:30 DEBUG 29208 --- [demo] [nio-8081-exec-7] org.hibernate.SQL                        : insert into trial_criteria (clinical_field,criterion_type,description,max_value,min_value,operator,reviewed_by_human,trial_id,unit,value) values (?,?,?,?,?,?,?,?,?,?)
2026-08-21T08:41:16.953+05:30 DEBUG 29208 --- [demo] [nio-8081-exec-7] org.hibernate.SQL                        : insert into trial_criteria (clinical_field,criterion_type,description,max_value,min_value,operator,reviewed_by_human,trial_id,unit,value) values (?,?,?,?,?,?,?,?,?,?)
2026-08-21T08:41:16.955+05:30 DEBUG 29208 --- [demo] [nio-8081-exec-7] org.hibernate.SQL                        : insert into trial_criteria (clinical_field,criterion_type,description,max_value,min_value,operator,reviewed_by_human,trial_id,unit,value) values (?,?,?,?,?,?,?,?,?,?)
2026-08-21T08:41:16.958+05:30 DEBUG 29208 --- [demo] [nio-8081-exec-7] org.hibernate.SQL                        : select al1_0.id,al1_0.action,al1_0.current_hash,al1_0.details,al1_0.entity_id,al1_0.entity_type,al1_0.performed_by,al1_0.previous_hash,al1_0.timestamp from audit_logs al1_0 order by al1_0.id desc limit ?
2026-08-21T08:41:16.959+05:30 DEBUG 29208 --- [demo] [nio-8081-exec-7] org.hibernate.SQL                        : insert into audit_logs (action,current_hash,details,entity_id,entity_type,performed_by,previous_hash,timestamp) values (?,?,?,?,?,?,?,?)
2026-08-21T08:41:16.963+05:30 DEBUG 29208 --- [demo] [nio-8081-exec-7] o.s.w.s.m.m.a.HttpEntityMethodProcessor  : Using 'application/json', given [application/json, text/plain, */*] and supported [application/json, application/*+json]
2026-08-21T08:41:16.963+05:30 DEBUG 29208 --- [demo] [nio-8081-exec-7] o.s.w.s.m.m.a.HttpEntityMethodProcessor  : Writing [TrialDTO(id=4, title=PRECISION-DM: Renal-Safe Diabetes Therapy Study, trialCode=NCT-CTIQ-2026, descr (truncated)...]
2026-08-21T08:41:16.965+05:30 DEBUG 29208 --- [demo] [nio-8081-exec-7] o.s.web.servlet.DispatcherServlet        : Completed 200 OK
2026-08-21T08:41:17.284+05:30 DEBUG 29208 --- [demo] [nio-8081-exec-8] o.s.web.servlet.DispatcherServlet        : GET "/api/trials", parameters={}
2026-08-21T08:41:17.287+05:30 DEBUG 29208 --- [demo] [nio-8081-exec-8] s.w.s.m.m.a.RequestMappingHandlerMapping : Mapped to com.clinicaltrial.assistant.controller.TrialController#getAll()
2026-08-21T08:41:17.290+05:30 DEBUG 29208 --- [demo] [nio-8081-exec-8] org.hibernate.SQL                        : select t1_0.id,t1_0.created_at,t1_0.description,t1_0.original_eligibility_text,t1_0.title,t1_0.trial_code from trials t1_0
2026-08-21T08:41:17.292+05:30 DEBUG 29208 --- [demo] [nio-8081-exec-8] org.hibernate.SQL                        : select c1_0.trial_id,c1_0.id,c1_0.clinical_field,c1_0.criterion_type,c1_0.description,c1_0.max_value,c1_0.min_value,c1_0.operator,c1_0.reviewed_by_human,c1_0.unit,c1_0.value from trial_criteria c1_0 where c1_0.trial_id=?
2026-08-21T08:41:17.294+05:30 DEBUG 29208 --- [demo] [nio-8081-exec-8] org.hibernate.SQL                        : select c1_0.trial_id,c1_0.id,c1_0.clinical_field,c1_0.criterion_type,c1_0.description,c1_0.max_value,c1_0.min_value,c1_0.operator,c1_0.reviewed_by_human,c1_0.unit,c1_0.value from trial_criteria c1_0 where c1_0.trial_id=?
2026-08-21T08:41:17.295+05:30 DEBUG 29208 --- [demo] [nio-8081-exec-8] org.hibernate.SQL                        : select c1_0.trial_id,c1_0.id,c1_0.clinical_field,c1_0.criterion_type,c1_0.description,c1_0.max_value,c1_0.min_value,c1_0.operator,c1_0.reviewed_by_human,c1_0.unit,c1_0.value from trial_criteria c1_0 where c1_0.trial_id=?
2026-08-21T08:41:17.296+05:30 DEBUG 29208 --- [demo] [nio-8081-exec-8] org.hibernate.SQL                        : select c1_0.trial_id,c1_0.id,c1_0.clinical_field,c1_0.criterion_type,c1_0.description,c1_0.max_value,c1_0.min_value,c1_0.operator,c1_0.reviewed_by_human,c1_0.unit,c1_0.value from trial_criteria c1_0 where c1_0.trial_id=?
2026-08-21T08:41:17.298+05:30 DEBUG 29208 --- [demo] [nio-8081-exec-8] o.s.w.s.m.m.a.HttpEntityMethodProcessor  : Using 'application/json', given [application/json, text/plain, */*] and supported [application/json, application/*+json]
2026-08-21T08:41:17.299+05:30 DEBUG 29208 --- [demo] [nio-8081-exec-8] o.s.w.s.m.m.a.HttpEntityMethodProcessor  : Writing [[TrialDTO(id=1, title=Type 2 Diabetes Management Study, trialCode=TRIAL-DM2-001, description=A rando (truncated)...]
2026-08-21T08:41:17.300+05:30 DEBUG 29208 --- [demo] [nio-8081-exec-8] o.s.web.servlet.DispatcherServlet        : Completed 200 OK
2026-08-21T08:41:20.951+05:30 DEBUG 29208 --- [demo] [io-8081-exec-10] o.s.web.servlet.DispatcherServlet        : POST "/api/trials/4/confirm-and-screen", parameters={}
2026-08-21T08:41:20.963+05:30 DEBUG 29208 --- [demo] [io-8081-exec-10] s.w.s.m.m.a.RequestMappingHandlerMapping : Mapped to com.clinicaltrial.assistant.controller.TrialController#confirmAndScreen(Long)
2026-08-21T08:41:20.965+05:30 DEBUG 29208 --- [demo] [io-8081-exec-10] org.hibernate.SQL                        : select t1_0.id,t1_0.created_at,t1_0.description,t1_0.original_eligibility_text,t1_0.title,t1_0.trial_code from trials t1_0 where t1_0.id=?
2026-08-21T08:41:20.967+05:30 DEBUG 29208 --- [demo] [io-8081-exec-10] org.hibernate.SQL                        : select c1_0.trial_id,c1_0.id,c1_0.clinical_field,c1_0.criterion_type,c1_0.description,c1_0.max_value,c1_0.min_value,c1_0.operator,c1_0.reviewed_by_human,c1_0.unit,c1_0.value from trial_criteria c1_0 where c1_0.trial_id=?
2026-08-21T08:41:20.970+05:30 DEBUG 29208 --- [demo] [io-8081-exec-10] org.hibernate.SQL                        : select al1_0.id,al1_0.action,al1_0.current_hash,al1_0.details,al1_0.entity_id,al1_0.entity_type,al1_0.performed_by,al1_0.previous_hash,al1_0.timestamp from audit_logs al1_0 order by al1_0.id desc limit ?
2026-08-21T08:41:20.972+05:30 DEBUG 29208 --- [demo] [io-8081-exec-10] org.hibernate.SQL                        : insert into audit_logs (action,current_hash,details,entity_id,entity_type,performed_by,previous_hash,timestamp) values (?,?,?,?,?,?,?,?)
2026-08-21T08:41:20.974+05:30 DEBUG 29208 --- [demo] [io-8081-exec-10] org.hibernate.SQL                        : update trial_criteria set clinical_field=?,criterion_type=?,description=?,max_value=?,min_value=?,operator=?,reviewed_by_human=?,trial_id=?,unit=?,value=? where id=?
2026-08-21T08:41:20.975+05:30 DEBUG 29208 --- [demo] [io-8081-exec-10] org.hibernate.SQL                        : update trial_criteria set clinical_field=?,criterion_type=?,description=?,max_value=?,min_value=?,operator=?,reviewed_by_human=?,trial_id=?,unit=?,value=? where id=?
2026-08-21T08:41:20.976+05:30 DEBUG 29208 --- [demo] [io-8081-exec-10] org.hibernate.SQL                        : update trial_criteria set clinical_field=?,criterion_type=?,description=?,max_value=?,min_value=?,operator=?,reviewed_by_human=?,trial_id=?,unit=?,value=? where id=?
2026-08-21T08:41:20.977+05:30 DEBUG 29208 --- [demo] [io-8081-exec-10] org.hibernate.SQL                        : update trial_criteria set clinical_field=?,criterion_type=?,description=?,max_value=?,min_value=?,operator=?,reviewed_by_human=?,trial_id=?,unit=?,value=? where id=?
2026-08-21T08:41:20.978+05:30 DEBUG 29208 --- [demo] [io-8081-exec-10] org.hibernate.SQL                        : update trial_criteria set clinical_field=?,criterion_type=?,description=?,max_value=?,min_value=?,operator=?,reviewed_by_human=?,trial_id=?,unit=?,value=? where id=?
2026-08-21T08:41:20.987+05:30 DEBUG 29208 --- [demo] [io-8081-exec-10] org.hibernate.SQL                        : select p1_0.id,p1_0.canonical_patient_id,p1_0.consent_status,p1_0.created_at,p1_0.date_of_birth,p1_0.email,p1_0.first_name,p1_0.gender,p1_0.last_name,p1_0.phone,p1_0.updated_at from patients p1_0
2026-08-21T08:41:20.989+05:30 DEBUG 29208 --- [demo] [io-8081-exec-10] org.hibernate.SQL                        : select tm1_0.id,tm1_0.matched_at,tm1_0.patient_id,tm1_0.review_notes,tm1_0.status,tm1_0.trial_id from trial_matches tm1_0 where tm1_0.trial_id=? and tm1_0.patient_id=?
2026-08-21T08:41:20.993+05:30 DEBUG 29208 --- [demo] [io-8081-exec-10] org.hibernate.SQL                        : select ce1_0.id,ce1_0.code,ce1_0.created_at,ce1_0.display_name,ce1_0.event_timestamp,ce1_0.event_type,ce1_0.numeric_value,ce1_0.patient_id,ce1_0.raw_fhir_json,ce1_0.source_record_id,ce1_0.source_system,ce1_0.unit,ce1_0.value from clinical_events ce1_0 where ce1_0.patient_id=? and ce1_0.event_type=? order by ce1_0.event_timestamp desc
2026-08-21T08:41:20.994+05:30 DEBUG 29208 --- [demo] [io-8081-exec-10] org.hibernate.SQL                        : select ce1_0.id,ce1_0.code,ce1_0.created_at,ce1_0.display_name,ce1_0.event_timestamp,ce1_0.event_type,ce1_0.numeric_value,ce1_0.patient_id,ce1_0.raw_fhir_json,ce1_0.source_record_id,ce1_0.source_system,ce1_0.unit,ce1_0.value from clinical_events ce1_0 where ce1_0.patient_id=? and ce1_0.event_type=? order by ce1_0.event_timestamp desc
2026-08-21T08:41:20.996+05:30 DEBUG 29208 --- [demo] [io-8081-exec-10] org.hibernate.SQL                        : select ce1_0.id,ce1_0.code,ce1_0.created_at,ce1_0.display_name,ce1_0.event_timestamp,ce1_0.event_type,ce1_0.numeric_value,ce1_0.patient_id,ce1_0.raw_fhir_json,ce1_0.source_record_id,ce1_0.source_system,ce1_0.unit,ce1_0.value from clinical_events ce1_0 where ce1_0.patient_id=? and ce1_0.event_type=? order by ce1_0.event_timestamp desc
2026-08-21T08:41:20.998+05:30 DEBUG 29208 --- [demo] [io-8081-exec-10] org.hibernate.SQL                        : select ce1_0.id,ce1_0.code,ce1_0.created_at,ce1_0.display_name,ce1_0.event_timestamp,ce1_0.event_type,ce1_0.numeric_value,ce1_0.patient_id,ce1_0.raw_fhir_json,ce1_0.source_record_id,ce1_0.source_system,ce1_0.unit,ce1_0.value from clinical_events ce1_0 where ce1_0.patient_id=? and ce1_0.event_type=? order by ce1_0.event_timestamp desc
2026-08-21T08:41:21.001+05:30 DEBUG 29208 --- [demo] [io-8081-exec-10] org.hibernate.SQL                        : insert into trial_matches (matched_at,patient_id,review_notes,status,trial_id) values (?,?,?,?,?)
2026-08-21T08:41:21.002+05:30 DEBUG 29208 --- [demo] [io-8081-exec-10] org.hibernate.SQL                        : insert into criterion_results (clinical_event_id,criterion_id,explanation,gap_description,gap_to_pass,patient_value,status,trial_match_id) values (?,?,?,?,?,?,?,?)
2026-08-21T08:41:21.004+05:30 DEBUG 29208 --- [demo] [io-8081-exec-10] org.hibernate.SQL                        : insert into criterion_results (clinical_event_id,criterion_id,explanation,gap_description,gap_to_pass,patient_value,status,trial_match_id) values (?,?,?,?,?,?,?,?)
2026-08-21T08:41:21.005+05:30 DEBUG 29208 --- [demo] [io-8081-exec-10] org.hibernate.SQL                        : insert into criterion_results (clinical_event_id,criterion_id,explanation,gap_description,gap_to_pass,patient_value,status,trial_match_id) values (?,?,?,?,?,?,?,?)
2026-08-21T08:41:21.006+05:30 DEBUG 29208 --- [demo] [io-8081-exec-10] org.hibernate.SQL                        : insert into criterion_results (clinical_event_id,criterion_id,explanation,gap_description,gap_to_pass,patient_value,status,trial_match_id) values (?,?,?,?,?,?,?,?)
2026-08-21T08:41:21.007+05:30 DEBUG 29208 --- [demo] [io-8081-exec-10] org.hibernate.SQL                        : insert into criterion_results (clinical_event_id,criterion_id,explanation,gap_description,gap_to_pass,patient_value,status,trial_match_id) values (?,?,?,?,?,?,?,?)
2026-08-21T08:41:21.009+05:30 DEBUG 29208 --- [demo] [io-8081-exec-10] org.hibernate.SQL                        : select al1_0.id,al1_0.action,al1_0.current_hash,al1_0.details,al1_0.entity_id,al1_0.entity_type,al1_0.performed_by,al1_0.previous_hash,al1_0.timestamp from audit_logs al1_0 order by al1_0.id desc limit ?
2026-08-21T08:41:21.010+05:30 DEBUG 29208 --- [demo] [io-8081-exec-10] org.hibernate.SQL                        : insert into audit_logs (action,current_hash,details,entity_id,entity_type,performed_by,previous_hash,timestamp) values (?,?,?,?,?,?,?,?)
2026-08-21T08:41:21.013+05:30 DEBUG 29208 --- [demo] [io-8081-exec-10] org.hibernate.SQL                        : select tm1_0.id,tm1_0.matched_at,tm1_0.patient_id,tm1_0.review_notes,tm1_0.status,tm1_0.trial_id from trial_matches tm1_0 where tm1_0.trial_id=? and tm1_0.patient_id=?
2026-08-21T08:41:21.015+05:30 DEBUG 29208 --- [demo] [io-8081-exec-10] org.hibernate.SQL                        : select ce1_0.id,ce1_0.code,ce1_0.created_at,ce1_0.display_name,ce1_0.event_timestamp,ce1_0.event_type,ce1_0.numeric_value,ce1_0.patient_id,ce1_0.raw_fhir_json,ce1_0.source_record_id,ce1_0.source_system,ce1_0.unit,ce1_0.value from clinical_events ce1_0 where ce1_0.patient_id=? and ce1_0.event_type=? order by ce1_0.event_timestamp desc
2026-08-21T08:41:21.017+05:30 DEBUG 29208 --- [demo] [io-8081-exec-10] org.hibernate.SQL                        : select ce1_0.id,ce1_0.code,ce1_0.created_at,ce1_0.display_name,ce1_0.event_timestamp,ce1_0.event_type,ce1_0.numeric_value,ce1_0.patient_id,ce1_0.raw_fhir_json,ce1_0.source_record_id,ce1_0.source_system,ce1_0.unit,ce1_0.value from clinical_events ce1_0 where ce1_0.patient_id=? and ce1_0.event_type=? order by ce1_0.event_timestamp desc
2026-08-21T08:41:21.019+05:30 DEBUG 29208 --- [demo] [io-8081-exec-10] org.hibernate.SQL                        : select ce1_0.id,ce1_0.code,ce1_0.created_at,ce1_0.display_name,ce1_0.event_timestamp,ce1_0.event_type,ce1_0.numeric_value,ce1_0.patient_id,ce1_0.raw_fhir_json,ce1_0.source_record_id,ce1_0.source_system,ce1_0.unit,ce1_0.value from clinical_events ce1_0 where ce1_0.patient_id=? and ce1_0.event_type=? order by ce1_0.event_timestamp desc
2026-08-21T08:41:21.021+05:30 DEBUG 29208 --- [demo] [io-8081-exec-10] org.hibernate.SQL                        : select ce1_0.id,ce1_0.code,ce1_0.created_at,ce1_0.display_name,ce1_0.event_timestamp,ce1_0.event_type,ce1_0.numeric_value,ce1_0.patient_id,ce1_0.raw_fhir_json,ce1_0.source_record_id,ce1_0.source_system,ce1_0.unit,ce1_0.value from clinical_events ce1_0 where ce1_0.patient_id=? and ce1_0.event_type=? order by ce1_0.event_timestamp desc
2026-08-21T08:41:21.022+05:30 DEBUG 29208 --- [demo] [io-8081-exec-10] org.hibernate.SQL                        : insert into trial_matches (matched_at,patient_id,review_notes,status,trial_id) values (?,?,?,?,?)
2026-08-21T08:41:21.024+05:30 DEBUG 29208 --- [demo] [io-8081-exec-10] org.hibernate.SQL                        : insert into criterion_results (clinical_event_id,criterion_id,explanation,gap_description,gap_to_pass,patient_value,status,trial_match_id) values (?,?,?,?,?,?,?,?)
2026-08-21T08:41:21.025+05:30 DEBUG 29208 --- [demo] [io-8081-exec-10] org.hibernate.SQL                        : insert into criterion_results (clinical_event_id,criterion_id,explanation,gap_description,gap_to_pass,patient_value,status,trial_match_id) values (?,?,?,?,?,?,?,?)
2026-08-21T08:41:21.027+05:30 DEBUG 29208 --- [demo] [io-8081-exec-10] org.hibernate.SQL                        : insert into criterion_results (clinical_event_id,criterion_id,explanation,gap_description,gap_to_pass,patient_value,status,trial_match_id) values (?,?,?,?,?,?,?,?)
2026-08-21T08:41:21.028+05:30 DEBUG 29208 --- [demo] [io-8081-exec-10] org.hibernate.SQL                        : insert into criterion_results (clinical_event_id,criterion_id,explanation,gap_description,gap_to_pass,patient_value,status,trial_match_id) values (?,?,?,?,?,?,?,?)
2026-08-21T08:41:21.029+05:30 DEBUG 29208 --- [demo] [io-8081-exec-10] org.hibernate.SQL                        : insert into criterion_results (clinical_event_id,criterion_id,explanation,gap_description,gap_to_pass,patient_value,status,trial_match_id) values (?,?,?,?,?,?,?,?)
2026-08-21T08:41:21.031+05:30 DEBUG 29208 --- [demo] [io-8081-exec-10] org.hibernate.SQL                        : select al1_0.id,al1_0.action,al1_0.current_hash,al1_0.details,al1_0.entity_id,al1_0.entity_type,al1_0.performed_by,al1_0.previous_hash,al1_0.timestamp from audit_logs al1_0 order by al1_0.id desc limit ?
2026-08-21T08:41:21.033+05:30 DEBUG 29208 --- [demo] [io-8081-exec-10] org.hibernate.SQL                        : insert into audit_logs (action,current_hash,details,entity_id,entity_type,performed_by,previous_hash,timestamp) values (?,?,?,?,?,?,?,?)
2026-08-21T08:41:21.035+05:30 DEBUG 29208 --- [demo] [io-8081-exec-10] org.hibernate.SQL                        : select tm1_0.id,tm1_0.matched_at,tm1_0.patient_id,tm1_0.review_notes,tm1_0.status,tm1_0.trial_id from trial_matches tm1_0 where tm1_0.trial_id=? and tm1_0.patient_id=?
2026-08-21T08:41:21.038+05:30 DEBUG 29208 --- [demo] [io-8081-exec-10] org.hibernate.SQL                        : select ce1_0.id,ce1_0.code,ce1_0.created_at,ce1_0.display_name,ce1_0.event_timestamp,ce1_0.event_type,ce1_0.numeric_value,ce1_0.patient_id,ce1_0.raw_fhir_json,ce1_0.source_record_id,ce1_0.source_system,ce1_0.unit,ce1_0.value from clinical_events ce1_0 where ce1_0.patient_id=? and ce1_0.event_type=? order by ce1_0.event_timestamp desc
2026-08-21T08:41:21.040+05:30 DEBUG 29208 --- [demo] [io-8081-exec-10] org.hibernate.SQL                        : select ce1_0.id,ce1_0.code,ce1_0.created_at,ce1_0.display_name,ce1_0.event_timestamp,ce1_0.event_type,ce1_0.numeric_value,ce1_0.patient_id,ce1_0.raw_fhir_json,ce1_0.source_record_id,ce1_0.source_system,ce1_0.unit,ce1_0.value from clinical_events ce1_0 where ce1_0.patient_id=? and ce1_0.event_type=? order by ce1_0.event_timestamp desc
2026-08-21T08:41:21.041+05:30 DEBUG 29208 --- [demo] [io-8081-exec-10] org.hibernate.SQL                        : select ce1_0.id,ce1_0.code,ce1_0.created_at,ce1_0.display_name,ce1_0.event_timestamp,ce1_0.event_type,ce1_0.numeric_value,ce1_0.patient_id,ce1_0.raw_fhir_json,ce1_0.source_record_id,ce1_0.source_system,ce1_0.unit,ce1_0.value from clinical_events ce1_0 where ce1_0.patient_id=? and ce1_0.event_type=? order by ce1_0.event_timestamp desc
2026-08-21T08:41:21.041+05:30 DEBUG 29208 --- [demo] [io-8081-exec-10] org.hibernate.SQL                        : select ce1_0.id,ce1_0.code,ce1_0.created_at,ce1_0.display_name,ce1_0.event_timestamp,ce1_0.event_type,ce1_0.numeric_value,ce1_0.patient_id,ce1_0.raw_fhir_json,ce1_0.source_record_id,ce1_0.source_system,ce1_0.unit,ce1_0.value from clinical_events ce1_0 where ce1_0.patient_id=? and ce1_0.event_type=? order by ce1_0.event_timestamp desc
2026-08-21T08:41:21.043+05:30 DEBUG 29208 --- [demo] [io-8081-exec-10] org.hibernate.SQL                        : insert into trial_matches (matched_at,patient_id,review_notes,status,trial_id) values (?,?,?,?,?)
2026-08-21T08:41:21.044+05:30 DEBUG 29208 --- [demo] [io-8081-exec-10] org.hibernate.SQL                        : insert into criterion_results (clinical_event_id,criterion_id,explanation,gap_description,gap_to_pass,patient_value,status,trial_match_id) values (?,?,?,?,?,?,?,?)
2026-08-21T08:41:21.045+05:30 DEBUG 29208 --- [demo] [io-8081-exec-10] org.hibernate.SQL                        : insert into criterion_results (clinical_event_id,criterion_id,explanation,gap_description,gap_to_pass,patient_value,status,trial_match_id) values (?,?,?,?,?,?,?,?)
2026-08-21T08:41:21.047+05:30 DEBUG 29208 --- [demo] [io-8081-exec-10] org.hibernate.SQL                        : insert into criterion_results (clinical_event_id,criterion_id,explanation,gap_description,gap_to_pass,patient_value,status,trial_match_id) values (?,?,?,?,?,?,?,?)
2026-08-21T08:41:21.047+05:30 DEBUG 29208 --- [demo] [io-8081-exec-10] org.hibernate.SQL                        : insert into criterion_results (clinical_event_id,criterion_id,explanation,gap_description,gap_to_pass,patient_value,status,trial_match_id) values (?,?,?,?,?,?,?,?)
2026-08-21T08:41:21.049+05:30 DEBUG 29208 --- [demo] [io-8081-exec-10] org.hibernate.SQL                        : insert into criterion_results (clinical_event_id,criterion_id,explanation,gap_description,gap_to_pass,patient_value,status,trial_match_id) values (?,?,?,?,?,?,?,?)
2026-08-21T08:41:21.052+05:30 DEBUG 29208 --- [demo] [io-8081-exec-10] org.hibernate.SQL                        : select al1_0.id,al1_0.action,al1_0.current_hash,al1_0.details,al1_0.entity_id,al1_0.entity_type,al1_0.performed_by,al1_0.previous_hash,al1_0.timestamp from audit_logs al1_0 order by al1_0.id desc limit ?
2026-08-21T08:41:21.054+05:30 DEBUG 29208 --- [demo] [io-8081-exec-10] org.hibernate.SQL                        : insert into audit_logs (action,current_hash,details,entity_id,entity_type,performed_by,previous_hash,timestamp) values (?,?,?,?,?,?,?,?)
2026-08-21T08:41:21.057+05:30 DEBUG 29208 --- [demo] [io-8081-exec-10] org.hibernate.SQL                        : select tm1_0.id,tm1_0.matched_at,tm1_0.patient_id,tm1_0.review_notes,tm1_0.status,tm1_0.trial_id from trial_matches tm1_0 where tm1_0.trial_id=? and tm1_0.patient_id=?
2026-08-21T08:41:21.059+05:30 DEBUG 29208 --- [demo] [io-8081-exec-10] org.hibernate.SQL                        : select ce1_0.id,ce1_0.code,ce1_0.created_at,ce1_0.display_name,ce1_0.event_timestamp,ce1_0.event_type,ce1_0.numeric_value,ce1_0.patient_id,ce1_0.raw_fhir_json,ce1_0.source_record_id,ce1_0.source_system,ce1_0.unit,ce1_0.value from clinical_events ce1_0 where ce1_0.patient_id=? and ce1_0.event_type=? order by ce1_0.event_timestamp desc
2026-08-21T08:41:21.061+05:30 DEBUG 29208 --- [demo] [io-8081-exec-10] org.hibernate.SQL                        : select ce1_0.id,ce1_0.code,ce1_0.created_at,ce1_0.display_name,ce1_0.event_timestamp,ce1_0.event_type,ce1_0.numeric_value,ce1_0.patient_id,ce1_0.raw_fhir_json,ce1_0.source_record_id,ce1_0.source_system,ce1_0.unit,ce1_0.value from clinical_events ce1_0 where ce1_0.patient_id=? and ce1_0.event_type=? order by ce1_0.event_timestamp desc
2026-08-21T08:41:21.063+05:30 DEBUG 29208 --- [demo] [io-8081-exec-10] org.hibernate.SQL                        : select ce1_0.id,ce1_0.code,ce1_0.created_at,ce1_0.display_name,ce1_0.event_timestamp,ce1_0.event_type,ce1_0.numeric_value,ce1_0.patient_id,ce1_0.raw_fhir_json,ce1_0.source_record_id,ce1_0.source_system,ce1_0.unit,ce1_0.value from clinical_events ce1_0 where ce1_0.patient_id=? and ce1_0.event_type=? order by ce1_0.event_timestamp desc
2026-08-21T08:41:21.065+05:30 DEBUG 29208 --- [demo] [io-8081-exec-10] org.hibernate.SQL                        : select ce1_0.id,ce1_0.code,ce1_0.created_at,ce1_0.display_name,ce1_0.event_timestamp,ce1_0.event_type,ce1_0.numeric_value,ce1_0.patient_id,ce1_0.raw_fhir_json,ce1_0.source_record_id,ce1_0.source_system,ce1_0.unit,ce1_0.value from clinical_events ce1_0 where ce1_0.patient_id=? and ce1_0.event_type=? order by ce1_0.event_timestamp desc
2026-08-21T08:41:21.066+05:30 DEBUG 29208 --- [demo] [io-8081-exec-10] org.hibernate.SQL                        : insert into trial_matches (matched_at,patient_id,review_notes,status,trial_id) values (?,?,?,?,?)
2026-08-21T08:41:21.067+05:30 DEBUG 29208 --- [demo] [io-8081-exec-10] org.hibernate.SQL                        : insert into criterion_results (clinical_event_id,criterion_id,explanation,gap_description,gap_to_pass,patient_value,status,trial_match_id) values (?,?,?,?,?,?,?,?)
2026-08-21T08:41:21.068+05:30 DEBUG 29208 --- [demo] [io-8081-exec-10] org.hibernate.SQL                        : insert into criterion_results (clinical_event_id,criterion_id,explanation,gap_description,gap_to_pass,patient_value,status,trial_match_id) values (?,?,?,?,?,?,?,?)
2026-08-21T08:41:21.069+05:30 DEBUG 29208 --- [demo] [io-8081-exec-10] org.hibernate.SQL                        : insert into criterion_results (clinical_event_id,criterion_id,explanation,gap_description,gap_to_pass,patient_value,status,trial_match_id) values (?,?,?,?,?,?,?,?)
2026-08-21T08:41:21.070+05:30 DEBUG 29208 --- [demo] [io-8081-exec-10] org.hibernate.SQL                        : insert into criterion_results (clinical_event_id,criterion_id,explanation,gap_description,gap_to_pass,patient_value,status,trial_match_id) values (?,?,?,?,?,?,?,?)
2026-08-21T08:41:21.071+05:30 DEBUG 29208 --- [demo] [io-8081-exec-10] org.hibernate.SQL                        : insert into criterion_results (clinical_event_id,criterion_id,explanation,gap_description,gap_to_pass,patient_value,status,trial_match_id) values (?,?,?,?,?,?,?,?)
2026-08-21T08:41:21.074+05:30 DEBUG 29208 --- [demo] [io-8081-exec-10] org.hibernate.SQL                        : select al1_0.id,al1_0.action,al1_0.current_hash,al1_0.details,al1_0.entity_id,al1_0.entity_type,al1_0.performed_by,al1_0.previous_hash,al1_0.timestamp from audit_logs al1_0 order by al1_0.id desc limit ?
2026-08-21T08:41:21.076+05:30 DEBUG 29208 --- [demo] [io-8081-exec-10] org.hibernate.SQL                        : insert into audit_logs (action,current_hash,details,entity_id,entity_type,performed_by,previous_hash,timestamp) values (?,?,?,?,?,?,?,?)
2026-08-21T08:41:21.078+05:30 DEBUG 29208 --- [demo] [io-8081-exec-10] org.hibernate.SQL                        : select tm1_0.id,tm1_0.matched_at,tm1_0.patient_id,tm1_0.review_notes,tm1_0.status,tm1_0.trial_id from trial_matches tm1_0 where tm1_0.trial_id=? and tm1_0.patient_id=?
2026-08-21T08:41:21.079+05:30 DEBUG 29208 --- [demo] [io-8081-exec-10] org.hibernate.SQL                        : select ce1_0.id,ce1_0.code,ce1_0.created_at,ce1_0.display_name,ce1_0.event_timestamp,ce1_0.event_type,ce1_0.numeric_value,ce1_0.patient_id,ce1_0.raw_fhir_json,ce1_0.source_record_id,ce1_0.source_system,ce1_0.unit,ce1_0.value from clinical_events ce1_0 where ce1_0.patient_id=? and ce1_0.event_type=? order by ce1_0.event_timestamp desc
2026-08-21T08:41:21.081+05:30 DEBUG 29208 --- [demo] [io-8081-exec-10] org.hibernate.SQL                        : select ce1_0.id,ce1_0.code,ce1_0.created_at,ce1_0.display_name,ce1_0.event_timestamp,ce1_0.event_type,ce1_0.numeric_value,ce1_0.patient_id,ce1_0.raw_fhir_json,ce1_0.source_record_id,ce1_0.source_system,ce1_0.unit,ce1_0.value from clinical_events ce1_0 where ce1_0.patient_id=? and ce1_0.event_type=? order by ce1_0.event_timestamp desc
2026-08-21T08:41:21.084+05:30 DEBUG 29208 --- [demo] [io-8081-exec-10] org.hibernate.SQL                        : select ce1_0.id,ce1_0.code,ce1_0.created_at,ce1_0.display_name,ce1_0.event_timestamp,ce1_0.event_type,ce1_0.numeric_value,ce1_0.patient_id,ce1_0.raw_fhir_json,ce1_0.source_record_id,ce1_0.source_system,ce1_0.unit,ce1_0.value from clinical_events ce1_0 where ce1_0.patient_id=? and ce1_0.event_type=? order by ce1_0.event_timestamp desc
2026-08-21T08:41:21.086+05:30 DEBUG 29208 --- [demo] [io-8081-exec-10] org.hibernate.SQL                        : select ce1_0.id,ce1_0.code,ce1_0.created_at,ce1_0.display_name,ce1_0.event_timestamp,ce1_0.event_type,ce1_0.numeric_value,ce1_0.patient_id,ce1_0.raw_fhir_json,ce1_0.source_record_id,ce1_0.source_system,ce1_0.unit,ce1_0.value from clinical_events ce1_0 where ce1_0.patient_id=? and ce1_0.event_type=? order by ce1_0.event_timestamp desc
2026-08-21T08:41:21.087+05:30 DEBUG 29208 --- [demo] [io-8081-exec-10] org.hibernate.SQL                        : insert into trial_matches (matched_at,patient_id,review_notes,status,trial_id) values (?,?,?,?,?)
2026-08-21T08:41:21.088+05:30 DEBUG 29208 --- [demo] [io-8081-exec-10] org.hibernate.SQL                        : insert into criterion_results (clinical_event_id,criterion_id,explanation,gap_description,gap_to_pass,patient_value,status,trial_match_id) values (?,?,?,?,?,?,?,?)
2026-08-21T08:41:21.089+05:30 DEBUG 29208 --- [demo] [io-8081-exec-10] org.hibernate.SQL                        : insert into criterion_results (clinical_event_id,criterion_id,explanation,gap_description,gap_to_pass,patient_value,status,trial_match_id) values (?,?,?,?,?,?,?,?)
2026-08-21T08:41:21.090+05:30 DEBUG 29208 --- [demo] [io-8081-exec-10] org.hibernate.SQL                        : insert into criterion_results (clinical_event_id,criterion_id,explanation,gap_description,gap_to_pass,patient_value,status,trial_match_id) values (?,?,?,?,?,?,?,?)
2026-08-21T08:41:21.091+05:30 DEBUG 29208 --- [demo] [io-8081-exec-10] org.hibernate.SQL                        : insert into criterion_results (clinical_event_id,criterion_id,explanation,gap_description,gap_to_pass,patient_value,status,trial_match_id) values (?,?,?,?,?,?,?,?)
2026-08-21T08:41:21.093+05:30 DEBUG 29208 --- [demo] [io-8081-exec-10] org.hibernate.SQL                        : insert into criterion_results (clinical_event_id,criterion_id,explanation,gap_description,gap_to_pass,patient_value,status,trial_match_id) values (?,?,?,?,?,?,?,?)
2026-08-21T08:41:21.094+05:30 DEBUG 29208 --- [demo] [io-8081-exec-10] org.hibernate.SQL                        : select al1_0.id,al1_0.action,al1_0.current_hash,al1_0.details,al1_0.entity_id,al1_0.entity_type,al1_0.performed_by,al1_0.previous_hash,al1_0.timestamp from audit_logs al1_0 order by al1_0.id desc limit ?
2026-08-21T08:41:21.095+05:30 DEBUG 29208 --- [demo] [io-8081-exec-10] org.hibernate.SQL                        : insert into audit_logs (action,current_hash,details,entity_id,entity_type,performed_by,previous_hash,timestamp) values (?,?,?,?,?,?,?,?)
2026-08-21T08:41:21.097+05:30 DEBUG 29208 --- [demo] [io-8081-exec-10] org.hibernate.SQL                        : select tm1_0.id,tm1_0.matched_at,tm1_0.patient_id,tm1_0.review_notes,tm1_0.status,tm1_0.trial_id from trial_matches tm1_0 where tm1_0.trial_id=? and tm1_0.patient_id=?
2026-08-21T08:41:21.098+05:30 DEBUG 29208 --- [demo] [io-8081-exec-10] org.hibernate.SQL                        : select ce1_0.id,ce1_0.code,ce1_0.created_at,ce1_0.display_name,ce1_0.event_timestamp,ce1_0.event_type,ce1_0.numeric_value,ce1_0.patient_id,ce1_0.raw_fhir_json,ce1_0.source_record_id,ce1_0.source_system,ce1_0.unit,ce1_0.value from clinical_events ce1_0 where ce1_0.patient_id=? and ce1_0.event_type=? order by ce1_0.event_timestamp desc
2026-08-21T08:41:21.100+05:30 DEBUG 29208 --- [demo] [io-8081-exec-10] org.hibernate.SQL                        : select ce1_0.id,ce1_0.code,ce1_0.created_at,ce1_0.display_name,ce1_0.event_timestamp,ce1_0.event_type,ce1_0.numeric_value,ce1_0.patient_id,ce1_0.raw_fhir_json,ce1_0.source_record_id,ce1_0.source_system,ce1_0.unit,ce1_0.value from clinical_events ce1_0 where ce1_0.patient_id=? and ce1_0.event_type=? order by ce1_0.event_timestamp desc
2026-08-21T08:41:21.102+05:30 DEBUG 29208 --- [demo] [io-8081-exec-10] org.hibernate.SQL                        : select ce1_0.id,ce1_0.code,ce1_0.created_at,ce1_0.display_name,ce1_0.event_timestamp,ce1_0.event_type,ce1_0.numeric_value,ce1_0.patient_id,ce1_0.raw_fhir_json,ce1_0.source_record_id,ce1_0.source_system,ce1_0.unit,ce1_0.value from clinical_events ce1_0 where ce1_0.patient_id=? and ce1_0.event_type=? order by ce1_0.event_timestamp desc
2026-08-21T08:41:21.104+05:30 DEBUG 29208 --- [demo] [io-8081-exec-10] org.hibernate.SQL                        : select ce1_0.id,ce1_0.code,ce1_0.created_at,ce1_0.display_name,ce1_0.event_timestamp,ce1_0.event_type,ce1_0.numeric_value,ce1_0.patient_id,ce1_0.raw_fhir_json,ce1_0.source_record_id,ce1_0.source_system,ce1_0.unit,ce1_0.value from clinical_events ce1_0 where ce1_0.patient_id=? and ce1_0.event_type=? order by ce1_0.event_timestamp desc
2026-08-21T08:41:21.106+05:30 DEBUG 29208 --- [demo] [io-8081-exec-10] org.hibernate.SQL                        : insert into trial_matches (matched_at,patient_id,review_notes,status,trial_id) values (?,?,?,?,?)
2026-08-21T08:41:21.107+05:30 DEBUG 29208 --- [demo] [io-8081-exec-10] org.hibernate.SQL                        : insert into criterion_results (clinical_event_id,criterion_id,explanation,gap_description,gap_to_pass,patient_value,status,trial_match_id) values (?,?,?,?,?,?,?,?)
2026-08-21T08:41:21.109+05:30 DEBUG 29208 --- [demo] [io-8081-exec-10] org.hibernate.SQL                        : insert into criterion_results (clinical_event_id,criterion_id,explanation,gap_description,gap_to_pass,patient_value,status,trial_match_id) values (?,?,?,?,?,?,?,?)
2026-08-21T08:41:21.111+05:30 DEBUG 29208 --- [demo] [io-8081-exec-10] org.hibernate.SQL                        : insert into criterion_results (clinical_event_id,criterion_id,explanation,gap_description,gap_to_pass,patient_value,status,trial_match_id) values (?,?,?,?,?,?,?,?)
2026-08-21T08:41:21.112+05:30 DEBUG 29208 --- [demo] [io-8081-exec-10] org.hibernate.SQL                        : insert into criterion_results (clinical_event_id,criterion_id,explanation,gap_description,gap_to_pass,patient_value,status,trial_match_id) values (?,?,?,?,?,?,?,?)
2026-08-21T08:41:21.113+05:30 DEBUG 29208 --- [demo] [io-8081-exec-10] org.hibernate.SQL                        : insert into criterion_results (clinical_event_id,criterion_id,explanation,gap_description,gap_to_pass,patient_value,status,trial_match_id) values (?,?,?,?,?,?,?,?)
2026-08-21T08:41:21.114+05:30 DEBUG 29208 --- [demo] [io-8081-exec-10] org.hibernate.SQL                        : select al1_0.id,al1_0.action,al1_0.current_hash,al1_0.details,al1_0.entity_id,al1_0.entity_type,al1_0.performed_by,al1_0.previous_hash,al1_0.timestamp from audit_logs al1_0 order by al1_0.id desc limit ?
2026-08-21T08:41:21.116+05:30 DEBUG 29208 --- [demo] [io-8081-exec-10] org.hibernate.SQL                        : insert into audit_logs (action,current_hash,details,entity_id,entity_type,performed_by,previous_hash,timestamp) values (?,?,?,?,?,?,?,?)
2026-08-21T08:41:21.119+05:30 DEBUG 29208 --- [demo] [io-8081-exec-10] org.hibernate.SQL                        : select tm1_0.id,tm1_0.matched_at,tm1_0.patient_id,tm1_0.review_notes,tm1_0.status,tm1_0.trial_id from trial_matches tm1_0 where tm1_0.trial_id=? and tm1_0.patient_id=?
2026-08-21T08:41:21.122+05:30 DEBUG 29208 --- [demo] [io-8081-exec-10] org.hibernate.SQL                        : select ce1_0.id,ce1_0.code,ce1_0.created_at,ce1_0.display_name,ce1_0.event_timestamp,ce1_0.event_type,ce1_0.numeric_value,ce1_0.patient_id,ce1_0.raw_fhir_json,ce1_0.source_record_id,ce1_0.source_system,ce1_0.unit,ce1_0.value from clinical_events ce1_0 where ce1_0.patient_id=? and ce1_0.event_type=? order by ce1_0.event_timestamp desc
2026-08-21T08:41:21.124+05:30 DEBUG 29208 --- [demo] [io-8081-exec-10] org.hibernate.SQL                        : select ce1_0.id,ce1_0.code,ce1_0.created_at,ce1_0.display_name,ce1_0.event_timestamp,ce1_0.event_type,ce1_0.numeric_value,ce1_0.patient_id,ce1_0.raw_fhir_json,ce1_0.source_record_id,ce1_0.source_system,ce1_0.unit,ce1_0.value from clinical_events ce1_0 where ce1_0.patient_id=? and ce1_0.event_type=? order by ce1_0.event_timestamp desc
2026-08-21T08:41:21.126+05:30 DEBUG 29208 --- [demo] [io-8081-exec-10] org.hibernate.SQL                        : select ce1_0.id,ce1_0.code,ce1_0.created_at,ce1_0.display_name,ce1_0.event_timestamp,ce1_0.event_type,ce1_0.numeric_value,ce1_0.patient_id,ce1_0.raw_fhir_json,ce1_0.source_record_id,ce1_0.source_system,ce1_0.unit,ce1_0.value from clinical_events ce1_0 where ce1_0.patient_id=? and ce1_0.event_type=? order by ce1_0.event_timestamp desc
2026-08-21T08:41:21.128+05:30 DEBUG 29208 --- [demo] [io-8081-exec-10] org.hibernate.SQL                        : select ce1_0.id,ce1_0.code,ce1_0.created_at,ce1_0.display_name,ce1_0.event_timestamp,ce1_0.event_type,ce1_0.numeric_value,ce1_0.patient_id,ce1_0.raw_fhir_json,ce1_0.source_record_id,ce1_0.source_system,ce1_0.unit,ce1_0.value from clinical_events ce1_0 where ce1_0.patient_id=? and ce1_0.event_type=? order by ce1_0.event_timestamp desc
2026-08-21T08:41:21.129+05:30 DEBUG 29208 --- [demo] [io-8081-exec-10] org.hibernate.SQL                        : insert into trial_matches (matched_at,patient_id,review_notes,status,trial_id) values (?,?,?,?,?)
2026-08-21T08:41:21.130+05:30 DEBUG 29208 --- [demo] [io-8081-exec-10] org.hibernate.SQL                        : insert into criterion_results (clinical_event_id,criterion_id,explanation,gap_description,gap_to_pass,patient_value,status,trial_match_id) values (?,?,?,?,?,?,?,?)
2026-08-21T08:41:21.131+05:30 DEBUG 29208 --- [demo] [io-8081-exec-10] org.hibernate.SQL                        : insert into criterion_results (clinical_event_id,criterion_id,explanation,gap_description,gap_to_pass,patient_value,status,trial_match_id) values (?,?,?,?,?,?,?,?)
2026-08-21T08:41:21.132+05:30 DEBUG 29208 --- [demo] [io-8081-exec-10] org.hibernate.SQL                        : insert into criterion_results (clinical_event_id,criterion_id,explanation,gap_description,gap_to_pass,patient_value,status,trial_match_id) values (?,?,?,?,?,?,?,?)
2026-08-21T08:41:21.132+05:30 DEBUG 29208 --- [demo] [io-8081-exec-10] org.hibernate.SQL                        : insert into criterion_results (clinical_event_id,criterion_id,explanation,gap_description,gap_to_pass,patient_value,status,trial_match_id) values (?,?,?,?,?,?,?,?)
2026-08-21T08:41:21.133+05:30 DEBUG 29208 --- [demo] [io-8081-exec-10] org.hibernate.SQL                        : insert into criterion_results (clinical_event_id,criterion_id,explanation,gap_description,gap_to_pass,patient_value,status,trial_match_id) values (?,?,?,?,?,?,?,?)
2026-08-21T08:41:21.135+05:30 DEBUG 29208 --- [demo] [io-8081-exec-10] org.hibernate.SQL                        : select al1_0.id,al1_0.action,al1_0.current_hash,al1_0.details,al1_0.entity_id,al1_0.entity_type,al1_0.performed_by,al1_0.previous_hash,al1_0.timestamp from audit_logs al1_0 order by al1_0.id desc limit ?
2026-08-21T08:41:21.136+05:30 DEBUG 29208 --- [demo] [io-8081-exec-10] org.hibernate.SQL                        : insert into audit_logs (action,current_hash,details,entity_id,entity_type,performed_by,previous_hash,timestamp) values (?,?,?,?,?,?,?,?)
2026-08-21T08:41:21.139+05:30 DEBUG 29208 --- [demo] [io-8081-exec-10] org.hibernate.SQL                        : select tm1_0.id,tm1_0.matched_at,tm1_0.patient_id,tm1_0.review_notes,tm1_0.status,tm1_0.trial_id from trial_matches tm1_0 where tm1_0.trial_id=? and tm1_0.patient_id=?
2026-08-21T08:41:21.142+05:30 DEBUG 29208 --- [demo] [io-8081-exec-10] org.hibernate.SQL                        : select ce1_0.id,ce1_0.code,ce1_0.created_at,ce1_0.display_name,ce1_0.event_timestamp,ce1_0.event_type,ce1_0.numeric_value,ce1_0.patient_id,ce1_0.raw_fhir_json,ce1_0.source_record_id,ce1_0.source_system,ce1_0.unit,ce1_0.value from clinical_events ce1_0 where ce1_0.patient_id=? and ce1_0.event_type=? order by ce1_0.event_timestamp desc
2026-08-21T08:41:21.146+05:30 DEBUG 29208 --- [demo] [io-8081-exec-10] org.hibernate.SQL                        : select ce1_0.id,ce1_0.code,ce1_0.created_at,ce1_0.display_name,ce1_0.event_timestamp,ce1_0.event_type,ce1_0.numeric_value,ce1_0.patient_id,ce1_0.raw_fhir_json,ce1_0.source_record_id,ce1_0.source_system,ce1_0.unit,ce1_0.value from clinical_events ce1_0 where ce1_0.patient_id=? and ce1_0.event_type=? order by ce1_0.event_timestamp desc
2026-08-21T08:41:21.149+05:30 DEBUG 29208 --- [demo] [io-8081-exec-10] org.hibernate.SQL                        : select ce1_0.id,ce1_0.code,ce1_0.created_at,ce1_0.display_name,ce1_0.event_timestamp,ce1_0.event_type,ce1_0.numeric_value,ce1_0.patient_id,ce1_0.raw_fhir_json,ce1_0.source_record_id,ce1_0.source_system,ce1_0.unit,ce1_0.value from clinical_events ce1_0 where ce1_0.patient_id=? and ce1_0.event_type=? order by ce1_0.event_timestamp desc
2026-08-21T08:41:21.151+05:30 DEBUG 29208 --- [demo] [io-8081-exec-10] org.hibernate.SQL                        : select ce1_0.id,ce1_0.code,ce1_0.created_at,ce1_0.display_name,ce1_0.event_timestamp,ce1_0.event_type,ce1_0.numeric_value,ce1_0.patient_id,ce1_0.raw_fhir_json,ce1_0.source_record_id,ce1_0.source_system,ce1_0.unit,ce1_0.value from clinical_events ce1_0 where ce1_0.patient_id=? and ce1_0.event_type=? order by ce1_0.event_timestamp desc
2026-08-21T08:41:21.153+05:30 DEBUG 29208 --- [demo] [io-8081-exec-10] org.hibernate.SQL                        : insert into trial_matches (matched_at,patient_id,review_notes,status,trial_id) values (?,?,?,?,?)
2026-08-21T08:41:21.155+05:30 DEBUG 29208 --- [demo] [io-8081-exec-10] org.hibernate.SQL                        : insert into criterion_results (clinical_event_id,criterion_id,explanation,gap_description,gap_to_pass,patient_value,status,trial_match_id) values (?,?,?,?,?,?,?,?)
2026-08-21T08:41:21.156+05:30 DEBUG 29208 --- [demo] [io-8081-exec-10] org.hibernate.SQL                        : insert into criterion_results (clinical_event_id,criterion_id,explanation,gap_description,gap_to_pass,patient_value,status,trial_match_id) values (?,?,?,?,?,?,?,?)
2026-08-21T08:41:21.158+05:30 DEBUG 29208 --- [demo] [io-8081-exec-10] org.hibernate.SQL                        : insert into criterion_results (clinical_event_id,criterion_id,explanation,gap_description,gap_to_pass,patient_value,status,trial_match_id) values (?,?,?,?,?,?,?,?)
2026-08-21T08:41:21.159+05:30 DEBUG 29208 --- [demo] [io-8081-exec-10] org.hibernate.SQL                        : insert into criterion_results (clinical_event_id,criterion_id,explanation,gap_description,gap_to_pass,patient_value,status,trial_match_id) values (?,?,?,?,?,?,?,?)
2026-08-21T08:41:21.160+05:30 DEBUG 29208 --- [demo] [io-8081-exec-10] org.hibernate.SQL                        : insert into criterion_results (clinical_event_id,criterion_id,explanation,gap_description,gap_to_pass,patient_value,status,trial_match_id) values (?,?,?,?,?,?,?,?)
2026-08-21T08:41:21.162+05:30 DEBUG 29208 --- [demo] [io-8081-exec-10] org.hibernate.SQL                        : select al1_0.id,al1_0.action,al1_0.current_hash,al1_0.details,al1_0.entity_id,al1_0.entity_type,al1_0.performed_by,al1_0.previous_hash,al1_0.timestamp from audit_logs al1_0 order by al1_0.id desc limit ?
2026-08-21T08:41:21.164+05:30 DEBUG 29208 --- [demo] [io-8081-exec-10] org.hibernate.SQL                        : insert into audit_logs (action,current_hash,details,entity_id,entity_type,performed_by,previous_hash,timestamp) values (?,?,?,?,?,?,?,?)
2026-08-21T08:41:21.168+05:30 DEBUG 29208 --- [demo] [io-8081-exec-10] org.hibernate.SQL                        : select tm1_0.id,tm1_0.matched_at,tm1_0.patient_id,tm1_0.review_notes,tm1_0.status,tm1_0.trial_id from trial_matches tm1_0 where tm1_0.trial_id=? and tm1_0.patient_id=?
2026-08-21T08:41:21.171+05:30 DEBUG 29208 --- [demo] [io-8081-exec-10] org.hibernate.SQL                        : select ce1_0.id,ce1_0.code,ce1_0.created_at,ce1_0.display_name,ce1_0.event_timestamp,ce1_0.event_type,ce1_0.numeric_value,ce1_0.patient_id,ce1_0.raw_fhir_json,ce1_0.source_record_id,ce1_0.source_system,ce1_0.unit,ce1_0.value from clinical_events ce1_0 where ce1_0.patient_id=? and ce1_0.event_type=? order by ce1_0.event_timestamp desc
2026-08-21T08:41:21.174+05:30 DEBUG 29208 --- [demo] [io-8081-exec-10] org.hibernate.SQL                        : select ce1_0.id,ce1_0.code,ce1_0.created_at,ce1_0.display_name,ce1_0.event_timestamp,ce1_0.event_type,ce1_0.numeric_value,ce1_0.patient_id,ce1_0.raw_fhir_json,ce1_0.source_record_id,ce1_0.source_system,ce1_0.unit,ce1_0.value from clinical_events ce1_0 where ce1_0.patient_id=? and ce1_0.event_type=? order by ce1_0.event_timestamp desc
2026-08-21T08:41:21.178+05:30 DEBUG 29208 --- [demo] [io-8081-exec-10] org.hibernate.SQL                        : select ce1_0.id,ce1_0.code,ce1_0.created_at,ce1_0.display_name,ce1_0.event_timestamp,ce1_0.event_type,ce1_0.numeric_value,ce1_0.patient_id,ce1_0.raw_fhir_json,ce1_0.source_record_id,ce1_0.source_system,ce1_0.unit,ce1_0.value from clinical_events ce1_0 where ce1_0.patient_id=? and ce1_0.event_type=? order by ce1_0.event_timestamp desc
2026-08-21T08:41:21.180+05:30 DEBUG 29208 --- [demo] [io-8081-exec-10] org.hibernate.SQL                        : select ce1_0.id,ce1_0.code,ce1_0.created_at,ce1_0.display_name,ce1_0.event_timestamp,ce1_0.event_type,ce1_0.numeric_value,ce1_0.patient_id,ce1_0.raw_fhir_json,ce1_0.source_record_id,ce1_0.source_system,ce1_0.unit,ce1_0.value from clinical_events ce1_0 where ce1_0.patient_id=? and ce1_0.event_type=? order by ce1_0.event_timestamp desc
2026-08-21T08:41:21.182+05:30 DEBUG 29208 --- [demo] [io-8081-exec-10] org.hibernate.SQL                        : insert into trial_matches (matched_at,patient_id,review_notes,status,trial_id) values (?,?,?,?,?)
2026-08-21T08:41:21.183+05:30 DEBUG 29208 --- [demo] [io-8081-exec-10] org.hibernate.SQL                        : insert into criterion_results (clinical_event_id,criterion_id,explanation,gap_description,gap_to_pass,patient_value,status,trial_match_id) values (?,?,?,?,?,?,?,?)
2026-08-21T08:41:21.184+05:30 DEBUG 29208 --- [demo] [io-8081-exec-10] org.hibernate.SQL                        : insert into criterion_results (clinical_event_id,criterion_id,explanation,gap_description,gap_to_pass,patient_value,status,trial_match_id) values (?,?,?,?,?,?,?,?)
2026-08-21T08:41:21.186+05:30 DEBUG 29208 --- [demo] [io-8081-exec-10] org.hibernate.SQL                        : insert into criterion_results (clinical_event_id,criterion_id,explanation,gap_description,gap_to_pass,patient_value,status,trial_match_id) values (?,?,?,?,?,?,?,?)
2026-08-21T08:41:21.188+05:30 DEBUG 29208 --- [demo] [io-8081-exec-10] org.hibernate.SQL                        : insert into criterion_results (clinical_event_id,criterion_id,explanation,gap_description,gap_to_pass,patient_value,status,trial_match_id) values (?,?,?,?,?,?,?,?)
2026-08-21T08:41:21.189+05:30 DEBUG 29208 --- [demo] [io-8081-exec-10] org.hibernate.SQL                        : insert into criterion_results (clinical_event_id,criterion_id,explanation,gap_description,gap_to_pass,patient_value,status,trial_match_id) values (?,?,?,?,?,?,?,?)
2026-08-21T08:41:21.192+05:30 DEBUG 29208 --- [demo] [io-8081-exec-10] org.hibernate.SQL                        : select al1_0.id,al1_0.action,al1_0.current_hash,al1_0.details,al1_0.entity_id,al1_0.entity_type,al1_0.performed_by,al1_0.previous_hash,al1_0.timestamp from audit_logs al1_0 order by al1_0.id desc limit ?
2026-08-21T08:41:21.193+05:30 DEBUG 29208 --- [demo] [io-8081-exec-10] org.hibernate.SQL                        : insert into audit_logs (action,current_hash,details,entity_id,entity_type,performed_by,previous_hash,timestamp) values (?,?,?,?,?,?,?,?)
2026-08-21T08:41:21.197+05:30 DEBUG 29208 --- [demo] [io-8081-exec-10] org.hibernate.SQL                        : select tm1_0.id,tm1_0.matched_at,tm1_0.patient_id,tm1_0.review_notes,tm1_0.status,tm1_0.trial_id from trial_matches tm1_0 where tm1_0.trial_id=? and tm1_0.patient_id=?
2026-08-21T08:41:21.200+05:30 DEBUG 29208 --- [demo] [io-8081-exec-10] org.hibernate.SQL                        : select ce1_0.id,ce1_0.code,ce1_0.created_at,ce1_0.display_name,ce1_0.event_timestamp,ce1_0.event_type,ce1_0.numeric_value,ce1_0.patient_id,ce1_0.raw_fhir_json,ce1_0.source_record_id,ce1_0.source_system,ce1_0.unit,ce1_0.value from clinical_events ce1_0 where ce1_0.patient_id=? and ce1_0.event_type=? order by ce1_0.event_timestamp desc
2026-08-21T08:41:21.202+05:30 DEBUG 29208 --- [demo] [io-8081-exec-10] org.hibernate.SQL                        : select ce1_0.id,ce1_0.code,ce1_0.created_at,ce1_0.display_name,ce1_0.event_timestamp,ce1_0.event_type,ce1_0.numeric_value,ce1_0.patient_id,ce1_0.raw_fhir_json,ce1_0.source_record_id,ce1_0.source_system,ce1_0.unit,ce1_0.value from clinical_events ce1_0 where ce1_0.patient_id=? and ce1_0.event_type=? order by ce1_0.event_timestamp desc
2026-08-21T08:41:21.206+05:30 DEBUG 29208 --- [demo] [io-8081-exec-10] org.hibernate.SQL                        : select ce1_0.id,ce1_0.code,ce1_0.created_at,ce1_0.display_name,ce1_0.event_timestamp,ce1_0.event_type,ce1_0.numeric_value,ce1_0.patient_id,ce1_0.raw_fhir_json,ce1_0.source_record_id,ce1_0.source_system,ce1_0.unit,ce1_0.value from clinical_events ce1_0 where ce1_0.patient_id=? and ce1_0.event_type=? order by ce1_0.event_timestamp desc
2026-08-21T08:41:21.208+05:30 DEBUG 29208 --- [demo] [io-8081-exec-10] org.hibernate.SQL                        : select ce1_0.id,ce1_0.code,ce1_0.created_at,ce1_0.display_name,ce1_0.event_timestamp,ce1_0.event_type,ce1_0.numeric_value,ce1_0.patient_id,ce1_0.raw_fhir_json,ce1_0.source_record_id,ce1_0.source_system,ce1_0.unit,ce1_0.value from clinical_events ce1_0 where ce1_0.patient_id=? and ce1_0.event_type=? order by ce1_0.event_timestamp desc
2026-08-21T08:41:21.210+05:30 DEBUG 29208 --- [demo] [io-8081-exec-10] org.hibernate.SQL                        : insert into trial_matches (matched_at,patient_id,review_notes,status,trial_id) values (?,?,?,?,?)
2026-08-21T08:41:21.212+05:30 DEBUG 29208 --- [demo] [io-8081-exec-10] org.hibernate.SQL                        : insert into criterion_results (clinical_event_id,criterion_id,explanation,gap_description,gap_to_pass,patient_value,status,trial_match_id) values (?,?,?,?,?,?,?,?)
2026-08-21T08:41:21.214+05:30 DEBUG 29208 --- [demo] [io-8081-exec-10] org.hibernate.SQL                        : insert into criterion_results (clinical_event_id,criterion_id,explanation,gap_description,gap_to_pass,patient_value,status,trial_match_id) values (?,?,?,?,?,?,?,?)
2026-08-21T08:41:21.215+05:30 DEBUG 29208 --- [demo] [io-8081-exec-10] org.hibernate.SQL                        : insert into criterion_results (clinical_event_id,criterion_id,explanation,gap_description,gap_to_pass,patient_value,status,trial_match_id) values (?,?,?,?,?,?,?,?)
2026-08-21T08:41:21.216+05:30 DEBUG 29208 --- [demo] [io-8081-exec-10] org.hibernate.SQL                        : insert into criterion_results (clinical_event_id,criterion_id,explanation,gap_description,gap_to_pass,patient_value,status,trial_match_id) values (?,?,?,?,?,?,?,?)
2026-08-21T08:41:21.218+05:30 DEBUG 29208 --- [demo] [io-8081-exec-10] org.hibernate.SQL                        : insert into criterion_results (clinical_event_id,criterion_id,explanation,gap_description,gap_to_pass,patient_value,status,trial_match_id) values (?,?,?,?,?,?,?,?)
2026-08-21T08:41:21.221+05:30 DEBUG 29208 --- [demo] [io-8081-exec-10] org.hibernate.SQL                        : select al1_0.id,al1_0.action,al1_0.current_hash,al1_0.details,al1_0.entity_id,al1_0.entity_type,al1_0.performed_by,al1_0.previous_hash,al1_0.timestamp from audit_logs al1_0 order by al1_0.id desc limit ?
2026-08-21T08:41:21.222+05:30 DEBUG 29208 --- [demo] [io-8081-exec-10] org.hibernate.SQL                        : insert into audit_logs (action,current_hash,details,entity_id,entity_type,performed_by,previous_hash,timestamp) values (?,?,?,?,?,?,?,?)
2026-08-21T08:41:21.225+05:30 DEBUG 29208 --- [demo] [io-8081-exec-10] org.hibernate.SQL                        : select tm1_0.id,tm1_0.matched_at,tm1_0.patient_id,tm1_0.review_notes,tm1_0.status,tm1_0.trial_id from trial_matches tm1_0 where tm1_0.trial_id=? and tm1_0.patient_id=?
2026-08-21T08:41:21.228+05:30 DEBUG 29208 --- [demo] [io-8081-exec-10] org.hibernate.SQL                        : select ce1_0.id,ce1_0.code,ce1_0.created_at,ce1_0.display_name,ce1_0.event_timestamp,ce1_0.event_type,ce1_0.numeric_value,ce1_0.patient_id,ce1_0.raw_fhir_json,ce1_0.source_record_id,ce1_0.source_system,ce1_0.unit,ce1_0.value from clinical_events ce1_0 where ce1_0.patient_id=? and ce1_0.event_type=? order by ce1_0.event_timestamp desc
2026-08-21T08:41:21.230+05:30 DEBUG 29208 --- [demo] [io-8081-exec-10] org.hibernate.SQL                        : select ce1_0.id,ce1_0.code,ce1_0.created_at,ce1_0.display_name,ce1_0.event_timestamp,ce1_0.event_type,ce1_0.numeric_value,ce1_0.patient_id,ce1_0.raw_fhir_json,ce1_0.source_record_id,ce1_0.source_system,ce1_0.unit,ce1_0.value from clinical_events ce1_0 where ce1_0.patient_id=? and ce1_0.event_type=? order by ce1_0.event_timestamp desc
2026-08-21T08:41:21.232+05:30 DEBUG 29208 --- [demo] [io-8081-exec-10] org.hibernate.SQL                        : select ce1_0.id,ce1_0.code,ce1_0.created_at,ce1_0.display_name,ce1_0.event_timestamp,ce1_0.event_type,ce1_0.numeric_value,ce1_0.patient_id,ce1_0.raw_fhir_json,ce1_0.source_record_id,ce1_0.source_system,ce1_0.unit,ce1_0.value from clinical_events ce1_0 where ce1_0.patient_id=? and ce1_0.event_type=? order by ce1_0.event_timestamp desc
2026-08-21T08:41:21.234+05:30 DEBUG 29208 --- [demo] [io-8081-exec-10] org.hibernate.SQL                        : select ce1_0.id,ce1_0.code,ce1_0.created_at,ce1_0.display_name,ce1_0.event_timestamp,ce1_0.event_type,ce1_0.numeric_value,ce1_0.patient_id,ce1_0.raw_fhir_json,ce1_0.source_record_id,ce1_0.source_system,ce1_0.unit,ce1_0.value from clinical_events ce1_0 where ce1_0.patient_id=? and ce1_0.event_type=? order by ce1_0.event_timestamp desc
2026-08-21T08:41:21.235+05:30 DEBUG 29208 --- [demo] [io-8081-exec-10] org.hibernate.SQL                        : insert into trial_matches (matched_at,patient_id,review_notes,status,trial_id) values (?,?,?,?,?)
2026-08-21T08:41:21.237+05:30 DEBUG 29208 --- [demo] [io-8081-exec-10] org.hibernate.SQL                        : insert into criterion_results (clinical_event_id,criterion_id,explanation,gap_description,gap_to_pass,patient_value,status,trial_match_id) values (?,?,?,?,?,?,?,?)
2026-08-21T08:41:21.238+05:30 DEBUG 29208 --- [demo] [io-8081-exec-10] org.hibernate.SQL                        : insert into criterion_results (clinical_event_id,criterion_id,explanation,gap_description,gap_to_pass,patient_value,status,trial_match_id) values (?,?,?,?,?,?,?,?)
2026-08-21T08:41:21.239+05:30 DEBUG 29208 --- [demo] [io-8081-exec-10] org.hibernate.SQL                        : insert into criterion_results (clinical_event_id,criterion_id,explanation,gap_description,gap_to_pass,patient_value,status,trial_match_id) values (?,?,?,?,?,?,?,?)
2026-08-21T08:41:21.240+05:30 DEBUG 29208 --- [demo] [io-8081-exec-10] org.hibernate.SQL                        : insert into criterion_results (clinical_event_id,criterion_id,explanation,gap_description,gap_to_pass,patient_value,status,trial_match_id) values (?,?,?,?,?,?,?,?)
2026-08-21T08:41:21.241+05:30 DEBUG 29208 --- [demo] [io-8081-exec-10] org.hibernate.SQL                        : insert into criterion_results (clinical_event_id,criterion_id,explanation,gap_description,gap_to_pass,patient_value,status,trial_match_id) values (?,?,?,?,?,?,?,?)
2026-08-21T08:41:21.243+05:30 DEBUG 29208 --- [demo] [io-8081-exec-10] org.hibernate.SQL                        : select al1_0.id,al1_0.action,al1_0.current_hash,al1_0.details,al1_0.entity_id,al1_0.entity_type,al1_0.performed_by,al1_0.previous_hash,al1_0.timestamp from audit_logs al1_0 order by al1_0.id desc limit ?
2026-08-21T08:41:21.244+05:30 DEBUG 29208 --- [demo] [io-8081-exec-10] org.hibernate.SQL                        : insert into audit_logs (action,current_hash,details,entity_id,entity_type,performed_by,previous_hash,timestamp) values (?,?,?,?,?,?,?,?)
2026-08-21T08:41:21.247+05:30 DEBUG 29208 --- [demo] [io-8081-exec-10] org.hibernate.SQL                        : select al1_0.id,al1_0.action,al1_0.current_hash,al1_0.details,al1_0.entity_id,al1_0.entity_type,al1_0.performed_by,al1_0.previous_hash,al1_0.timestamp from audit_logs al1_0 order by al1_0.id desc limit ?
2026-08-21T08:41:21.248+05:30 DEBUG 29208 --- [demo] [io-8081-exec-10] org.hibernate.SQL                        : insert into audit_logs (action,current_hash,details,entity_id,entity_type,performed_by,previous_hash,timestamp) values (?,?,?,?,?,?,?,?)
2026-08-21T08:41:21.254+05:30 DEBUG 29208 --- [demo] [io-8081-exec-10] o.s.w.s.m.m.a.HttpEntityMethodProcessor  : Using 'application/json', given [application/json, text/plain, */*] and supported [application/json, application/*+json]
2026-08-21T08:41:21.255+05:30 DEBUG 29208 --- [demo] [io-8081-exec-10] o.s.w.s.m.m.a.HttpEntityMethodProcessor  : Writing [[MatchResultDTO(id=14, status=ELIGIBLE, matchedAt=2026-08-21T08:41:21.001102, reviewNotes=null, tria (truncated)...]
2026-08-21T08:41:21.258+05:30 DEBUG 29208 --- [demo] [io-8081-exec-10] o.s.web.servlet.DispatcherServlet        : Completed 200 OK
2026-08-21T08:41:21.577+05:30 DEBUG 29208 --- [demo] [nio-8081-exec-9] o.s.web.servlet.DispatcherServlet        : GET "/api/trials", parameters={}
2026-08-21T08:41:21.577+05:30 DEBUG 29208 --- [demo] [nio-8081-exec-9] s.w.s.m.m.a.RequestMappingHandlerMapping : Mapped to com.clinicaltrial.assistant.controller.TrialController#getAll()
2026-08-21T08:41:21.581+05:30 DEBUG 29208 --- [demo] [nio-8081-exec-9] org.hibernate.SQL                        : select t1_0.id,t1_0.created_at,t1_0.description,t1_0.original_eligibility_text,t1_0.title,t1_0.trial_code from trials t1_0
2026-08-21T08:41:21.582+05:30 DEBUG 29208 --- [demo] [nio-8081-exec-9] org.hibernate.SQL                        : select c1_0.trial_id,c1_0.id,c1_0.clinical_field,c1_0.criterion_type,c1_0.description,c1_0.max_value,c1_0.min_value,c1_0.operator,c1_0.reviewed_by_human,c1_0.unit,c1_0.value from trial_criteria c1_0 where c1_0.trial_id=?
2026-08-21T08:41:21.583+05:30 DEBUG 29208 --- [demo] [nio-8081-exec-9] org.hibernate.SQL                        : select c1_0.trial_id,c1_0.id,c1_0.clinical_field,c1_0.criterion_type,c1_0.description,c1_0.max_value,c1_0.min_value,c1_0.operator,c1_0.reviewed_by_human,c1_0.unit,c1_0.value from trial_criteria c1_0 where c1_0.trial_id=?
2026-08-21T08:41:21.584+05:30 DEBUG 29208 --- [demo] [nio-8081-exec-9] org.hibernate.SQL                        : select c1_0.trial_id,c1_0.id,c1_0.clinical_field,c1_0.criterion_type,c1_0.description,c1_0.max_value,c1_0.min_value,c1_0.operator,c1_0.reviewed_by_human,c1_0.unit,c1_0.value from trial_criteria c1_0 where c1_0.trial_id=?
2026-08-21T08:41:21.586+05:30 DEBUG 29208 --- [demo] [nio-8081-exec-9] org.hibernate.SQL                        : select c1_0.trial_id,c1_0.id,c1_0.clinical_field,c1_0.criterion_type,c1_0.description,c1_0.max_value,c1_0.min_value,c1_0.operator,c1_0.reviewed_by_human,c1_0.unit,c1_0.value from trial_criteria c1_0 where c1_0.trial_id=?
2026-08-21T08:41:21.588+05:30 DEBUG 29208 --- [demo] [nio-8081-exec-9] o.s.w.s.m.m.a.HttpEntityMethodProcessor  : Using 'application/json', given [application/json, text/plain, */*] and supported [application/json, application/*+json]
2026-08-21T08:41:21.589+05:30 DEBUG 29208 --- [demo] [nio-8081-exec-9] o.s.w.s.m.m.a.HttpEntityMethodProcessor  : Writing [[TrialDTO(id=1, title=Type 2 Diabetes Management Study, trialCode=TRIAL-DM2-001, description=A rando (truncated)...]
2026-08-21T08:41:21.590+05:30 DEBUG 29208 --- [demo] [nio-8081-exec-9] o.s.web.servlet.DispatcherServlet        : Completed 200 OK
2026-08-21T08:41:27.179+05:30 DEBUG 29208 --- [demo] [nio-8081-exec-1] o.s.web.servlet.DispatcherServlet        : GET "/api/matches/14", parameters={}
2026-08-21T08:41:27.180+05:30 DEBUG 29208 --- [demo] [nio-8081-exec-1] s.w.s.m.m.a.RequestMappingHandlerMapping : Mapped to com.clinicaltrial.assistant.controller.MatchController#getMatch(Long)
2026-08-21T08:41:27.184+05:30 DEBUG 29208 --- [demo] [nio-8081-exec-1] org.hibernate.SQL                        : select tm1_0.id,tm1_0.matched_at,tm1_0.patient_id,tm1_0.review_notes,tm1_0.status,tm1_0.trial_id from trial_matches tm1_0 where tm1_0.id=?
2026-08-21T08:41:27.187+05:30 DEBUG 29208 --- [demo] [nio-8081-exec-1] org.hibernate.SQL                        : select cr1_0.trial_match_id,cr1_0.id,cr1_0.clinical_event_id,cr1_0.criterion_id,cr1_0.explanation,cr1_0.gap_description,cr1_0.gap_to_pass,cr1_0.patient_value,cr1_0.status from criterion_results cr1_0 where cr1_0.trial_match_id=?
2026-08-21T08:41:27.188+05:30 DEBUG 29208 --- [demo] [nio-8081-exec-1] org.hibernate.SQL                        : select tc1_0.id,tc1_0.clinical_field,tc1_0.criterion_type,tc1_0.description,tc1_0.max_value,tc1_0.min_value,tc1_0.operator,tc1_0.reviewed_by_human,tc1_0.trial_id,tc1_0.unit,tc1_0.value from trial_criteria tc1_0 where tc1_0.id=?
2026-08-21T08:41:27.189+05:30 DEBUG 29208 --- [demo] [nio-8081-exec-1] org.hibernate.SQL                        : select tc1_0.id,tc1_0.clinical_field,tc1_0.criterion_type,tc1_0.description,tc1_0.max_value,tc1_0.min_value,tc1_0.operator,tc1_0.reviewed_by_human,tc1_0.trial_id,tc1_0.unit,tc1_0.value from trial_criteria tc1_0 where tc1_0.id=?
2026-08-21T08:41:27.190+05:30 DEBUG 29208 --- [demo] [nio-8081-exec-1] org.hibernate.SQL                        : select ce1_0.id,ce1_0.code,ce1_0.created_at,ce1_0.display_name,ce1_0.event_timestamp,ce1_0.event_type,ce1_0.numeric_value,ce1_0.patient_id,ce1_0.raw_fhir_json,ce1_0.source_record_id,ce1_0.source_system,ce1_0.unit,ce1_0.value from clinical_events ce1_0 where ce1_0.id=?
2026-08-21T08:41:27.191+05:30 DEBUG 29208 --- [demo] [nio-8081-exec-1] org.hibernate.SQL                        : select tc1_0.id,tc1_0.clinical_field,tc1_0.criterion_type,tc1_0.description,tc1_0.max_value,tc1_0.min_value,tc1_0.operator,tc1_0.reviewed_by_human,tc1_0.trial_id,tc1_0.unit,tc1_0.value from trial_criteria tc1_0 where tc1_0.id=?
2026-08-21T08:41:27.191+05:30 DEBUG 29208 --- [demo] [nio-8081-exec-1] org.hibernate.SQL                        : select ce1_0.id,ce1_0.code,ce1_0.created_at,ce1_0.display_name,ce1_0.event_timestamp,ce1_0.event_type,ce1_0.numeric_value,ce1_0.patient_id,ce1_0.raw_fhir_json,ce1_0.source_record_id,ce1_0.source_system,ce1_0.unit,ce1_0.value from clinical_events ce1_0 where ce1_0.id=?
2026-08-21T08:41:27.192+05:30 DEBUG 29208 --- [demo] [nio-8081-exec-1] org.hibernate.SQL                        : select tc1_0.id,tc1_0.clinical_field,tc1_0.criterion_type,tc1_0.description,tc1_0.max_value,tc1_0.min_value,tc1_0.operator,tc1_0.reviewed_by_human,tc1_0.trial_id,tc1_0.unit,tc1_0.value from trial_criteria tc1_0 where tc1_0.id=?
2026-08-21T08:41:27.193+05:30 DEBUG 29208 --- [demo] [nio-8081-exec-1] org.hibernate.SQL                        : select ce1_0.id,ce1_0.code,ce1_0.created_at,ce1_0.display_name,ce1_0.event_timestamp,ce1_0.event_type,ce1_0.numeric_value,ce1_0.patient_id,ce1_0.raw_fhir_json,ce1_0.source_record_id,ce1_0.source_system,ce1_0.unit,ce1_0.value from clinical_events ce1_0 where ce1_0.id=?
2026-08-21T08:41:27.194+05:30 DEBUG 29208 --- [demo] [nio-8081-exec-1] org.hibernate.SQL                        : select tc1_0.id,tc1_0.clinical_field,tc1_0.criterion_type,tc1_0.description,tc1_0.max_value,tc1_0.min_value,tc1_0.operator,tc1_0.reviewed_by_human,tc1_0.trial_id,tc1_0.unit,tc1_0.value from trial_criteria tc1_0 where tc1_0.id=?
2026-08-21T08:41:27.195+05:30 DEBUG 29208 --- [demo] [nio-8081-exec-1] org.hibernate.SQL                        : select t1_0.id,t1_0.created_at,t1_0.description,t1_0.original_eligibility_text,t1_0.title,t1_0.trial_code from trials t1_0 where t1_0.id=?
2026-08-21T08:41:27.195+05:30 DEBUG 29208 --- [demo] [nio-8081-exec-1] org.hibernate.SQL                        : select p1_0.id,p1_0.canonical_patient_id,p1_0.consent_status,p1_0.created_at,p1_0.date_of_birth,p1_0.email,p1_0.first_name,p1_0.gender,p1_0.last_name,p1_0.phone,p1_0.updated_at from patients p1_0 where p1_0.id=?
2026-08-21T08:41:27.206+05:30 DEBUG 29208 --- [demo] [nio-8081-exec-1] o.s.w.s.m.m.a.HttpEntityMethodProcessor  : Using 'application/json', given [application/json, text/plain, */*] and supported [application/json, application/*+json]
2026-08-21T08:41:27.207+05:30 DEBUG 29208 --- [demo] [nio-8081-exec-1] o.s.w.s.m.m.a.HttpEntityMethodProcessor  : Writing [MatchResultDTO(id=14, status=ELIGIBLE, matchedAt=2026-08-21T08:41:21.001102, reviewNotes=null, trial (truncated)...]
2026-08-21T08:41:27.210+05:30 DEBUG 29208 --- [demo] [nio-8081-exec-1] o.s.web.servlet.DispatcherServlet        : Completed 200 OK
2026-08-21T08:41:30.369+05:30 DEBUG 29208 --- [demo] [nio-8081-exec-2] o.s.web.servlet.DispatcherServlet        : GET "/api/trials", parameters={}
2026-08-21T08:41:30.371+05:30 DEBUG 29208 --- [demo] [nio-8081-exec-2] s.w.s.m.m.a.RequestMappingHandlerMapping : Mapped to com.clinicaltrial.assistant.controller.TrialController#getAll()
2026-08-21T08:41:30.372+05:30 DEBUG 29208 --- [demo] [nio-8081-exec-2] org.hibernate.SQL                        : select t1_0.id,t1_0.created_at,t1_0.description,t1_0.original_eligibility_text,t1_0.title,t1_0.trial_code from trials t1_0
2026-08-21T08:41:30.373+05:30 DEBUG 29208 --- [demo] [nio-8081-exec-2] org.hibernate.SQL                        : select c1_0.trial_id,c1_0.id,c1_0.clinical_field,c1_0.criterion_type,c1_0.description,c1_0.max_value,c1_0.min_value,c1_0.operator,c1_0.reviewed_by_human,c1_0.unit,c1_0.value from trial_criteria c1_0 where c1_0.trial_id=?
2026-08-21T08:41:30.374+05:30 DEBUG 29208 --- [demo] [nio-8081-exec-2] org.hibernate.SQL                        : select c1_0.trial_id,c1_0.id,c1_0.clinical_field,c1_0.criterion_type,c1_0.description,c1_0.max_value,c1_0.min_value,c1_0.operator,c1_0.reviewed_by_human,c1_0.unit,c1_0.value from trial_criteria c1_0 where c1_0.trial_id=?
2026-08-21T08:41:30.376+05:30 DEBUG 29208 --- [demo] [nio-8081-exec-2] org.hibernate.SQL                        : select c1_0.trial_id,c1_0.id,c1_0.clinical_field,c1_0.criterion_type,c1_0.description,c1_0.max_value,c1_0.min_value,c1_0.operator,c1_0.reviewed_by_human,c1_0.unit,c1_0.value from trial_criteria c1_0 where c1_0.trial_id=?
2026-08-21T08:41:30.379+05:30 DEBUG 29208 --- [demo] [nio-8081-exec-2] org.hibernate.SQL                        : select c1_0.trial_id,c1_0.id,c1_0.clinical_field,c1_0.criterion_type,c1_0.description,c1_0.max_value,c1_0.min_value,c1_0.operator,c1_0.reviewed_by_human,c1_0.unit,c1_0.value from trial_criteria c1_0 where c1_0.trial_id=?
2026-08-21T08:41:30.381+05:30 DEBUG 29208 --- [demo] [nio-8081-exec-2] o.s.w.s.m.m.a.HttpEntityMethodProcessor  : Using 'application/json', given [application/json, text/plain, */*] and supported [application/json, application/*+json]
2026-08-21T08:41:30.381+05:30 DEBUG 29208 --- [demo] [nio-8081-exec-2] o.s.w.s.m.m.a.HttpEntityMethodProcessor  : Writing [[TrialDTO(id=1, title=Type 2 Diabetes Management Study, trialCode=TRIAL-DM2-001, description=A rando (truncated)...]
2026-08-21T08:41:30.383+05:30 DEBUG 29208 --- [demo] [nio-8081-exec-2] o.s.web.servlet.DispatcherServlet        : Completed 200 OK
2026-08-21T08:41:31.413+05:30 DEBUG 29208 --- [demo] [nio-8081-exec-4] o.s.web.servlet.DispatcherServlet        : GET "/api/review-queue", parameters={}
2026-08-21T08:41:31.414+05:30 DEBUG 29208 --- [demo] [nio-8081-exec-4] s.w.s.m.m.a.RequestMappingHandlerMapping : Mapped to com.clinicaltrial.assistant.controller.MatchController#getReviewQueue()
2026-08-21T08:41:31.416+05:30 DEBUG 29208 --- [demo] [nio-8081-exec-4] org.hibernate.SQL                        : select tm1_0.id,tm1_0.matched_at,tm1_0.patient_id,tm1_0.review_notes,tm1_0.status,tm1_0.trial_id from trial_matches tm1_0 where tm1_0.status=?
2026-08-21T08:41:31.419+05:30 DEBUG 29208 --- [demo] [nio-8081-exec-4] org.hibernate.SQL                        : select tm1_0.id,tm1_0.matched_at,tm1_0.patient_id,tm1_0.review_notes,tm1_0.status,tm1_0.trial_id from trial_matches tm1_0 where tm1_0.status=?
2026-08-21T08:41:31.421+05:30 DEBUG 29208 --- [demo] [nio-8081-exec-4] org.hibernate.SQL                        : select cr1_0.trial_match_id,cr1_0.id,cr1_0.clinical_event_id,cr1_0.criterion_id,cr1_0.explanation,cr1_0.gap_description,cr1_0.gap_to_pass,cr1_0.patient_value,cr1_0.status from criterion_results cr1_0 where cr1_0.trial_match_id=?
2026-08-21T08:41:31.424+05:30 DEBUG 29208 --- [demo] [nio-8081-exec-4] org.hibernate.SQL                        : select p1_0.id,p1_0.canonical_patient_id,p1_0.consent_status,p1_0.created_at,p1_0.date_of_birth,p1_0.email,p1_0.first_name,p1_0.gender,p1_0.last_name,p1_0.phone,p1_0.updated_at from patients p1_0 where p1_0.id=?
2026-08-21T08:41:31.425+05:30 DEBUG 29208 --- [demo] [nio-8081-exec-4] org.hibernate.SQL                        : select t1_0.id,t1_0.created_at,t1_0.description,t1_0.original_eligibility_text,t1_0.title,t1_0.trial_code from trials t1_0 where t1_0.id=?
2026-08-21T08:41:31.427+05:30 DEBUG 29208 --- [demo] [nio-8081-exec-4] org.hibernate.SQL                        : select cr1_0.trial_match_id,cr1_0.id,cr1_0.clinical_event_id,cr1_0.criterion_id,cr1_0.explanation,cr1_0.gap_description,cr1_0.gap_to_pass,cr1_0.patient_value,cr1_0.status from criterion_results cr1_0 where cr1_0.trial_match_id=?
2026-08-21T08:41:31.431+05:30 DEBUG 29208 --- [demo] [nio-8081-exec-4] org.hibernate.SQL                        : select p1_0.id,p1_0.canonical_patient_id,p1_0.consent_status,p1_0.created_at,p1_0.date_of_birth,p1_0.email,p1_0.first_name,p1_0.gender,p1_0.last_name,p1_0.phone,p1_0.updated_at from patients p1_0 where p1_0.id=?
2026-08-21T08:41:31.432+05:30 DEBUG 29208 --- [demo] [nio-8081-exec-4] org.hibernate.SQL                        : select cr1_0.trial_match_id,cr1_0.id,cr1_0.clinical_event_id,cr1_0.criterion_id,cr1_0.explanation,cr1_0.gap_description,cr1_0.gap_to_pass,cr1_0.patient_value,cr1_0.status from criterion_results cr1_0 where cr1_0.trial_match_id=?
2026-08-21T08:41:31.433+05:30 DEBUG 29208 --- [demo] [nio-8081-exec-4] org.hibernate.SQL                        : select p1_0.id,p1_0.canonical_patient_id,p1_0.consent_status,p1_0.created_at,p1_0.date_of_birth,p1_0.email,p1_0.first_name,p1_0.gender,p1_0.last_name,p1_0.phone,p1_0.updated_at from patients p1_0 where p1_0.id=?
2026-08-21T08:41:31.434+05:30 DEBUG 29208 --- [demo] [nio-8081-exec-4] org.hibernate.SQL                        : select cr1_0.trial_match_id,cr1_0.id,cr1_0.clinical_event_id,cr1_0.criterion_id,cr1_0.explanation,cr1_0.gap_description,cr1_0.gap_to_pass,cr1_0.patient_value,cr1_0.status from criterion_results cr1_0 where cr1_0.trial_match_id=?
2026-08-21T08:41:31.435+05:30 DEBUG 29208 --- [demo] [nio-8081-exec-4] org.hibernate.SQL                        : select p1_0.id,p1_0.canonical_patient_id,p1_0.consent_status,p1_0.created_at,p1_0.date_of_birth,p1_0.email,p1_0.first_name,p1_0.gender,p1_0.last_name,p1_0.phone,p1_0.updated_at from patients p1_0 where p1_0.id=?
2026-08-21T08:41:31.436+05:30 DEBUG 29208 --- [demo] [nio-8081-exec-4] org.hibernate.SQL                        : select cr1_0.trial_match_id,cr1_0.id,cr1_0.clinical_event_id,cr1_0.criterion_id,cr1_0.explanation,cr1_0.gap_description,cr1_0.gap_to_pass,cr1_0.patient_value,cr1_0.status from criterion_results cr1_0 where cr1_0.trial_match_id=?
2026-08-21T08:41:31.437+05:30 DEBUG 29208 --- [demo] [nio-8081-exec-4] org.hibernate.SQL                        : select t1_0.id,t1_0.created_at,t1_0.description,t1_0.original_eligibility_text,t1_0.title,t1_0.trial_code from trials t1_0 where t1_0.id=?
2026-08-21T08:41:31.438+05:30 DEBUG 29208 --- [demo] [nio-8081-exec-4] org.hibernate.SQL                        : select cr1_0.trial_match_id,cr1_0.id,cr1_0.clinical_event_id,cr1_0.criterion_id,cr1_0.explanation,cr1_0.gap_description,cr1_0.gap_to_pass,cr1_0.patient_value,cr1_0.status from criterion_results cr1_0 where cr1_0.trial_match_id=?
2026-08-21T08:41:31.439+05:30 DEBUG 29208 --- [demo] [nio-8081-exec-4] org.hibernate.SQL                        : select cr1_0.trial_match_id,cr1_0.id,cr1_0.clinical_event_id,cr1_0.criterion_id,cr1_0.explanation,cr1_0.gap_description,cr1_0.gap_to_pass,cr1_0.patient_value,cr1_0.status from criterion_results cr1_0 where cr1_0.trial_match_id=?
2026-08-21T08:41:31.440+05:30 DEBUG 29208 --- [demo] [nio-8081-exec-4] org.hibernate.SQL                        : select cr1_0.trial_match_id,cr1_0.id,cr1_0.clinical_event_id,cr1_0.criterion_id,cr1_0.explanation,cr1_0.gap_description,cr1_0.gap_to_pass,cr1_0.patient_value,cr1_0.status from criterion_results cr1_0 where cr1_0.trial_match_id=?
2026-08-21T08:41:31.441+05:30 DEBUG 29208 --- [demo] [nio-8081-exec-4] o.s.w.s.m.m.a.HttpEntityMethodProcessor  : Using 'application/json', given [application/json, text/plain, */*] and supported [application/json, application/*+json]
2026-08-21T08:41:31.441+05:30 DEBUG 29208 --- [demo] [nio-8081-exec-4] o.s.w.s.m.m.a.HttpEntityMethodProcessor  : Writing [[ReviewQueueDTO(matchId=3, patientName=Maya Patel, canonicalPatientId=P000003, trialTitle=Type 2 Dia (truncated)...]
2026-08-21T08:41:31.442+05:30 DEBUG 29208 --- [demo] [nio-8081-exec-4] o.s.web.servlet.DispatcherServlet        : Completed 200 OK
2026-08-21T08:41:37.001+05:30 DEBUG 29208 --- [demo] [nio-8081-exec-3] o.s.web.servlet.DispatcherServlet        : GET "/api/patients?search=&page=0&size=10", parameters={masked}
2026-08-21T08:41:37.001+05:30 DEBUG 29208 --- [demo] [nio-8081-exec-3] s.w.s.m.m.a.RequestMappingHandlerMapping : Mapped to com.clinicaltrial.assistant.controller.PatientController#getPatients(String, int, int)
2026-08-21T08:41:37.004+05:30 DEBUG 29208 --- [demo] [nio-8081-exec-3] org.hibernate.SQL                        : select p1_0.id,p1_0.canonical_patient_id,p1_0.consent_status,p1_0.created_at,p1_0.date_of_birth,p1_0.email,p1_0.first_name,p1_0.gender,p1_0.last_name,p1_0.phone,p1_0.updated_at from patients p1_0 limit ?,?
2026-08-21T08:41:37.007+05:30 DEBUG 29208 --- [demo] [nio-8081-exec-3] org.hibernate.SQL                        : select count(p1_0.id) from patients p1_0
2026-08-21T08:41:37.010+05:30 DEBUG 29208 --- [demo] [nio-8081-exec-3] org.hibernate.SQL                        : select count(ce1_0.id) from clinical_events ce1_0 where ce1_0.patient_id=?
2026-08-21T08:41:37.012+05:30 DEBUG 29208 --- [demo] [nio-8081-exec-3] org.hibernate.SQL                        : select pi1_0.id,pi1_0.created_at,pi1_0.match_score,pi1_0.match_status,pi1_0.patient_id,pi1_0.source_patient_id,pi1_0.source_system from patient_identities pi1_0 where pi1_0.patient_id=?
2026-08-21T08:41:37.014+05:30 DEBUG 29208 --- [demo] [nio-8081-exec-3] org.hibernate.SQL                        : select count(ce1_0.id) from clinical_events ce1_0 where ce1_0.patient_id=?
2026-08-21T08:41:37.016+05:30 DEBUG 29208 --- [demo] [nio-8081-exec-3] org.hibernate.SQL                        : select pi1_0.id,pi1_0.created_at,pi1_0.match_score,pi1_0.match_status,pi1_0.patient_id,pi1_0.source_patient_id,pi1_0.source_system from patient_identities pi1_0 where pi1_0.patient_id=?
2026-08-21T08:41:37.017+05:30 DEBUG 29208 --- [demo] [nio-8081-exec-3] org.hibernate.SQL                        : select count(ce1_0.id) from clinical_events ce1_0 where ce1_0.patient_id=?
2026-08-21T08:41:37.019+05:30 DEBUG 29208 --- [demo] [nio-8081-exec-3] org.hibernate.SQL                        : select pi1_0.id,pi1_0.created_at,pi1_0.match_score,pi1_0.match_status,pi1_0.patient_id,pi1_0.source_patient_id,pi1_0.source_system from patient_identities pi1_0 where pi1_0.patient_id=?
2026-08-21T08:41:37.021+05:30 DEBUG 29208 --- [demo] [nio-8081-exec-3] org.hibernate.SQL                        : select count(ce1_0.id) from clinical_events ce1_0 where ce1_0.patient_id=?
2026-08-21T08:41:37.025+05:30 DEBUG 29208 --- [demo] [nio-8081-exec-3] org.hibernate.SQL                        : select pi1_0.id,pi1_0.created_at,pi1_0.match_score,pi1_0.match_status,pi1_0.patient_id,pi1_0.source_patient_id,pi1_0.source_system from patient_identities pi1_0 where pi1_0.patient_id=?
2026-08-21T08:41:37.026+05:30 DEBUG 29208 --- [demo] [nio-8081-exec-3] org.hibernate.SQL                        : select count(ce1_0.id) from clinical_events ce1_0 where ce1_0.patient_id=?
2026-08-21T08:41:37.028+05:30 DEBUG 29208 --- [demo] [nio-8081-exec-3] org.hibernate.SQL                        : select pi1_0.id,pi1_0.created_at,pi1_0.match_score,pi1_0.match_status,pi1_0.patient_id,pi1_0.source_patient_id,pi1_0.source_system from patient_identities pi1_0 where pi1_0.patient_id=?
2026-08-21T08:41:37.030+05:30 DEBUG 29208 --- [demo] [nio-8081-exec-3] org.hibernate.SQL                        : select count(ce1_0.id) from clinical_events ce1_0 where ce1_0.patient_id=?
2026-08-21T08:41:37.030+05:30 DEBUG 29208 --- [demo] [nio-8081-exec-3] org.hibernate.SQL                        : select pi1_0.id,pi1_0.created_at,pi1_0.match_score,pi1_0.match_status,pi1_0.patient_id,pi1_0.source_patient_id,pi1_0.source_system from patient_identities pi1_0 where pi1_0.patient_id=?
2026-08-21T08:41:37.031+05:30 DEBUG 29208 --- [demo] [nio-8081-exec-3] org.hibernate.SQL                        : select count(ce1_0.id) from clinical_events ce1_0 where ce1_0.patient_id=?
2026-08-21T08:41:37.034+05:30 DEBUG 29208 --- [demo] [nio-8081-exec-3] org.hibernate.SQL                        : select pi1_0.id,pi1_0.created_at,pi1_0.match_score,pi1_0.match_status,pi1_0.patient_id,pi1_0.source_patient_id,pi1_0.source_system from patient_identities pi1_0 where pi1_0.patient_id=?
2026-08-21T08:41:37.035+05:30 DEBUG 29208 --- [demo] [nio-8081-exec-3] org.hibernate.SQL                        : select count(ce1_0.id) from clinical_events ce1_0 where ce1_0.patient_id=?
2026-08-21T08:41:37.037+05:30 DEBUG 29208 --- [demo] [nio-8081-exec-3] org.hibernate.SQL                        : select pi1_0.id,pi1_0.created_at,pi1_0.match_score,pi1_0.match_status,pi1_0.patient_id,pi1_0.source_patient_id,pi1_0.source_system from patient_identities pi1_0 where pi1_0.patient_id=?
2026-08-21T08:41:37.038+05:30 DEBUG 29208 --- [demo] [nio-8081-exec-3] org.hibernate.SQL                        : select count(ce1_0.id) from clinical_events ce1_0 where ce1_0.patient_id=?
2026-08-21T08:41:37.041+05:30 DEBUG 29208 --- [demo] [nio-8081-exec-3] org.hibernate.SQL                        : select pi1_0.id,pi1_0.created_at,pi1_0.match_score,pi1_0.match_status,pi1_0.patient_id,pi1_0.source_patient_id,pi1_0.source_system from patient_identities pi1_0 where pi1_0.patient_id=?
2026-08-21T08:41:37.043+05:30 DEBUG 29208 --- [demo] [nio-8081-exec-3] org.hibernate.SQL                        : select count(ce1_0.id) from clinical_events ce1_0 where ce1_0.patient_id=?
2026-08-21T08:41:37.045+05:30 DEBUG 29208 --- [demo] [nio-8081-exec-3] org.hibernate.SQL                        : select pi1_0.id,pi1_0.created_at,pi1_0.match_score,pi1_0.match_status,pi1_0.patient_id,pi1_0.source_patient_id,pi1_0.source_system from patient_identities pi1_0 where pi1_0.patient_id=?
2026-08-21T08:41:37.047+05:30 DEBUG 29208 --- [demo] [nio-8081-exec-3] o.s.w.s.m.m.a.HttpEntityMethodProcessor  : Using 'application/json', given [application/json, text/plain, */*] and supported [application/json, application/*+json]
2026-08-21T08:41:37.047+05:30 DEBUG 29208 --- [demo] [nio-8081-exec-3] o.s.w.s.m.m.a.HttpEntityMethodProcessor  : Writing [Page 1 of 2 containing com.clinicaltrial.assistant.dto.PatientDTO instances]
2026-08-21T08:41:37.049+05:30 DEBUG 29208 --- [demo] [nio-8081-exec-3] o.s.web.servlet.DispatcherServlet        : Completed 200 OK
2026-08-21T08:41:40.650+05:30 DEBUG 29208 --- [demo] [nio-8081-exec-5] o.s.web.servlet.DispatcherServlet        : GET "/api/audit-logs?page=0&size=20", parameters={masked}
2026-08-21T08:41:40.651+05:30 DEBUG 29208 --- [demo] [nio-8081-exec-5] s.w.s.m.m.a.RequestMappingHandlerMapping : Mapped to com.clinicaltrial.assistant.controller.DashboardController#getAuditLogs(int, int)
2026-08-21T08:41:40.655+05:30 DEBUG 29208 --- [demo] [nio-8081-exec-5] org.hibernate.SQL                        : select al1_0.id,al1_0.action,al1_0.current_hash,al1_0.details,al1_0.entity_id,al1_0.entity_type,al1_0.performed_by,al1_0.previous_hash,al1_0.timestamp from audit_logs al1_0 order by al1_0.timestamp desc limit ?
2026-08-21T08:41:40.659+05:30 DEBUG 29208 --- [demo] [nio-8081-exec-5] org.hibernate.SQL                        : select count(al1_0.id) from audit_logs al1_0
2026-08-21T08:41:40.661+05:30 DEBUG 29208 --- [demo] [nio-8081-exec-5] o.s.w.s.m.m.a.HttpEntityMethodProcessor  : Using 'application/json', given [application/json, text/plain, */*] and supported [application/json, application/*+json]
2026-08-21T08:41:40.662+05:30 DEBUG 29208 --- [demo] [nio-8081-exec-5] o.s.w.s.m.m.a.HttpEntityMethodProcessor  : Writing [Page 1 of 5 containing com.clinicaltrial.assistant.model.AuditLog instances]
2026-08-21T08:41:40.663+05:30 DEBUG 29208 --- [demo] [nio-8081-exec-5] o.s.web.servlet.DispatcherServlet        : Completed 200 OK
2026-08-21T08:41:49.385+05:30 DEBUG 29208 --- [demo] [nio-8081-exec-6] o.s.web.servlet.DispatcherServlet        : GET "/api/patients?search=&page=0&size=50", parameters={masked}
2026-08-21T08:41:49.385+05:30 DEBUG 29208 --- [demo] [nio-8081-exec-6] s.w.s.m.m.a.RequestMappingHandlerMapping : Mapped to com.clinicaltrial.assistant.controller.PatientController#getPatients(String, int, int)
2026-08-21T08:41:49.388+05:30 DEBUG 29208 --- [demo] [nio-8081-exec-6] org.hibernate.SQL                        : select p1_0.id,p1_0.canonical_patient_id,p1_0.consent_status,p1_0.created_at,p1_0.date_of_birth,p1_0.email,p1_0.first_name,p1_0.gender,p1_0.last_name,p1_0.phone,p1_0.updated_at from patients p1_0 limit ?,?
2026-08-21T08:41:49.391+05:30 DEBUG 29208 --- [demo] [nio-8081-exec-6] org.hibernate.SQL                        : select count(ce1_0.id) from clinical_events ce1_0 where ce1_0.patient_id=?
2026-08-21T08:41:49.393+05:30 DEBUG 29208 --- [demo] [nio-8081-exec-6] org.hibernate.SQL                        : select pi1_0.id,pi1_0.created_at,pi1_0.match_score,pi1_0.match_status,pi1_0.patient_id,pi1_0.source_patient_id,pi1_0.source_system from patient_identities pi1_0 where pi1_0.patient_id=?
2026-08-21T08:41:49.396+05:30 DEBUG 29208 --- [demo] [nio-8081-exec-6] org.hibernate.SQL                        : select count(ce1_0.id) from clinical_events ce1_0 where ce1_0.patient_id=?
2026-08-21T08:41:49.399+05:30 DEBUG 29208 --- [demo] [nio-8081-exec-6] org.hibernate.SQL                        : select pi1_0.id,pi1_0.created_at,pi1_0.match_score,pi1_0.match_status,pi1_0.patient_id,pi1_0.source_patient_id,pi1_0.source_system from patient_identities pi1_0 where pi1_0.patient_id=?
2026-08-21T08:41:49.402+05:30 DEBUG 29208 --- [demo] [nio-8081-exec-6] org.hibernate.SQL                        : select count(ce1_0.id) from clinical_events ce1_0 where ce1_0.patient_id=?
2026-08-21T08:41:49.404+05:30 DEBUG 29208 --- [demo] [nio-8081-exec-6] org.hibernate.SQL                        : select pi1_0.id,pi1_0.created_at,pi1_0.match_score,pi1_0.match_status,pi1_0.patient_id,pi1_0.source_patient_id,pi1_0.source_system from patient_identities pi1_0 where pi1_0.patient_id=?
2026-08-21T08:41:49.406+05:30 DEBUG 29208 --- [demo] [nio-8081-exec-6] org.hibernate.SQL                        : select count(ce1_0.id) from clinical_events ce1_0 where ce1_0.patient_id=?
2026-08-21T08:41:49.406+05:30 DEBUG 29208 --- [demo] [nio-8081-exec-6] org.hibernate.SQL                        : select pi1_0.id,pi1_0.created_at,pi1_0.match_score,pi1_0.match_status,pi1_0.patient_id,pi1_0.source_patient_id,pi1_0.source_system from patient_identities pi1_0 where pi1_0.patient_id=?
2026-08-21T08:41:49.408+05:30 DEBUG 29208 --- [demo] [nio-8081-exec-6] org.hibernate.SQL                        : select count(ce1_0.id) from clinical_events ce1_0 where ce1_0.patient_id=?
2026-08-21T08:41:49.409+05:30 DEBUG 29208 --- [demo] [nio-8081-exec-6] org.hibernate.SQL                        : select pi1_0.id,pi1_0.created_at,pi1_0.match_score,pi1_0.match_status,pi1_0.patient_id,pi1_0.source_patient_id,pi1_0.source_system from patient_identities pi1_0 where pi1_0.patient_id=?
2026-08-21T08:41:49.410+05:30 DEBUG 29208 --- [demo] [nio-8081-exec-6] org.hibernate.SQL                        : select count(ce1_0.id) from clinical_events ce1_0 where ce1_0.patient_id=?
2026-08-21T08:41:49.411+05:30 DEBUG 29208 --- [demo] [nio-8081-exec-6] org.hibernate.SQL                        : select pi1_0.id,pi1_0.created_at,pi1_0.match_score,pi1_0.match_status,pi1_0.patient_id,pi1_0.source_patient_id,pi1_0.source_system from patient_identities pi1_0 where pi1_0.patient_id=?
2026-08-21T08:41:49.413+05:30 DEBUG 29208 --- [demo] [nio-8081-exec-6] org.hibernate.SQL                        : select count(ce1_0.id) from clinical_events ce1_0 where ce1_0.patient_id=?
2026-08-21T08:41:49.414+05:30 DEBUG 29208 --- [demo] [nio-8081-exec-6] org.hibernate.SQL                        : select pi1_0.id,pi1_0.created_at,pi1_0.match_score,pi1_0.match_status,pi1_0.patient_id,pi1_0.source_patient_id,pi1_0.source_system from patient_identities pi1_0 where pi1_0.patient_id=?
2026-08-21T08:41:49.416+05:30 DEBUG 29208 --- [demo] [nio-8081-exec-6] org.hibernate.SQL                        : select count(ce1_0.id) from clinical_events ce1_0 where ce1_0.patient_id=?
2026-08-21T08:41:49.417+05:30 DEBUG 29208 --- [demo] [nio-8081-exec-6] org.hibernate.SQL                        : select pi1_0.id,pi1_0.created_at,pi1_0.match_score,pi1_0.match_status,pi1_0.patient_id,pi1_0.source_patient_id,pi1_0.source_system from patient_identities pi1_0 where pi1_0.patient_id=?
2026-08-21T08:41:49.418+05:30 DEBUG 29208 --- [demo] [nio-8081-exec-6] org.hibernate.SQL                        : select count(ce1_0.id) from clinical_events ce1_0 where ce1_0.patient_id=?
2026-08-21T08:41:49.419+05:30 DEBUG 29208 --- [demo] [nio-8081-exec-6] org.hibernate.SQL                        : select pi1_0.id,pi1_0.created_at,pi1_0.match_score,pi1_0.match_status,pi1_0.patient_id,pi1_0.source_patient_id,pi1_0.source_system from patient_identities pi1_0 where pi1_0.patient_id=?
2026-08-21T08:41:49.420+05:30 DEBUG 29208 --- [demo] [nio-8081-exec-6] org.hibernate.SQL                        : select count(ce1_0.id) from clinical_events ce1_0 where ce1_0.patient_id=?
2026-08-21T08:41:49.422+05:30 DEBUG 29208 --- [demo] [nio-8081-exec-6] org.hibernate.SQL                        : select pi1_0.id,pi1_0.created_at,pi1_0.match_score,pi1_0.match_status,pi1_0.patient_id,pi1_0.source_patient_id,pi1_0.source_system from patient_identities pi1_0 where pi1_0.patient_id=?
2026-08-21T08:41:49.423+05:30 DEBUG 29208 --- [demo] [nio-8081-exec-6] org.hibernate.SQL                        : select count(ce1_0.id) from clinical_events ce1_0 where ce1_0.patient_id=?
2026-08-21T08:41:49.423+05:30 DEBUG 29208 --- [demo] [nio-8081-exec-6] org.hibernate.SQL                        : select pi1_0.id,pi1_0.created_at,pi1_0.match_score,pi1_0.match_status,pi1_0.patient_id,pi1_0.source_patient_id,pi1_0.source_system from patient_identities pi1_0 where pi1_0.patient_id=?
2026-08-21T08:41:49.426+05:30 DEBUG 29208 --- [demo] [nio-8081-exec-6] o.s.w.s.m.m.a.HttpEntityMethodProcessor  : Using 'application/json', given [application/json, text/plain, */*] and supported [application/json, application/*+json]
2026-08-21T08:41:49.427+05:30 DEBUG 29208 --- [demo] [nio-8081-exec-6] o.s.w.s.m.m.a.HttpEntityMethodProcessor  : Writing [Page 1 of 1 containing com.clinicaltrial.assistant.dto.PatientDTO instances]
2026-08-21T08:41:49.428+05:30 DEBUG 29208 --- [demo] [nio-8081-exec-6] o.s.web.servlet.DispatcherServlet        : Completed 200 OK
2026-08-21T08:41:57.777+05:30 DEBUG 29208 --- [demo] [nio-8081-exec-7] o.s.web.servlet.DispatcherServlet        : GET "/api/dashboard", parameters={}
2026-08-21T08:41:57.789+05:30 DEBUG 29208 --- [demo] [nio-8081-exec-7] s.w.s.m.m.a.RequestMappingHandlerMapping : Mapped to com.clinicaltrial.assistant.controller.DashboardController#getDashboard()
2026-08-21T08:41:57.791+05:30 DEBUG 29208 --- [demo] [nio-8081-exec-7] org.hibernate.SQL                        : select ce1_0.id,ce1_0.code,ce1_0.created_at,ce1_0.display_name,ce1_0.event_timestamp,ce1_0.event_type,ce1_0.numeric_value,ce1_0.patient_id,ce1_0.raw_fhir_json,ce1_0.source_record_id,ce1_0.source_system,ce1_0.unit,ce1_0.value from clinical_events ce1_0 order by ce1_0.created_at desc limit ?
2026-08-21T08:41:57.793+05:30 DEBUG 29208 --- [demo] [nio-8081-exec-7] org.hibernate.SQL                        : select count(ce1_0.id) from clinical_events ce1_0
2026-08-21T08:41:57.795+05:30 DEBUG 29208 --- [demo] [nio-8081-exec-7] org.hibernate.SQL                        : select count(*) from patients p1_0
2026-08-21T08:41:57.797+05:30 DEBUG 29208 --- [demo] [nio-8081-exec-7] org.hibernate.SQL                        : select count(*) from clinical_events ce1_0
2026-08-21T08:41:57.800+05:30 DEBUG 29208 --- [demo] [nio-8081-exec-7] org.hibernate.SQL                        : select count(*) from trials t1_0
2026-08-21T08:41:57.801+05:30 DEBUG 29208 --- [demo] [nio-8081-exec-7] org.hibernate.SQL                        : select count(tm1_0.id) from trial_matches tm1_0 where tm1_0.status in ('POTENTIALLY_ELIGIBLE','NEEDS_REVIEW')
2026-08-21T08:41:57.803+05:30 DEBUG 29208 --- [demo] [nio-8081-exec-7] org.hibernate.SQL                        : select count(tm1_0.id) from trial_matches tm1_0 where tm1_0.status='NEEDS_REVIEW'
2026-08-21T08:41:57.804+05:30 DEBUG 29208 --- [demo] [nio-8081-exec-7] org.hibernate.SQL                        : select count(p1_0.id) from patients p1_0 where p1_0.created_at>?
2026-08-21T08:41:57.806+05:30 DEBUG 29208 --- [demo] [nio-8081-exec-7] org.hibernate.SQL                        : select count(ce1_0.id) from clinical_events ce1_0 where ce1_0.created_at>?
2026-08-21T08:41:57.808+05:30 DEBUG 29208 --- [demo] [nio-8081-exec-7] o.s.w.s.m.m.a.HttpEntityMethodProcessor  : Using 'application/json', given [application/json, text/plain, */*] and supported [application/json, application/*+json]
2026-08-21T08:41:57.809+05:30 DEBUG 29208 --- [demo] [nio-8081-exec-7] o.s.w.s.m.m.a.HttpEntityMethodProcessor  : Writing [DashboardDTO(totalPatients=11, totalClinicalEvents=33, totalTrials=4, potentialMatches=8, needsRevie (truncated)...]
2026-08-21T08:41:57.810+05:30 DEBUG 29208 --- [demo] [nio-8081-exec-7] o.s.web.servlet.DispatcherServlet        : Completed 200 OK
2026-08-21T08:42:02.205+05:30 DEBUG 29208 --- [demo] [nio-8081-exec-8] o.s.web.servlet.DispatcherServlet        : GET "/api/trials", parameters={}
2026-08-21T08:42:02.205+05:30 DEBUG 29208 --- [demo] [nio-8081-exec-8] s.w.s.m.m.a.RequestMappingHandlerMapping : Mapped to com.clinicaltrial.assistant.controller.TrialController#getAll()
2026-08-21T08:42:02.208+05:30 DEBUG 29208 --- [demo] [nio-8081-exec-8] org.hibernate.SQL                        : select t1_0.id,t1_0.created_at,t1_0.description,t1_0.original_eligibility_text,t1_0.title,t1_0.trial_code from trials t1_0
2026-08-21T08:42:02.209+05:30 DEBUG 29208 --- [demo] [nio-8081-exec-8] org.hibernate.SQL                        : select c1_0.trial_id,c1_0.id,c1_0.clinical_field,c1_0.criterion_type,c1_0.description,c1_0.max_value,c1_0.min_value,c1_0.operator,c1_0.reviewed_by_human,c1_0.unit,c1_0.value from trial_criteria c1_0 where c1_0.trial_id=?
2026-08-21T08:42:02.211+05:30 DEBUG 29208 --- [demo] [nio-8081-exec-8] org.hibernate.SQL                        : select c1_0.trial_id,c1_0.id,c1_0.clinical_field,c1_0.criterion_type,c1_0.description,c1_0.max_value,c1_0.min_value,c1_0.operator,c1_0.reviewed_by_human,c1_0.unit,c1_0.value from trial_criteria c1_0 where c1_0.trial_id=?
2026-08-21T08:42:02.212+05:30 DEBUG 29208 --- [demo] [nio-8081-exec-8] org.hibernate.SQL                        : select c1_0.trial_id,c1_0.id,c1_0.clinical_field,c1_0.criterion_type,c1_0.description,c1_0.max_value,c1_0.min_value,c1_0.operator,c1_0.reviewed_by_human,c1_0.unit,c1_0.value from trial_criteria c1_0 where c1_0.trial_id=?
2026-08-21T08:42:02.214+05:30 DEBUG 29208 --- [demo] [nio-8081-exec-8] org.hibernate.SQL                        : select c1_0.trial_id,c1_0.id,c1_0.clinical_field,c1_0.criterion_type,c1_0.description,c1_0.max_value,c1_0.min_value,c1_0.operator,c1_0.reviewed_by_human,c1_0.unit,c1_0.value from trial_criteria c1_0 where c1_0.trial_id=?
2026-08-21T08:42:02.216+05:30 DEBUG 29208 --- [demo] [nio-8081-exec-8] o.s.w.s.m.m.a.HttpEntityMethodProcessor  : Using 'application/json', given [application/json, text/plain, */*] and supported [application/json, application/*+json]
2026-08-21T08:42:02.217+05:30 DEBUG 29208 --- [demo] [nio-8081-exec-8] o.s.w.s.m.m.a.HttpEntityMethodProcessor  : Writing [[TrialDTO(id=1, title=Type 2 Diabetes Management Study, trialCode=TRIAL-DM2-001, description=A rando (truncated)...]
2026-08-21T08:42:02.217+05:30 DEBUG 29208 --- [demo] [nio-8081-exec-8] o.s.web.servlet.DispatcherServlet        : Completed 200 OK
2026-08-21T08:42:03.946+05:30 DEBUG 29208 --- [demo] [io-8081-exec-10] o.s.web.servlet.DispatcherServlet        : GET "/api/review-queue", parameters={}
2026-08-21T08:42:03.951+05:30 DEBUG 29208 --- [demo] [io-8081-exec-10] s.w.s.m.m.a.RequestMappingHandlerMapping : Mapped to com.clinicaltrial.assistant.controller.MatchController#getReviewQueue()
2026-08-21T08:42:03.956+05:30 DEBUG 29208 --- [demo] [io-8081-exec-10] org.hibernate.SQL                        : select tm1_0.id,tm1_0.matched_at,tm1_0.patient_id,tm1_0.review_notes,tm1_0.status,tm1_0.trial_id from trial_matches tm1_0 where tm1_0.status=?
2026-08-21T08:42:03.958+05:30 DEBUG 29208 --- [demo] [io-8081-exec-10] org.hibernate.SQL                        : select tm1_0.id,tm1_0.matched_at,tm1_0.patient_id,tm1_0.review_notes,tm1_0.status,tm1_0.trial_id from trial_matches tm1_0 where tm1_0.status=?
2026-08-21T08:42:03.960+05:30 DEBUG 29208 --- [demo] [io-8081-exec-10] org.hibernate.SQL                        : select cr1_0.trial_match_id,cr1_0.id,cr1_0.clinical_event_id,cr1_0.criterion_id,cr1_0.explanation,cr1_0.gap_description,cr1_0.gap_to_pass,cr1_0.patient_value,cr1_0.status from criterion_results cr1_0 where cr1_0.trial_match_id=?
2026-08-21T08:42:03.961+05:30 DEBUG 29208 --- [demo] [io-8081-exec-10] org.hibernate.SQL                        : select p1_0.id,p1_0.canonical_patient_id,p1_0.consent_status,p1_0.created_at,p1_0.date_of_birth,p1_0.email,p1_0.first_name,p1_0.gender,p1_0.last_name,p1_0.phone,p1_0.updated_at from patients p1_0 where p1_0.id=?
2026-08-21T08:42:03.963+05:30 DEBUG 29208 --- [demo] [io-8081-exec-10] org.hibernate.SQL                        : select t1_0.id,t1_0.created_at,t1_0.description,t1_0.original_eligibility_text,t1_0.title,t1_0.trial_code from trials t1_0 where t1_0.id=?
2026-08-21T08:42:03.964+05:30 DEBUG 29208 --- [demo] [io-8081-exec-10] org.hibernate.SQL                        : select cr1_0.trial_match_id,cr1_0.id,cr1_0.clinical_event_id,cr1_0.criterion_id,cr1_0.explanation,cr1_0.gap_description,cr1_0.gap_to_pass,cr1_0.patient_value,cr1_0.status from criterion_results cr1_0 where cr1_0.trial_match_id=?
2026-08-21T08:42:03.965+05:30 DEBUG 29208 --- [demo] [io-8081-exec-10] org.hibernate.SQL                        : select p1_0.id,p1_0.canonical_patient_id,p1_0.consent_status,p1_0.created_at,p1_0.date_of_birth,p1_0.email,p1_0.first_name,p1_0.gender,p1_0.last_name,p1_0.phone,p1_0.updated_at from patients p1_0 where p1_0.id=?
2026-08-21T08:42:03.966+05:30 DEBUG 29208 --- [demo] [io-8081-exec-10] org.hibernate.SQL                        : select cr1_0.trial_match_id,cr1_0.id,cr1_0.clinical_event_id,cr1_0.criterion_id,cr1_0.explanation,cr1_0.gap_description,cr1_0.gap_to_pass,cr1_0.patient_value,cr1_0.status from criterion_results cr1_0 where cr1_0.trial_match_id=?
2026-08-21T08:42:03.968+05:30 DEBUG 29208 --- [demo] [io-8081-exec-10] org.hibernate.SQL                        : select p1_0.id,p1_0.canonical_patient_id,p1_0.consent_status,p1_0.created_at,p1_0.date_of_birth,p1_0.email,p1_0.first_name,p1_0.gender,p1_0.last_name,p1_0.phone,p1_0.updated_at from patients p1_0 where p1_0.id=?
2026-08-21T08:42:03.970+05:30 DEBUG 29208 --- [demo] [io-8081-exec-10] org.hibernate.SQL                        : select cr1_0.trial_match_id,cr1_0.id,cr1_0.clinical_event_id,cr1_0.criterion_id,cr1_0.explanation,cr1_0.gap_description,cr1_0.gap_to_pass,cr1_0.patient_value,cr1_0.status from criterion_results cr1_0 where cr1_0.trial_match_id=?
2026-08-21T08:42:03.972+05:30 DEBUG 29208 --- [demo] [io-8081-exec-10] org.hibernate.SQL                        : select p1_0.id,p1_0.canonical_patient_id,p1_0.consent_status,p1_0.created_at,p1_0.date_of_birth,p1_0.email,p1_0.first_name,p1_0.gender,p1_0.last_name,p1_0.phone,p1_0.updated_at from patients p1_0 where p1_0.id=?
2026-08-21T08:42:03.973+05:30 DEBUG 29208 --- [demo] [io-8081-exec-10] org.hibernate.SQL                        : select cr1_0.trial_match_id,cr1_0.id,cr1_0.clinical_event_id,cr1_0.criterion_id,cr1_0.explanation,cr1_0.gap_description,cr1_0.gap_to_pass,cr1_0.patient_value,cr1_0.status from criterion_results cr1_0 where cr1_0.trial_match_id=?
2026-08-21T08:42:03.975+05:30 DEBUG 29208 --- [demo] [io-8081-exec-10] org.hibernate.SQL                        : select t1_0.id,t1_0.created_at,t1_0.description,t1_0.original_eligibility_text,t1_0.title,t1_0.trial_code from trials t1_0 where t1_0.id=?
2026-08-21T08:42:03.977+05:30 DEBUG 29208 --- [demo] [io-8081-exec-10] org.hibernate.SQL                        : select cr1_0.trial_match_id,cr1_0.id,cr1_0.clinical_event_id,cr1_0.criterion_id,cr1_0.explanation,cr1_0.gap_description,cr1_0.gap_to_pass,cr1_0.patient_value,cr1_0.status from criterion_results cr1_0 where cr1_0.trial_match_id=?
2026-08-21T08:42:03.979+05:30 DEBUG 29208 --- [demo] [io-8081-exec-10] org.hibernate.SQL                        : select cr1_0.trial_match_id,cr1_0.id,cr1_0.clinical_event_id,cr1_0.criterion_id,cr1_0.explanation,cr1_0.gap_description,cr1_0.gap_to_pass,cr1_0.patient_value,cr1_0.status from criterion_results cr1_0 where cr1_0.trial_match_id=?
2026-08-21T08:42:03.982+05:30 DEBUG 29208 --- [demo] [io-8081-exec-10] org.hibernate.SQL                        : select cr1_0.trial_match_id,cr1_0.id,cr1_0.clinical_event_id,cr1_0.criterion_id,cr1_0.explanation,cr1_0.gap_description,cr1_0.gap_to_pass,cr1_0.patient_value,cr1_0.status from criterion_results cr1_0 where cr1_0.trial_match_id=?
2026-08-21T08:42:03.986+05:30 DEBUG 29208 --- [demo] [io-8081-exec-10] o.s.w.s.m.m.a.HttpEntityMethodProcessor  : Using 'application/json', given [application/json, text/plain, */*] and supported [application/json, application/*+json]
2026-08-21T08:42:03.986+05:30 DEBUG 29208 --- [demo] [io-8081-exec-10] o.s.w.s.m.m.a.HttpEntityMethodProcessor  : Writing [[ReviewQueueDTO(matchId=3, patientName=Maya Patel, canonicalPatientId=P000003, trialTitle=Type 2 Dia (truncated)...]
2026-08-21T08:42:03.987+05:30 DEBUG 29208 --- [demo] [io-8081-exec-10] o.s.web.servlet.DispatcherServlet        : Completed 200 OK
2026-08-21T08:42:11.551+05:30 DEBUG 29208 --- [demo] [nio-8081-exec-9] o.s.web.servlet.DispatcherServlet        : GET "/api/patients?search=&page=0&size=10", parameters={masked}
2026-08-21T08:42:11.552+05:30 DEBUG 29208 --- [demo] [nio-8081-exec-9] s.w.s.m.m.a.RequestMappingHandlerMapping : Mapped to com.clinicaltrial.assistant.controller.PatientController#getPatients(String, int, int)
2026-08-21T08:42:11.556+05:30 DEBUG 29208 --- [demo] [nio-8081-exec-9] org.hibernate.SQL                        : select p1_0.id,p1_0.canonical_patient_id,p1_0.consent_status,p1_0.created_at,p1_0.date_of_birth,p1_0.email,p1_0.first_name,p1_0.gender,p1_0.last_name,p1_0.phone,p1_0.updated_at from patients p1_0 limit ?,?
2026-08-21T08:42:11.558+05:30 DEBUG 29208 --- [demo] [nio-8081-exec-9] org.hibernate.SQL                        : select count(p1_0.id) from patients p1_0
2026-08-21T08:42:11.561+05:30 DEBUG 29208 --- [demo] [nio-8081-exec-9] org.hibernate.SQL                        : select count(ce1_0.id) from clinical_events ce1_0 where ce1_0.patient_id=?
2026-08-21T08:42:11.563+05:30 DEBUG 29208 --- [demo] [nio-8081-exec-9] org.hibernate.SQL                        : select pi1_0.id,pi1_0.created_at,pi1_0.match_score,pi1_0.match_status,pi1_0.patient_id,pi1_0.source_patient_id,pi1_0.source_system from patient_identities pi1_0 where pi1_0.patient_id=?
2026-08-21T08:42:11.569+05:30 DEBUG 29208 --- [demo] [nio-8081-exec-9] org.hibernate.SQL                        : select count(ce1_0.id) from clinical_events ce1_0 where ce1_0.patient_id=?
2026-08-21T08:42:11.572+05:30 DEBUG 29208 --- [demo] [nio-8081-exec-9] org.hibernate.SQL                        : select pi1_0.id,pi1_0.created_at,pi1_0.match_score,pi1_0.match_status,pi1_0.patient_id,pi1_0.source_patient_id,pi1_0.source_system from patient_identities pi1_0 where pi1_0.patient_id=?
2026-08-21T08:42:11.574+05:30 DEBUG 29208 --- [demo] [nio-8081-exec-9] org.hibernate.SQL                        : select count(ce1_0.id) from clinical_events ce1_0 where ce1_0.patient_id=?
2026-08-21T08:42:11.577+05:30 DEBUG 29208 --- [demo] [nio-8081-exec-9] org.hibernate.SQL                        : select pi1_0.id,pi1_0.created_at,pi1_0.match_score,pi1_0.match_status,pi1_0.patient_id,pi1_0.source_patient_id,pi1_0.source_system from patient_identities pi1_0 where pi1_0.patient_id=?
2026-08-21T08:42:11.580+05:30 DEBUG 29208 --- [demo] [nio-8081-exec-9] org.hibernate.SQL                        : select count(ce1_0.id) from clinical_events ce1_0 where ce1_0.patient_id=?
2026-08-21T08:42:11.582+05:30 DEBUG 29208 --- [demo] [nio-8081-exec-9] org.hibernate.SQL                        : select pi1_0.id,pi1_0.created_at,pi1_0.match_score,pi1_0.match_status,pi1_0.patient_id,pi1_0.source_patient_id,pi1_0.source_system from patient_identities pi1_0 where pi1_0.patient_id=?
2026-08-21T08:42:11.585+05:30 DEBUG 29208 --- [demo] [nio-8081-exec-9] org.hibernate.SQL                        : select count(ce1_0.id) from clinical_events ce1_0 where ce1_0.patient_id=?
2026-08-21T08:42:11.587+05:30 DEBUG 29208 --- [demo] [nio-8081-exec-9] org.hibernate.SQL                        : select pi1_0.id,pi1_0.created_at,pi1_0.match_score,pi1_0.match_status,pi1_0.patient_id,pi1_0.source_patient_id,pi1_0.source_system from patient_identities pi1_0 where pi1_0.patient_id=?
2026-08-21T08:42:11.589+05:30 DEBUG 29208 --- [demo] [nio-8081-exec-9] org.hibernate.SQL                        : select count(ce1_0.id) from clinical_events ce1_0 where ce1_0.patient_id=?
2026-08-21T08:42:11.591+05:30 DEBUG 29208 --- [demo] [nio-8081-exec-9] org.hibernate.SQL                        : select pi1_0.id,pi1_0.created_at,pi1_0.match_score,pi1_0.match_status,pi1_0.patient_id,pi1_0.source_patient_id,pi1_0.source_system from patient_identities pi1_0 where pi1_0.patient_id=?
2026-08-21T08:42:11.594+05:30 DEBUG 29208 --- [demo] [nio-8081-exec-9] org.hibernate.SQL                        : select count(ce1_0.id) from clinical_events ce1_0 where ce1_0.patient_id=?
2026-08-21T08:42:11.596+05:30 DEBUG 29208 --- [demo] [nio-8081-exec-9] org.hibernate.SQL                        : select pi1_0.id,pi1_0.created_at,pi1_0.match_score,pi1_0.match_status,pi1_0.patient_id,pi1_0.source_patient_id,pi1_0.source_system from patient_identities pi1_0 where pi1_0.patient_id=?
2026-08-21T08:42:11.599+05:30 DEBUG 29208 --- [demo] [nio-8081-exec-9] org.hibernate.SQL                        : select count(ce1_0.id) from clinical_events ce1_0 where ce1_0.patient_id=?
2026-08-21T08:42:11.601+05:30 DEBUG 29208 --- [demo] [nio-8081-exec-9] org.hibernate.SQL                        : select pi1_0.id,pi1_0.created_at,pi1_0.match_score,pi1_0.match_status,pi1_0.patient_id,pi1_0.source_patient_id,pi1_0.source_system from patient_identities pi1_0 where pi1_0.patient_id=?
2026-08-21T08:42:11.603+05:30 DEBUG 29208 --- [demo] [nio-8081-exec-9] org.hibernate.SQL                        : select count(ce1_0.id) from clinical_events ce1_0 where ce1_0.patient_id=?
2026-08-21T08:42:11.605+05:30 DEBUG 29208 --- [demo] [nio-8081-exec-9] org.hibernate.SQL                        : select pi1_0.id,pi1_0.created_at,pi1_0.match_score,pi1_0.match_status,pi1_0.patient_id,pi1_0.source_patient_id,pi1_0.source_system from patient_identities pi1_0 where pi1_0.patient_id=?
2026-08-21T08:42:11.607+05:30 DEBUG 29208 --- [demo] [nio-8081-exec-9] org.hibernate.SQL                        : select count(ce1_0.id) from clinical_events ce1_0 where ce1_0.patient_id=?
2026-08-21T08:42:11.610+05:30 DEBUG 29208 --- [demo] [nio-8081-exec-9] org.hibernate.SQL                        : select pi1_0.id,pi1_0.created_at,pi1_0.match_score,pi1_0.match_status,pi1_0.patient_id,pi1_0.source_patient_id,pi1_0.source_system from patient_identities pi1_0 where pi1_0.patient_id=?
2026-08-21T08:42:11.613+05:30 DEBUG 29208 --- [demo] [nio-8081-exec-9] o.s.w.s.m.m.a.HttpEntityMethodProcessor  : Using 'application/json', given [application/json, text/plain, */*] and supported [application/json, application/*+json]
2026-08-21T08:42:11.613+05:30 DEBUG 29208 --- [demo] [nio-8081-exec-9] o.s.w.s.m.m.a.HttpEntityMethodProcessor  : Writing [Page 1 of 2 containing com.clinicaltrial.assistant.dto.PatientDTO instances]
2026-08-21T08:42:11.615+05:30 DEBUG 29208 --- [demo] [nio-8081-exec-9] o.s.web.servlet.DispatcherServlet        : Completed 200 OK
2026-08-21T08:42:16.279+05:30 DEBUG 29208 --- [demo] [nio-8081-exec-1] o.s.web.servlet.DispatcherServlet        : GET "/api/audit-logs?page=0&size=20", parameters={masked}
2026-08-21T08:42:16.286+05:30 DEBUG 29208 --- [demo] [nio-8081-exec-1] s.w.s.m.m.a.RequestMappingHandlerMapping : Mapped to com.clinicaltrial.assistant.controller.DashboardController#getAuditLogs(int, int)
2026-08-21T08:42:16.288+05:30 DEBUG 29208 --- [demo] [nio-8081-exec-1] org.hibernate.SQL                        : select al1_0.id,al1_0.action,al1_0.current_hash,al1_0.details,al1_0.entity_id,al1_0.entity_type,al1_0.performed_by,al1_0.previous_hash,al1_0.timestamp from audit_logs al1_0 order by al1_0.timestamp desc limit ?
2026-08-21T08:42:16.291+05:30 DEBUG 29208 --- [demo] [nio-8081-exec-1] org.hibernate.SQL                        : select count(al1_0.id) from audit_logs al1_0
2026-08-21T08:42:16.294+05:30 DEBUG 29208 --- [demo] [nio-8081-exec-1] o.s.w.s.m.m.a.HttpEntityMethodProcessor  : Using 'application/json', given [application/json, text/plain, */*] and supported [application/json, application/*+json]
2026-08-21T08:42:16.294+05:30 DEBUG 29208 --- [demo] [nio-8081-exec-1] o.s.w.s.m.m.a.HttpEntityMethodProcessor  : Writing [Page 1 of 5 containing com.clinicaltrial.assistant.model.AuditLog instances]
2026-08-21T08:42:16.295+05:30 DEBUG 29208 --- [demo] [nio-8081-exec-1] o.s.web.servlet.DispatcherServlet        : Completed 200 OK
2026-08-21T08:42:21.260+05:30 DEBUG 29208 --- [demo] [nio-8081-exec-2] o.s.web.servlet.DispatcherServlet        : GET "/api/patients?search=&page=0&size=50", parameters={masked}
2026-08-21T08:42:21.271+05:30 DEBUG 29208 --- [demo] [nio-8081-exec-2] s.w.s.m.m.a.RequestMappingHandlerMapping : Mapped to com.clinicaltrial.assistant.controller.PatientController#getPatients(String, int, int)
2026-08-21T08:42:21.273+05:30 DEBUG 29208 --- [demo] [nio-8081-exec-2] org.hibernate.SQL                        : select p1_0.id,p1_0.canonical_patient_id,p1_0.consent_status,p1_0.created_at,p1_0.date_of_birth,p1_0.email,p1_0.first_name,p1_0.gender,p1_0.last_name,p1_0.phone,p1_0.updated_at from patients p1_0 limit ?,?
2026-08-21T08:42:21.281+05:30 DEBUG 29208 --- [demo] [nio-8081-exec-2] org.hibernate.SQL                        : select count(ce1_0.id) from clinical_events ce1_0 where ce1_0.patient_id=?
2026-08-21T08:42:21.283+05:30 DEBUG 29208 --- [demo] [nio-8081-exec-2] org.hibernate.SQL                        : select pi1_0.id,pi1_0.created_at,pi1_0.match_score,pi1_0.match_status,pi1_0.patient_id,pi1_0.source_patient_id,pi1_0.source_system from patient_identities pi1_0 where pi1_0.patient_id=?
2026-08-21T08:42:21.284+05:30 DEBUG 29208 --- [demo] [nio-8081-exec-2] org.hibernate.SQL                        : select count(ce1_0.id) from clinical_events ce1_0 where ce1_0.patient_id=?
2026-08-21T08:42:21.286+05:30 DEBUG 29208 --- [demo] [nio-8081-exec-2] org.hibernate.SQL                        : select pi1_0.id,pi1_0.created_at,pi1_0.match_score,pi1_0.match_status,pi1_0.patient_id,pi1_0.source_patient_id,pi1_0.source_system from patient_identities pi1_0 where pi1_0.patient_id=?
2026-08-21T08:42:21.289+05:30 DEBUG 29208 --- [demo] [nio-8081-exec-2] org.hibernate.SQL                        : select count(ce1_0.id) from clinical_events ce1_0 where ce1_0.patient_id=?
2026-08-21T08:42:21.290+05:30 DEBUG 29208 --- [demo] [nio-8081-exec-2] org.hibernate.SQL                        : select pi1_0.id,pi1_0.created_at,pi1_0.match_score,pi1_0.match_status,pi1_0.patient_id,pi1_0.source_patient_id,pi1_0.source_system from patient_identities pi1_0 where pi1_0.patient_id=?
2026-08-21T08:42:21.291+05:30 DEBUG 29208 --- [demo] [nio-8081-exec-2] org.hibernate.SQL                        : select count(ce1_0.id) from clinical_events ce1_0 where ce1_0.patient_id=?
2026-08-21T08:42:21.292+05:30 DEBUG 29208 --- [demo] [nio-8081-exec-2] org.hibernate.SQL                        : select pi1_0.id,pi1_0.created_at,pi1_0.match_score,pi1_0.match_status,pi1_0.patient_id,pi1_0.source_patient_id,pi1_0.source_system from patient_identities pi1_0 where pi1_0.patient_id=?
2026-08-21T08:42:21.293+05:30 DEBUG 29208 --- [demo] [nio-8081-exec-2] org.hibernate.SQL                        : select count(ce1_0.id) from clinical_events ce1_0 where ce1_0.patient_id=?
2026-08-21T08:42:21.296+05:30 DEBUG 29208 --- [demo] [nio-8081-exec-2] org.hibernate.SQL                        : select pi1_0.id,pi1_0.created_at,pi1_0.match_score,pi1_0.match_status,pi1_0.patient_id,pi1_0.source_patient_id,pi1_0.source_system from patient_identities pi1_0 where pi1_0.patient_id=?
2026-08-21T08:42:21.298+05:30 DEBUG 29208 --- [demo] [nio-8081-exec-2] org.hibernate.SQL                        : select count(ce1_0.id) from clinical_events ce1_0 where ce1_0.patient_id=?
2026-08-21T08:42:21.299+05:30 DEBUG 29208 --- [demo] [nio-8081-exec-2] org.hibernate.SQL                        : select pi1_0.id,pi1_0.created_at,pi1_0.match_score,pi1_0.match_status,pi1_0.patient_id,pi1_0.source_patient_id,pi1_0.source_system from patient_identities pi1_0 where pi1_0.patient_id=?
2026-08-21T08:42:21.300+05:30 DEBUG 29208 --- [demo] [nio-8081-exec-2] org.hibernate.SQL                        : select count(ce1_0.id) from clinical_events ce1_0 where ce1_0.patient_id=?
2026-08-21T08:42:21.302+05:30 DEBUG 29208 --- [demo] [nio-8081-exec-2] org.hibernate.SQL                        : select pi1_0.id,pi1_0.created_at,pi1_0.match_score,pi1_0.match_status,pi1_0.patient_id,pi1_0.source_patient_id,pi1_0.source_system from patient_identities pi1_0 where pi1_0.patient_id=?
2026-08-21T08:42:21.304+05:30 DEBUG 29208 --- [demo] [nio-8081-exec-2] org.hibernate.SQL                        : select count(ce1_0.id) from clinical_events ce1_0 where ce1_0.patient_id=?
2026-08-21T08:42:21.306+05:30 DEBUG 29208 --- [demo] [nio-8081-exec-2] org.hibernate.SQL                        : select pi1_0.id,pi1_0.created_at,pi1_0.match_score,pi1_0.match_status,pi1_0.patient_id,pi1_0.source_patient_id,pi1_0.source_system from patient_identities pi1_0 where pi1_0.patient_id=?
2026-08-21T08:42:21.307+05:30 DEBUG 29208 --- [demo] [nio-8081-exec-2] org.hibernate.SQL                        : select count(ce1_0.id) from clinical_events ce1_0 where ce1_0.patient_id=?
2026-08-21T08:42:21.309+05:30 DEBUG 29208 --- [demo] [nio-8081-exec-2] org.hibernate.SQL                        : select pi1_0.id,pi1_0.created_at,pi1_0.match_score,pi1_0.match_status,pi1_0.patient_id,pi1_0.source_patient_id,pi1_0.source_system from patient_identities pi1_0 where pi1_0.patient_id=?
2026-08-21T08:42:21.311+05:30 DEBUG 29208 --- [demo] [nio-8081-exec-2] org.hibernate.SQL                        : select count(ce1_0.id) from clinical_events ce1_0 where ce1_0.patient_id=?
2026-08-21T08:42:21.313+05:30 DEBUG 29208 --- [demo] [nio-8081-exec-2] org.hibernate.SQL                        : select pi1_0.id,pi1_0.created_at,pi1_0.match_score,pi1_0.match_status,pi1_0.patient_id,pi1_0.source_patient_id,pi1_0.source_system from patient_identities pi1_0 where pi1_0.patient_id=?
2026-08-21T08:42:21.315+05:30 DEBUG 29208 --- [demo] [nio-8081-exec-2] org.hibernate.SQL                        : select count(ce1_0.id) from clinical_events ce1_0 where ce1_0.patient_id=?
2026-08-21T08:42:21.317+05:30 DEBUG 29208 --- [demo] [nio-8081-exec-2] org.hibernate.SQL                        : select pi1_0.id,pi1_0.created_at,pi1_0.match_score,pi1_0.match_status,pi1_0.patient_id,pi1_0.source_patient_id,pi1_0.source_system from patient_identities pi1_0 where pi1_0.patient_id=?
2026-08-21T08:42:21.319+05:30 DEBUG 29208 --- [demo] [nio-8081-exec-2] o.s.w.s.m.m.a.HttpEntityMethodProcessor  : Using 'application/json', given [application/json, text/plain, */*] and supported [application/json, application/*+json]
2026-08-21T08:42:21.319+05:30 DEBUG 29208 --- [demo] [nio-8081-exec-2] o.s.w.s.m.m.a.HttpEntityMethodProcessor  : Writing [Page 1 of 1 containing com.clinicaltrial.assistant.dto.PatientDTO instances]
2026-08-21T08:42:21.321+05:30 DEBUG 29208 --- [demo] [nio-8081-exec-2] o.s.web.servlet.DispatcherServlet        : Completed 200 OK
2026-08-21T08:43:14.695+05:30 DEBUG 29208 --- [demo] [nio-8081-exec-4] o.s.web.servlet.DispatcherServlet        : GET "/api/patients?search=&page=0&size=10", parameters={masked}
2026-08-21T08:43:14.697+05:30 DEBUG 29208 --- [demo] [nio-8081-exec-4] s.w.s.m.m.a.RequestMappingHandlerMapping : Mapped to com.clinicaltrial.assistant.controller.PatientController#getPatients(String, int, int)
2026-08-21T08:43:14.699+05:30 DEBUG 29208 --- [demo] [nio-8081-exec-4] org.hibernate.SQL                        : select p1_0.id,p1_0.canonical_patient_id,p1_0.consent_status,p1_0.created_at,p1_0.date_of_birth,p1_0.email,p1_0.first_name,p1_0.gender,p1_0.last_name,p1_0.phone,p1_0.updated_at from patients p1_0 limit ?,?
2026-08-21T08:43:14.702+05:30 DEBUG 29208 --- [demo] [nio-8081-exec-4] org.hibernate.SQL                        : select count(p1_0.id) from patients p1_0
2026-08-21T08:43:14.704+05:30 DEBUG 29208 --- [demo] [nio-8081-exec-4] org.hibernate.SQL                        : select count(ce1_0.id) from clinical_events ce1_0 where ce1_0.patient_id=?
2026-08-21T08:43:14.706+05:30 DEBUG 29208 --- [demo] [nio-8081-exec-4] org.hibernate.SQL                        : select pi1_0.id,pi1_0.created_at,pi1_0.match_score,pi1_0.match_status,pi1_0.patient_id,pi1_0.source_patient_id,pi1_0.source_system from patient_identities pi1_0 where pi1_0.patient_id=?
2026-08-21T08:43:14.710+05:30 DEBUG 29208 --- [demo] [nio-8081-exec-4] org.hibernate.SQL                        : select count(ce1_0.id) from clinical_events ce1_0 where ce1_0.patient_id=?
2026-08-21T08:43:14.712+05:30 DEBUG 29208 --- [demo] [nio-8081-exec-4] org.hibernate.SQL                        : select pi1_0.id,pi1_0.created_at,pi1_0.match_score,pi1_0.match_status,pi1_0.patient_id,pi1_0.source_patient_id,pi1_0.source_system from patient_identities pi1_0 where pi1_0.patient_id=?
2026-08-21T08:43:14.714+05:30 DEBUG 29208 --- [demo] [nio-8081-exec-4] org.hibernate.SQL                        : select count(ce1_0.id) from clinical_events ce1_0 where ce1_0.patient_id=?
2026-08-21T08:43:14.716+05:30 DEBUG 29208 --- [demo] [nio-8081-exec-4] org.hibernate.SQL                        : select pi1_0.id,pi1_0.created_at,pi1_0.match_score,pi1_0.match_status,pi1_0.patient_id,pi1_0.source_patient_id,pi1_0.source_system from patient_identities pi1_0 where pi1_0.patient_id=?
2026-08-21T08:43:14.718+05:30 DEBUG 29208 --- [demo] [nio-8081-exec-4] org.hibernate.SQL                        : select count(ce1_0.id) from clinical_events ce1_0 where ce1_0.patient_id=?
2026-08-21T08:43:14.719+05:30 DEBUG 29208 --- [demo] [nio-8081-exec-4] org.hibernate.SQL                        : select pi1_0.id,pi1_0.created_at,pi1_0.match_score,pi1_0.match_status,pi1_0.patient_id,pi1_0.source_patient_id,pi1_0.source_system from patient_identities pi1_0 where pi1_0.patient_id=?
2026-08-21T08:43:14.721+05:30 DEBUG 29208 --- [demo] [nio-8081-exec-4] org.hibernate.SQL                        : select count(ce1_0.id) from clinical_events ce1_0 where ce1_0.patient_id=?
2026-08-21T08:43:14.724+05:30 DEBUG 29208 --- [demo] [nio-8081-exec-4] org.hibernate.SQL                        : select pi1_0.id,pi1_0.created_at,pi1_0.match_score,pi1_0.match_status,pi1_0.patient_id,pi1_0.source_patient_id,pi1_0.source_system from patient_identities pi1_0 where pi1_0.patient_id=?
2026-08-21T08:43:14.727+05:30 DEBUG 29208 --- [demo] [nio-8081-exec-4] org.hibernate.SQL                        : select count(ce1_0.id) from clinical_events ce1_0 where ce1_0.patient_id=?
2026-08-21T08:43:14.728+05:30 DEBUG 29208 --- [demo] [nio-8081-exec-4] org.hibernate.SQL                        : select pi1_0.id,pi1_0.created_at,pi1_0.match_score,pi1_0.match_status,pi1_0.patient_id,pi1_0.source_patient_id,pi1_0.source_system from patient_identities pi1_0 where pi1_0.patient_id=?
2026-08-21T08:43:14.731+05:30 DEBUG 29208 --- [demo] [nio-8081-exec-4] org.hibernate.SQL                        : select count(ce1_0.id) from clinical_events ce1_0 where ce1_0.patient_id=?
2026-08-21T08:43:14.735+05:30 DEBUG 29208 --- [demo] [nio-8081-exec-4] org.hibernate.SQL                        : select pi1_0.id,pi1_0.created_at,pi1_0.match_score,pi1_0.match_status,pi1_0.patient_id,pi1_0.source_patient_id,pi1_0.source_system from patient_identities pi1_0 where pi1_0.patient_id=?
2026-08-21T08:43:14.737+05:30 DEBUG 29208 --- [demo] [nio-8081-exec-4] org.hibernate.SQL                        : select count(ce1_0.id) from clinical_events ce1_0 where ce1_0.patient_id=?
2026-08-21T08:43:14.740+05:30 DEBUG 29208 --- [demo] [nio-8081-exec-4] org.hibernate.SQL                        : select pi1_0.id,pi1_0.created_at,pi1_0.match_score,pi1_0.match_status,pi1_0.patient_id,pi1_0.source_patient_id,pi1_0.source_system from patient_identities pi1_0 where pi1_0.patient_id=?
2026-08-21T08:43:14.743+05:30 DEBUG 29208 --- [demo] [nio-8081-exec-4] org.hibernate.SQL                        : select count(ce1_0.id) from clinical_events ce1_0 where ce1_0.patient_id=?
2026-08-21T08:43:14.746+05:30 DEBUG 29208 --- [demo] [nio-8081-exec-4] org.hibernate.SQL                        : select pi1_0.id,pi1_0.created_at,pi1_0.match_score,pi1_0.match_status,pi1_0.patient_id,pi1_0.source_patient_id,pi1_0.source_system from patient_identities pi1_0 where pi1_0.patient_id=?
2026-08-21T08:43:14.748+05:30 DEBUG 29208 --- [demo] [nio-8081-exec-4] org.hibernate.SQL                        : select count(ce1_0.id) from clinical_events ce1_0 where ce1_0.patient_id=?
2026-08-21T08:43:14.750+05:30 DEBUG 29208 --- [demo] [nio-8081-exec-4] org.hibernate.SQL                        : select pi1_0.id,pi1_0.created_at,pi1_0.match_score,pi1_0.match_status,pi1_0.patient_id,pi1_0.source_patient_id,pi1_0.source_system from patient_identities pi1_0 where pi1_0.patient_id=?
2026-08-21T08:43:14.752+05:30 DEBUG 29208 --- [demo] [nio-8081-exec-4] o.s.w.s.m.m.a.HttpEntityMethodProcessor  : Using 'application/json', given [application/json, text/plain, */*] and supported [application/json, application/*+json]
2026-08-21T08:43:14.753+05:30 DEBUG 29208 --- [demo] [nio-8081-exec-4] o.s.w.s.m.m.a.HttpEntityMethodProcessor  : Writing [Page 1 of 2 containing com.clinicaltrial.assistant.dto.PatientDTO instances]
2026-08-21T08:43:14.754+05:30 DEBUG 29208 --- [demo] [nio-8081-exec-4] o.s.web.servlet.DispatcherServlet        : Completed 200 OK
2026-08-21T08:43:21.360+05:30 DEBUG 29208 --- [demo] [nio-8081-exec-3] o.s.web.servlet.DispatcherServlet        : GET "/api/patients/1", parameters={}
2026-08-21T08:43:21.360+05:30 DEBUG 29208 --- [demo] [nio-8081-exec-5] o.s.web.servlet.DispatcherServlet        : GET "/api/patients/1/timeline", parameters={}
2026-08-21T08:43:21.360+05:30 DEBUG 29208 --- [demo] [nio-8081-exec-6] o.s.web.servlet.DispatcherServlet        : GET "/api/patients/1/matches", parameters={}
2026-08-21T08:43:21.372+05:30 DEBUG 29208 --- [demo] [nio-8081-exec-6] s.w.s.m.m.a.RequestMappingHandlerMapping : Mapped to com.clinicaltrial.assistant.controller.MatchController#getPatientMatches(Long)
2026-08-21T08:43:21.372+05:30 DEBUG 29208 --- [demo] [nio-8081-exec-3] s.w.s.m.m.a.RequestMappingHandlerMapping : Mapped to com.clinicaltrial.assistant.controller.PatientController#getPatient(String)
2026-08-21T08:43:21.372+05:30 DEBUG 29208 --- [demo] [nio-8081-exec-5] s.w.s.m.m.a.RequestMappingHandlerMapping : Mapped to com.clinicaltrial.assistant.controller.PatientController#getTimeline(String)
2026-08-21T08:43:21.374+05:30 DEBUG 29208 --- [demo] [nio-8081-exec-5] org.hibernate.SQL                        : select ce1_0.id,ce1_0.code,ce1_0.created_at,ce1_0.display_name,ce1_0.event_timestamp,ce1_0.event_type,ce1_0.numeric_value,ce1_0.patient_id,ce1_0.raw_fhir_json,ce1_0.source_record_id,ce1_0.source_system,ce1_0.unit,ce1_0.value from clinical_events ce1_0 where ce1_0.patient_id=? order by ce1_0.event_timestamp
2026-08-21T08:43:21.374+05:30 DEBUG 29208 --- [demo] [nio-8081-exec-3] org.hibernate.SQL                        : select p1_0.id,p1_0.canonical_patient_id,p1_0.consent_status,p1_0.created_at,p1_0.date_of_birth,p1_0.email,p1_0.first_name,p1_0.gender,p1_0.last_name,p1_0.phone,p1_0.updated_at from patients p1_0 where p1_0.id=?
2026-08-21T08:43:21.375+05:30 DEBUG 29208 --- [demo] [nio-8081-exec-6] org.hibernate.SQL                        : select tm1_0.id,tm1_0.matched_at,tm1_0.patient_id,tm1_0.review_notes,tm1_0.status,tm1_0.trial_id from trial_matches tm1_0 where tm1_0.patient_id=?
2026-08-21T08:43:21.376+05:30 DEBUG 29208 --- [demo] [nio-8081-exec-3] org.hibernate.SQL                        : select count(ce1_0.id) from clinical_events ce1_0 where ce1_0.patient_id=?
2026-08-21T08:43:21.376+05:30 DEBUG 29208 --- [demo] [nio-8081-exec-6] org.hibernate.SQL                        : select cr1_0.trial_match_id,cr1_0.id,cr1_0.clinical_event_id,cr1_0.criterion_id,cr1_0.explanation,cr1_0.gap_description,cr1_0.gap_to_pass,cr1_0.patient_value,cr1_0.status from criterion_results cr1_0 where cr1_0.trial_match_id=?
2026-08-21T08:43:21.378+05:30 DEBUG 29208 --- [demo] [nio-8081-exec-3] org.hibernate.SQL                        : select pi1_0.id,pi1_0.created_at,pi1_0.match_score,pi1_0.match_status,pi1_0.patient_id,pi1_0.source_patient_id,pi1_0.source_system from patient_identities pi1_0 where pi1_0.patient_id=?
2026-08-21T08:43:21.378+05:30 DEBUG 29208 --- [demo] [nio-8081-exec-6] org.hibernate.SQL                        : select tc1_0.id,tc1_0.clinical_field,tc1_0.criterion_type,tc1_0.description,tc1_0.max_value,tc1_0.min_value,tc1_0.operator,tc1_0.reviewed_by_human,tc1_0.trial_id,tc1_0.unit,tc1_0.value from trial_criteria tc1_0 where tc1_0.id=?
2026-08-21T08:43:21.379+05:30 DEBUG 29208 --- [demo] [nio-8081-exec-5] org.hibernate.SQL                        : select p1_0.id,p1_0.canonical_patient_id,p1_0.consent_status,p1_0.created_at,p1_0.date_of_birth,p1_0.email,p1_0.first_name,p1_0.gender,p1_0.last_name,p1_0.phone,p1_0.updated_at from patients p1_0 where p1_0.id=?
2026-08-21T08:43:21.379+05:30 DEBUG 29208 --- [demo] [nio-8081-exec-6] org.hibernate.SQL                        : select tc1_0.id,tc1_0.clinical_field,tc1_0.criterion_type,tc1_0.description,tc1_0.max_value,tc1_0.min_value,tc1_0.operator,tc1_0.reviewed_by_human,tc1_0.trial_id,tc1_0.unit,tc1_0.value from trial_criteria tc1_0 where tc1_0.id=?
2026-08-21T08:43:21.380+05:30 DEBUG 29208 --- [demo] [nio-8081-exec-5] o.s.w.s.m.m.a.HttpEntityMethodProcessor  : Using 'application/json', given [application/json, text/plain, */*] and supported [application/json, application/*+json]
2026-08-21T08:43:21.380+05:30 DEBUG 29208 --- [demo] [nio-8081-exec-3] o.s.w.s.m.m.a.HttpEntityMethodProcessor  : Using 'application/json', given [application/json, text/plain, */*] and supported [application/json, application/*+json]
2026-08-21T08:43:21.380+05:30 DEBUG 29208 --- [demo] [nio-8081-exec-6] org.hibernate.SQL                        : select ce1_0.id,ce1_0.code,ce1_0.created_at,ce1_0.display_name,ce1_0.event_timestamp,ce1_0.event_type,ce1_0.numeric_value,ce1_0.patient_id,ce1_0.raw_fhir_json,ce1_0.source_record_id,ce1_0.source_system,ce1_0.unit,ce1_0.value from clinical_events ce1_0 where ce1_0.id=?
2026-08-21T08:43:21.380+05:30 DEBUG 29208 --- [demo] [nio-8081-exec-5] o.s.w.s.m.m.a.HttpEntityMethodProcessor  : Writing [[TimelineEventDTO(id=7, patientName=John Smith, canonicalPatientId=P000001, time=2026-08-18T09:00, s (truncated)...]
2026-08-21T08:43:21.380+05:30 DEBUG 29208 --- [demo] [nio-8081-exec-3] o.s.w.s.m.m.a.HttpEntityMethodProcessor  : Writing [PatientDTO(id=1, canonicalPatientId=P000001, firstName=John, lastName=Smith, dateOfBirth=1970-12-03, (truncated)...]
2026-08-21T08:43:21.381+05:30 DEBUG 29208 --- [demo] [nio-8081-exec-6] org.hibernate.SQL                        : select tc1_0.id,tc1_0.clinical_field,tc1_0.criterion_type,tc1_0.description,tc1_0.max_value,tc1_0.min_value,tc1_0.operator,tc1_0.reviewed_by_human,tc1_0.trial_id,tc1_0.unit,tc1_0.value from trial_criteria tc1_0 where tc1_0.id=?
2026-08-21T08:43:21.382+05:30 DEBUG 29208 --- [demo] [nio-8081-exec-3] o.s.web.servlet.DispatcherServlet        : Completed 200 OK
2026-08-21T08:43:21.382+05:30 DEBUG 29208 --- [demo] [nio-8081-exec-5] o.s.web.servlet.DispatcherServlet        : Completed 200 OK
2026-08-21T08:43:21.383+05:30 DEBUG 29208 --- [demo] [nio-8081-exec-6] org.hibernate.SQL                        : select ce1_0.id,ce1_0.code,ce1_0.created_at,ce1_0.display_name,ce1_0.event_timestamp,ce1_0.event_type,ce1_0.numeric_value,ce1_0.patient_id,ce1_0.raw_fhir_json,ce1_0.source_record_id,ce1_0.source_system,ce1_0.unit,ce1_0.value from clinical_events ce1_0 where ce1_0.id=?
2026-08-21T08:43:21.385+05:30 DEBUG 29208 --- [demo] [nio-8081-exec-6] org.hibernate.SQL                        : select tc1_0.id,tc1_0.clinical_field,tc1_0.criterion_type,tc1_0.description,tc1_0.max_value,tc1_0.min_value,tc1_0.operator,tc1_0.reviewed_by_human,tc1_0.trial_id,tc1_0.unit,tc1_0.value from trial_criteria tc1_0 where tc1_0.id=?
2026-08-21T08:43:21.387+05:30 DEBUG 29208 --- [demo] [nio-8081-exec-6] org.hibernate.SQL                        : select ce1_0.id,ce1_0.code,ce1_0.created_at,ce1_0.display_name,ce1_0.event_timestamp,ce1_0.event_type,ce1_0.numeric_value,ce1_0.patient_id,ce1_0.raw_fhir_json,ce1_0.source_record_id,ce1_0.source_system,ce1_0.unit,ce1_0.value from clinical_events ce1_0 where ce1_0.id=?
2026-08-21T08:43:21.389+05:30 DEBUG 29208 --- [demo] [nio-8081-exec-6] org.hibernate.SQL                        : select t1_0.id,t1_0.created_at,t1_0.description,t1_0.original_eligibility_text,t1_0.title,t1_0.trial_code from trials t1_0 where t1_0.id=?
2026-08-21T08:43:21.390+05:30 DEBUG 29208 --- [demo] [nio-8081-exec-6] org.hibernate.SQL                        : select p1_0.id,p1_0.canonical_patient_id,p1_0.consent_status,p1_0.created_at,p1_0.date_of_birth,p1_0.email,p1_0.first_name,p1_0.gender,p1_0.last_name,p1_0.phone,p1_0.updated_at from patients p1_0 where p1_0.id=?
2026-08-21T08:43:21.391+05:30 DEBUG 29208 --- [demo] [nio-8081-exec-6] org.hibernate.SQL                        : select cr1_0.trial_match_id,cr1_0.id,cr1_0.clinical_event_id,cr1_0.criterion_id,cr1_0.explanation,cr1_0.gap_description,cr1_0.gap_to_pass,cr1_0.patient_value,cr1_0.status from criterion_results cr1_0 where cr1_0.trial_match_id=?
2026-08-21T08:43:21.392+05:30 DEBUG 29208 --- [demo] [nio-8081-exec-6] org.hibernate.SQL                        : select tc1_0.id,tc1_0.clinical_field,tc1_0.criterion_type,tc1_0.description,tc1_0.max_value,tc1_0.min_value,tc1_0.operator,tc1_0.reviewed_by_human,tc1_0.trial_id,tc1_0.unit,tc1_0.value from trial_criteria tc1_0 where tc1_0.id=?
2026-08-21T08:43:21.393+05:30 DEBUG 29208 --- [demo] [nio-8081-exec-6] org.hibernate.SQL                        : select tc1_0.id,tc1_0.clinical_field,tc1_0.criterion_type,tc1_0.description,tc1_0.max_value,tc1_0.min_value,tc1_0.operator,tc1_0.reviewed_by_human,tc1_0.trial_id,tc1_0.unit,tc1_0.value from trial_criteria tc1_0 where tc1_0.id=?
2026-08-21T08:43:21.394+05:30 DEBUG 29208 --- [demo] [nio-8081-exec-6] org.hibernate.SQL                        : select tc1_0.id,tc1_0.clinical_field,tc1_0.criterion_type,tc1_0.description,tc1_0.max_value,tc1_0.min_value,tc1_0.operator,tc1_0.reviewed_by_human,tc1_0.trial_id,tc1_0.unit,tc1_0.value from trial_criteria tc1_0 where tc1_0.id=?
2026-08-21T08:43:21.395+05:30 DEBUG 29208 --- [demo] [nio-8081-exec-6] org.hibernate.SQL                        : select tc1_0.id,tc1_0.clinical_field,tc1_0.criterion_type,tc1_0.description,tc1_0.max_value,tc1_0.min_value,tc1_0.operator,tc1_0.reviewed_by_human,tc1_0.trial_id,tc1_0.unit,tc1_0.value from trial_criteria tc1_0 where tc1_0.id=?
2026-08-21T08:43:21.396+05:30 DEBUG 29208 --- [demo] [nio-8081-exec-6] org.hibernate.SQL                        : select tc1_0.id,tc1_0.clinical_field,tc1_0.criterion_type,tc1_0.description,tc1_0.max_value,tc1_0.min_value,tc1_0.operator,tc1_0.reviewed_by_human,tc1_0.trial_id,tc1_0.unit,tc1_0.value from trial_criteria tc1_0 where tc1_0.id=?
2026-08-21T08:43:21.397+05:30 DEBUG 29208 --- [demo] [nio-8081-exec-6] org.hibernate.SQL                        : select t1_0.id,t1_0.created_at,t1_0.description,t1_0.original_eligibility_text,t1_0.title,t1_0.trial_code from trials t1_0 where t1_0.id=?
2026-08-21T08:43:21.398+05:30 DEBUG 29208 --- [demo] [nio-8081-exec-6] o.s.w.s.m.m.a.HttpEntityMethodProcessor  : Using 'application/json', given [application/json, text/plain, */*] and supported [application/json, application/*+json]
2026-08-21T08:43:21.399+05:30 DEBUG 29208 --- [demo] [nio-8081-exec-6] o.s.w.s.m.m.a.HttpEntityMethodProcessor  : Writing [[MatchResultDTO(id=1, status=ELIGIBLE, matchedAt=2026-08-21T08:39:35.555737, reviewNotes=null, trial (truncated)...]
2026-08-21T08:43:21.400+05:30 DEBUG 29208 --- [demo] [nio-8081-exec-6] o.s.web.servlet.DispatcherServlet        : Completed 200 OK
2026-08-21T08:43:31.241+05:30 DEBUG 29208 --- [demo] [nio-8081-exec-7] o.s.web.servlet.DispatcherServlet        : GET "/api/review-queue", parameters={}
2026-08-21T08:43:31.242+05:30 DEBUG 29208 --- [demo] [nio-8081-exec-7] s.w.s.m.m.a.RequestMappingHandlerMapping : Mapped to com.clinicaltrial.assistant.controller.MatchController#getReviewQueue()
2026-08-21T08:43:31.246+05:30 DEBUG 29208 --- [demo] [nio-8081-exec-7] org.hibernate.SQL                        : select tm1_0.id,tm1_0.matched_at,tm1_0.patient_id,tm1_0.review_notes,tm1_0.status,tm1_0.trial_id from trial_matches tm1_0 where tm1_0.status=?
2026-08-21T08:43:31.248+05:30 DEBUG 29208 --- [demo] [nio-8081-exec-7] org.hibernate.SQL                        : select tm1_0.id,tm1_0.matched_at,tm1_0.patient_id,tm1_0.review_notes,tm1_0.status,tm1_0.trial_id from trial_matches tm1_0 where tm1_0.status=?
2026-08-21T08:43:31.249+05:30 DEBUG 29208 --- [demo] [nio-8081-exec-7] org.hibernate.SQL                        : select cr1_0.trial_match_id,cr1_0.id,cr1_0.clinical_event_id,cr1_0.criterion_id,cr1_0.explanation,cr1_0.gap_description,cr1_0.gap_to_pass,cr1_0.patient_value,cr1_0.status from criterion_results cr1_0 where cr1_0.trial_match_id=?
2026-08-21T08:43:31.251+05:30 DEBUG 29208 --- [demo] [nio-8081-exec-7] org.hibernate.SQL                        : select p1_0.id,p1_0.canonical_patient_id,p1_0.consent_status,p1_0.created_at,p1_0.date_of_birth,p1_0.email,p1_0.first_name,p1_0.gender,p1_0.last_name,p1_0.phone,p1_0.updated_at from patients p1_0 where p1_0.id=?
2026-08-21T08:43:31.253+05:30 DEBUG 29208 --- [demo] [nio-8081-exec-7] org.hibernate.SQL                        : select t1_0.id,t1_0.created_at,t1_0.description,t1_0.original_eligibility_text,t1_0.title,t1_0.trial_code from trials t1_0 where t1_0.id=?
2026-08-21T08:43:31.254+05:30 DEBUG 29208 --- [demo] [nio-8081-exec-7] org.hibernate.SQL                        : select cr1_0.trial_match_id,cr1_0.id,cr1_0.clinical_event_id,cr1_0.criterion_id,cr1_0.explanation,cr1_0.gap_description,cr1_0.gap_to_pass,cr1_0.patient_value,cr1_0.status from criterion_results cr1_0 where cr1_0.trial_match_id=?
2026-08-21T08:43:31.256+05:30 DEBUG 29208 --- [demo] [nio-8081-exec-7] org.hibernate.SQL                        : select p1_0.id,p1_0.canonical_patient_id,p1_0.consent_status,p1_0.created_at,p1_0.date_of_birth,p1_0.email,p1_0.first_name,p1_0.gender,p1_0.last_name,p1_0.phone,p1_0.updated_at from patients p1_0 where p1_0.id=?
2026-08-21T08:43:31.257+05:30 DEBUG 29208 --- [demo] [nio-8081-exec-7] org.hibernate.SQL                        : select cr1_0.trial_match_id,cr1_0.id,cr1_0.clinical_event_id,cr1_0.criterion_id,cr1_0.explanation,cr1_0.gap_description,cr1_0.gap_to_pass,cr1_0.patient_value,cr1_0.status from criterion_results cr1_0 where cr1_0.trial_match_id=?
2026-08-21T08:43:31.259+05:30 DEBUG 29208 --- [demo] [nio-8081-exec-7] org.hibernate.SQL                        : select p1_0.id,p1_0.canonical_patient_id,p1_0.consent_status,p1_0.created_at,p1_0.date_of_birth,p1_0.email,p1_0.first_name,p1_0.gender,p1_0.last_name,p1_0.phone,p1_0.updated_at from patients p1_0 where p1_0.id=?
2026-08-21T08:43:31.262+05:30 DEBUG 29208 --- [demo] [nio-8081-exec-7] org.hibernate.SQL                        : select cr1_0.trial_match_id,cr1_0.id,cr1_0.clinical_event_id,cr1_0.criterion_id,cr1_0.explanation,cr1_0.gap_description,cr1_0.gap_to_pass,cr1_0.patient_value,cr1_0.status from criterion_results cr1_0 where cr1_0.trial_match_id=?
2026-08-21T08:43:31.264+05:30 DEBUG 29208 --- [demo] [nio-8081-exec-7] org.hibernate.SQL                        : select p1_0.id,p1_0.canonical_patient_id,p1_0.consent_status,p1_0.created_at,p1_0.date_of_birth,p1_0.email,p1_0.first_name,p1_0.gender,p1_0.last_name,p1_0.phone,p1_0.updated_at from patients p1_0 where p1_0.id=?
2026-08-21T08:43:31.265+05:30 DEBUG 29208 --- [demo] [nio-8081-exec-7] org.hibernate.SQL                        : select cr1_0.trial_match_id,cr1_0.id,cr1_0.clinical_event_id,cr1_0.criterion_id,cr1_0.explanation,cr1_0.gap_description,cr1_0.gap_to_pass,cr1_0.patient_value,cr1_0.status from criterion_results cr1_0 where cr1_0.trial_match_id=?
2026-08-21T08:43:31.266+05:30 DEBUG 29208 --- [demo] [nio-8081-exec-7] org.hibernate.SQL                        : select t1_0.id,t1_0.created_at,t1_0.description,t1_0.original_eligibility_text,t1_0.title,t1_0.trial_code from trials t1_0 where t1_0.id=?
2026-08-21T08:43:31.267+05:30 DEBUG 29208 --- [demo] [nio-8081-exec-7] org.hibernate.SQL                        : select cr1_0.trial_match_id,cr1_0.id,cr1_0.clinical_event_id,cr1_0.criterion_id,cr1_0.explanation,cr1_0.gap_description,cr1_0.gap_to_pass,cr1_0.patient_value,cr1_0.status from criterion_results cr1_0 where cr1_0.trial_match_id=?
2026-08-21T08:43:31.268+05:30 DEBUG 29208 --- [demo] [nio-8081-exec-7] org.hibernate.SQL                        : select cr1_0.trial_match_id,cr1_0.id,cr1_0.clinical_event_id,cr1_0.criterion_id,cr1_0.explanation,cr1_0.gap_description,cr1_0.gap_to_pass,cr1_0.patient_value,cr1_0.status from criterion_results cr1_0 where cr1_0.trial_match_id=?
2026-08-21T08:43:31.269+05:30 DEBUG 29208 --- [demo] [nio-8081-exec-7] org.hibernate.SQL                        : select cr1_0.trial_match_id,cr1_0.id,cr1_0.clinical_event_id,cr1_0.criterion_id,cr1_0.explanation,cr1_0.gap_description,cr1_0.gap_to_pass,cr1_0.patient_value,cr1_0.status from criterion_results cr1_0 where cr1_0.trial_match_id=?
2026-08-21T08:43:31.271+05:30 DEBUG 29208 --- [demo] [nio-8081-exec-7] o.s.w.s.m.m.a.HttpEntityMethodProcessor  : Using 'application/json', given [application/json, text/plain, */*] and supported [application/json, application/*+json]
2026-08-21T08:43:31.271+05:30 DEBUG 29208 --- [demo] [nio-8081-exec-7] o.s.w.s.m.m.a.HttpEntityMethodProcessor  : Writing [[ReviewQueueDTO(matchId=3, patientName=Maya Patel, canonicalPatientId=P000003, trialTitle=Type 2 Dia (truncated)...]
2026-08-21T08:43:31.272+05:30 DEBUG 29208 --- [demo] [nio-8081-exec-7] o.s.web.servlet.DispatcherServlet        : Completed 200 OK
2026-08-21T08:43:38.471+05:30 DEBUG 29208 --- [demo] [nio-8081-exec-8] o.s.web.servlet.DispatcherServlet        : GET "/api/trials", parameters={}
2026-08-21T08:43:38.472+05:30 DEBUG 29208 --- [demo] [nio-8081-exec-8] s.w.s.m.m.a.RequestMappingHandlerMapping : Mapped to com.clinicaltrial.assistant.controller.TrialController#getAll()
2026-08-21T08:43:38.474+05:30 DEBUG 29208 --- [demo] [nio-8081-exec-8] org.hibernate.SQL                        : select t1_0.id,t1_0.created_at,t1_0.description,t1_0.original_eligibility_text,t1_0.title,t1_0.trial_code from trials t1_0
2026-08-21T08:43:38.475+05:30 DEBUG 29208 --- [demo] [nio-8081-exec-8] org.hibernate.SQL                        : select c1_0.trial_id,c1_0.id,c1_0.clinical_field,c1_0.criterion_type,c1_0.description,c1_0.max_value,c1_0.min_value,c1_0.operator,c1_0.reviewed_by_human,c1_0.unit,c1_0.value from trial_criteria c1_0 where c1_0.trial_id=?
2026-08-21T08:43:38.476+05:30 DEBUG 29208 --- [demo] [nio-8081-exec-8] org.hibernate.SQL                        : select c1_0.trial_id,c1_0.id,c1_0.clinical_field,c1_0.criterion_type,c1_0.description,c1_0.max_value,c1_0.min_value,c1_0.operator,c1_0.reviewed_by_human,c1_0.unit,c1_0.value from trial_criteria c1_0 where c1_0.trial_id=?
2026-08-21T08:43:38.477+05:30 DEBUG 29208 --- [demo] [nio-8081-exec-8] org.hibernate.SQL                        : select c1_0.trial_id,c1_0.id,c1_0.clinical_field,c1_0.criterion_type,c1_0.description,c1_0.max_value,c1_0.min_value,c1_0.operator,c1_0.reviewed_by_human,c1_0.unit,c1_0.value from trial_criteria c1_0 where c1_0.trial_id=?
2026-08-21T08:43:38.479+05:30 DEBUG 29208 --- [demo] [nio-8081-exec-8] org.hibernate.SQL                        : select c1_0.trial_id,c1_0.id,c1_0.clinical_field,c1_0.criterion_type,c1_0.description,c1_0.max_value,c1_0.min_value,c1_0.operator,c1_0.reviewed_by_human,c1_0.unit,c1_0.value from trial_criteria c1_0 where c1_0.trial_id=?
2026-08-21T08:43:38.480+05:30 DEBUG 29208 --- [demo] [nio-8081-exec-8] o.s.w.s.m.m.a.HttpEntityMethodProcessor  : Using 'application/json', given [application/json, text/plain, */*] and supported [application/json, application/*+json]
2026-08-21T08:43:38.482+05:30 DEBUG 29208 --- [demo] [nio-8081-exec-8] o.s.w.s.m.m.a.HttpEntityMethodProcessor  : Writing [[TrialDTO(id=1, title=Type 2 Diabetes Management Study, trialCode=TRIAL-DM2-001, description=A rando (truncated)...]
2026-08-21T08:43:38.483+05:30 DEBUG 29208 --- [demo] [nio-8081-exec-8] o.s.web.servlet.DispatcherServlet        : Completed 200 OK
2026-08-21T08:43:40.339+05:30 DEBUG 29208 --- [demo] [io-8081-exec-10] o.s.web.servlet.DispatcherServlet        : GET "/api/audit-logs?page=0&size=20", parameters={masked}
2026-08-21T08:43:40.354+05:30 DEBUG 29208 --- [demo] [io-8081-exec-10] s.w.s.m.m.a.RequestMappingHandlerMapping : Mapped to com.clinicaltrial.assistant.controller.DashboardController#getAuditLogs(int, int)
2026-08-21T08:43:40.358+05:30 DEBUG 29208 --- [demo] [io-8081-exec-10] org.hibernate.SQL                        : select al1_0.id,al1_0.action,al1_0.current_hash,al1_0.details,al1_0.entity_id,al1_0.entity_type,al1_0.performed_by,al1_0.previous_hash,al1_0.timestamp from audit_logs al1_0 order by al1_0.timestamp desc limit ?
2026-08-21T08:43:40.361+05:30 DEBUG 29208 --- [demo] [io-8081-exec-10] org.hibernate.SQL                        : select count(al1_0.id) from audit_logs al1_0
2026-08-21T08:43:40.363+05:30 DEBUG 29208 --- [demo] [io-8081-exec-10] o.s.w.s.m.m.a.HttpEntityMethodProcessor  : Using 'application/json', given [application/json, text/plain, */*] and supported [application/json, application/*+json]
2026-08-21T08:43:40.365+05:30 DEBUG 29208 --- [demo] [io-8081-exec-10] o.s.w.s.m.m.a.HttpEntityMethodProcessor  : Writing [Page 1 of 5 containing com.clinicaltrial.assistant.model.AuditLog instances]
2026-08-21T08:43:40.365+05:30 DEBUG 29208 --- [demo] [io-8081-exec-10] o.s.web.servlet.DispatcherServlet        : Completed 200 OK
2026-08-21T08:43:50.697+05:30 DEBUG 29208 --- [demo] [nio-8081-exec-9] o.s.web.servlet.DispatcherServlet        : GET "/api/audit-logs?page=0&size=20", parameters={masked}
2026-08-21T08:43:50.699+05:30 DEBUG 29208 --- [demo] [nio-8081-exec-9] s.w.s.m.m.a.RequestMappingHandlerMapping : Mapped to com.clinicaltrial.assistant.controller.DashboardController#getAuditLogs(int, int)
2026-08-21T08:43:50.701+05:30 DEBUG 29208 --- [demo] [nio-8081-exec-9] org.hibernate.SQL                        : select al1_0.id,al1_0.action,al1_0.current_hash,al1_0.details,al1_0.entity_id,al1_0.entity_type,al1_0.performed_by,al1_0.previous_hash,al1_0.timestamp from audit_logs al1_0 order by al1_0.timestamp desc limit ?
2026-08-21T08:43:50.704+05:30 DEBUG 29208 --- [demo] [nio-8081-exec-9] org.hibernate.SQL                        : select count(al1_0.id) from audit_logs al1_0
2026-08-21T08:43:50.705+05:30 DEBUG 29208 --- [demo] [nio-8081-exec-9] o.s.w.s.m.m.a.HttpEntityMethodProcessor  : Using 'application/json', given [application/json, text/plain, */*] and supported [application/json, application/*+json]
2026-08-21T08:43:50.706+05:30 DEBUG 29208 --- [demo] [nio-8081-exec-9] o.s.w.s.m.m.a.HttpEntityMethodProcessor  : Writing [Page 1 of 5 containing com.clinicaltrial.assistant.model.AuditLog instances]
2026-08-21T08:43:50.708+05:30 DEBUG 29208 --- [demo] [nio-8081-exec-9] o.s.web.servlet.DispatcherServlet        : Completed 200 OK
2026-08-21T08:43:55.132+05:30 DEBUG 29208 --- [demo] [nio-8081-exec-1] o.s.web.servlet.DispatcherServlet        : GET "/api/dashboard", parameters={}
2026-08-21T08:43:55.135+05:30 DEBUG 29208 --- [demo] [nio-8081-exec-1] s.w.s.m.m.a.RequestMappingHandlerMapping : Mapped to com.clinicaltrial.assistant.controller.DashboardController#getDashboard()
2026-08-21T08:43:55.137+05:30 DEBUG 29208 --- [demo] [nio-8081-exec-1] org.hibernate.SQL                        : select ce1_0.id,ce1_0.code,ce1_0.created_at,ce1_0.display_name,ce1_0.event_timestamp,ce1_0.event_type,ce1_0.numeric_value,ce1_0.patient_id,ce1_0.raw_fhir_json,ce1_0.source_record_id,ce1_0.source_system,ce1_0.unit,ce1_0.value from clinical_events ce1_0 order by ce1_0.created_at desc limit ?
2026-08-21T08:43:55.142+05:30 DEBUG 29208 --- [demo] [nio-8081-exec-1] org.hibernate.SQL                        : select count(ce1_0.id) from clinical_events ce1_0
2026-08-21T08:43:55.144+05:30 DEBUG 29208 --- [demo] [nio-8081-exec-1] org.hibernate.SQL                        : select count(*) from patients p1_0
2026-08-21T08:43:55.146+05:30 DEBUG 29208 --- [demo] [nio-8081-exec-1] org.hibernate.SQL                        : select count(*) from clinical_events ce1_0
2026-08-21T08:43:55.149+05:30 DEBUG 29208 --- [demo] [nio-8081-exec-1] org.hibernate.SQL                        : select count(*) from trials t1_0
2026-08-21T08:43:55.152+05:30 DEBUG 29208 --- [demo] [nio-8081-exec-1] org.hibernate.SQL                        : select count(tm1_0.id) from trial_matches tm1_0 where tm1_0.status in ('POTENTIALLY_ELIGIBLE','NEEDS_REVIEW')
2026-08-21T08:43:55.153+05:30 DEBUG 29208 --- [demo] [nio-8081-exec-1] org.hibernate.SQL                        : select count(tm1_0.id) from trial_matches tm1_0 where tm1_0.status='NEEDS_REVIEW'
2026-08-21T08:43:55.154+05:30 DEBUG 29208 --- [demo] [nio-8081-exec-1] org.hibernate.SQL                        : select count(p1_0.id) from patients p1_0 where p1_0.created_at>?
2026-08-21T08:43:55.156+05:30 DEBUG 29208 --- [demo] [nio-8081-exec-1] org.hibernate.SQL                        : select count(ce1_0.id) from clinical_events ce1_0 where ce1_0.created_at>?
2026-08-21T08:43:55.159+05:30 DEBUG 29208 --- [demo] [nio-8081-exec-1] o.s.w.s.m.m.a.HttpEntityMethodProcessor  : Using 'application/json', given [application/json, text/plain, */*] and supported [application/json, application/*+json]
2026-08-21T08:43:55.160+05:30 DEBUG 29208 --- [demo] [nio-8081-exec-1] o.s.w.s.m.m.a.HttpEntityMethodProcessor  : Writing [DashboardDTO(totalPatients=11, totalClinicalEvents=33, totalTrials=4, potentialMatches=8, needsRevie (truncated)...]
2026-08-21T08:43:55.162+05:30 DEBUG 29208 --- [demo] [nio-8081-exec-1] o.s.web.servlet.DispatcherServlet        : Completed 200 OK
2026-08-21T08:50:27.326+05:30 DEBUG 29208 --- [demo] [nio-8081-exec-2] o.s.web.servlet.DispatcherServlet        : GET "/api/trials", parameters={}
2026-08-21T08:50:27.327+05:30 DEBUG 29208 --- [demo] [nio-8081-exec-2] s.w.s.m.m.a.RequestMappingHandlerMapping : Mapped to com.clinicaltrial.assistant.controller.TrialController#getAll()
2026-08-21T08:50:27.331+05:30 DEBUG 29208 --- [demo] [nio-8081-exec-2] org.hibernate.SQL                        : select t1_0.id,t1_0.created_at,t1_0.description,t1_0.original_eligibility_text,t1_0.title,t1_0.trial_code from trials t1_0
2026-08-21T08:50:27.333+05:30 DEBUG 29208 --- [demo] [nio-8081-exec-2] org.hibernate.SQL                        : select c1_0.trial_id,c1_0.id,c1_0.clinical_field,c1_0.criterion_type,c1_0.description,c1_0.max_value,c1_0.min_value,c1_0.operator,c1_0.reviewed_by_human,c1_0.unit,c1_0.value from trial_criteria c1_0 where c1_0.trial_id=?
2026-08-21T08:50:27.334+05:30 DEBUG 29208 --- [demo] [nio-8081-exec-2] org.hibernate.SQL                        : select c1_0.trial_id,c1_0.id,c1_0.clinical_field,c1_0.criterion_type,c1_0.description,c1_0.max_value,c1_0.min_value,c1_0.operator,c1_0.reviewed_by_human,c1_0.unit,c1_0.value from trial_criteria c1_0 where c1_0.trial_id=?
2026-08-21T08:50:27.336+05:30 DEBUG 29208 --- [demo] [nio-8081-exec-2] org.hibernate.SQL                        : select c1_0.trial_id,c1_0.id,c1_0.clinical_field,c1_0.criterion_type,c1_0.description,c1_0.max_value,c1_0.min_value,c1_0.operator,c1_0.reviewed_by_human,c1_0.unit,c1_0.value from trial_criteria c1_0 where c1_0.trial_id=?
2026-08-21T08:50:27.337+05:30 DEBUG 29208 --- [demo] [nio-8081-exec-2] org.hibernate.SQL                        : select c1_0.trial_id,c1_0.id,c1_0.clinical_field,c1_0.criterion_type,c1_0.description,c1_0.max_value,c1_0.min_value,c1_0.operator,c1_0.reviewed_by_human,c1_0.unit,c1_0.value from trial_criteria c1_0 where c1_0.trial_id=?
2026-08-21T08:50:27.339+05:30 DEBUG 29208 --- [demo] [nio-8081-exec-2] o.s.w.s.m.m.a.HttpEntityMethodProcessor  : Using 'application/json', given [application/json, text/plain, */*] and supported [application/json, application/*+json]
2026-08-21T08:50:27.340+05:30 DEBUG 29208 --- [demo] [nio-8081-exec-2] o.s.w.s.m.m.a.HttpEntityMethodProcessor  : Writing [[TrialDTO(id=1, title=Type 2 Diabetes Management Study, trialCode=TRIAL-DM2-001, description=A rando (truncated)...]
2026-08-21T08:50:27.342+05:30 DEBUG 29208 --- [demo] [nio-8081-exec-2] o.s.web.servlet.DispatcherServlet        : Completed 200 OK
2026-08-21T08:50:28.313+05:30 DEBUG 29208 --- [demo] [nio-8081-exec-4] o.s.web.servlet.DispatcherServlet        : GET "/api/trials", parameters={}
2026-08-21T08:50:28.318+05:30 DEBUG 29208 --- [demo] [nio-8081-exec-3] o.s.web.servlet.DispatcherServlet        : GET "/api/dashboard", parameters={}
2026-08-21T08:50:28.323+05:30 DEBUG 29208 --- [demo] [nio-8081-exec-4] s.w.s.m.m.a.RequestMappingHandlerMapping : Mapped to com.clinicaltrial.assistant.controller.TrialController#getAll()
2026-08-21T08:50:28.323+05:30 DEBUG 29208 --- [demo] [nio-8081-exec-5] o.s.web.servlet.DispatcherServlet        : GET "/api/patients?search=&page=0&size=50", parameters={masked}
2026-08-21T08:50:28.323+05:30 DEBUG 29208 --- [demo] [nio-8081-exec-3] s.w.s.m.m.a.RequestMappingHandlerMapping : Mapped to com.clinicaltrial.assistant.controller.DashboardController#getDashboard()
2026-08-21T08:50:28.324+05:30 DEBUG 29208 --- [demo] [nio-8081-exec-5] s.w.s.m.m.a.RequestMappingHandlerMapping : Mapped to com.clinicaltrial.assistant.controller.PatientController#getPatients(String, int, int)
2026-08-21T08:50:28.325+05:30 DEBUG 29208 --- [demo] [nio-8081-exec-4] org.hibernate.SQL                        : select t1_0.id,t1_0.created_at,t1_0.description,t1_0.original_eligibility_text,t1_0.title,t1_0.trial_code from trials t1_0
2026-08-21T08:50:28.325+05:30 DEBUG 29208 --- [demo] [nio-8081-exec-3] org.hibernate.SQL                        : select ce1_0.id,ce1_0.code,ce1_0.created_at,ce1_0.display_name,ce1_0.event_timestamp,ce1_0.event_type,ce1_0.numeric_value,ce1_0.patient_id,ce1_0.raw_fhir_json,ce1_0.source_record_id,ce1_0.source_system,ce1_0.unit,ce1_0.value from clinical_events ce1_0 order by ce1_0.created_at desc limit ?
2026-08-21T08:50:28.327+05:30 DEBUG 29208 --- [demo] [nio-8081-exec-5] org.hibernate.SQL                        : select p1_0.id,p1_0.canonical_patient_id,p1_0.consent_status,p1_0.created_at,p1_0.date_of_birth,p1_0.email,p1_0.first_name,p1_0.gender,p1_0.last_name,p1_0.phone,p1_0.updated_at from patients p1_0 limit ?,?
2026-08-21T08:50:28.327+05:30 DEBUG 29208 --- [demo] [nio-8081-exec-4] org.hibernate.SQL                        : select c1_0.trial_id,c1_0.id,c1_0.clinical_field,c1_0.criterion_type,c1_0.description,c1_0.max_value,c1_0.min_value,c1_0.operator,c1_0.reviewed_by_human,c1_0.unit,c1_0.value from trial_criteria c1_0 where c1_0.trial_id=?
2026-08-21T08:50:28.328+05:30 DEBUG 29208 --- [demo] [nio-8081-exec-3] org.hibernate.SQL                        : select count(ce1_0.id) from clinical_events ce1_0
2026-08-21T08:50:28.328+05:30 DEBUG 29208 --- [demo] [nio-8081-exec-4] org.hibernate.SQL                        : select c1_0.trial_id,c1_0.id,c1_0.clinical_field,c1_0.criterion_type,c1_0.description,c1_0.max_value,c1_0.min_value,c1_0.operator,c1_0.reviewed_by_human,c1_0.unit,c1_0.value from trial_criteria c1_0 where c1_0.trial_id=?
2026-08-21T08:50:28.329+05:30 DEBUG 29208 --- [demo] [nio-8081-exec-5] org.hibernate.SQL                        : select count(ce1_0.id) from clinical_events ce1_0 where ce1_0.patient_id=?
2026-08-21T08:50:28.330+05:30 DEBUG 29208 --- [demo] [nio-8081-exec-4] org.hibernate.SQL                        : select c1_0.trial_id,c1_0.id,c1_0.clinical_field,c1_0.criterion_type,c1_0.description,c1_0.max_value,c1_0.min_value,c1_0.operator,c1_0.reviewed_by_human,c1_0.unit,c1_0.value from trial_criteria c1_0 where c1_0.trial_id=?
2026-08-21T08:50:28.330+05:30 DEBUG 29208 --- [demo] [nio-8081-exec-3] org.hibernate.SQL                        : select count(*) from patients p1_0
2026-08-21T08:50:28.330+05:30 DEBUG 29208 --- [demo] [nio-8081-exec-5] org.hibernate.SQL                        : select pi1_0.id,pi1_0.created_at,pi1_0.match_score,pi1_0.match_status,pi1_0.patient_id,pi1_0.source_patient_id,pi1_0.source_system from patient_identities pi1_0 where pi1_0.patient_id=?
2026-08-21T08:50:28.331+05:30 DEBUG 29208 --- [demo] [nio-8081-exec-4] org.hibernate.SQL                        : select c1_0.trial_id,c1_0.id,c1_0.clinical_field,c1_0.criterion_type,c1_0.description,c1_0.max_value,c1_0.min_value,c1_0.operator,c1_0.reviewed_by_human,c1_0.unit,c1_0.value from trial_criteria c1_0 where c1_0.trial_id=?
2026-08-21T08:50:28.332+05:30 DEBUG 29208 --- [demo] [nio-8081-exec-5] org.hibernate.SQL                        : select count(ce1_0.id) from clinical_events ce1_0 where ce1_0.patient_id=?
2026-08-21T08:50:28.332+05:30 DEBUG 29208 --- [demo] [nio-8081-exec-3] org.hibernate.SQL                        : select count(*) from clinical_events ce1_0
2026-08-21T08:50:28.332+05:30 DEBUG 29208 --- [demo] [nio-8081-exec-7] o.s.web.servlet.DispatcherServlet        : GET "/api/review-queue", parameters={}
2026-08-21T08:50:28.332+05:30 DEBUG 29208 --- [demo] [nio-8081-exec-6] o.s.web.servlet.DispatcherServlet        : GET "/api/trials", parameters={}
2026-08-21T08:50:28.333+05:30 DEBUG 29208 --- [demo] [nio-8081-exec-7] s.w.s.m.m.a.RequestMappingHandlerMapping : Mapped to com.clinicaltrial.assistant.controller.MatchController#getReviewQueue()
2026-08-21T08:50:28.332+05:30 DEBUG 29208 --- [demo] [nio-8081-exec-8] o.s.web.servlet.DispatcherServlet        : GET "/api/audit-logs?page=0&size=20", parameters={masked}
2026-08-21T08:50:28.333+05:30 DEBUG 29208 --- [demo] [nio-8081-exec-4] o.s.w.s.m.m.a.HttpEntityMethodProcessor  : Using 'application/json', given [application/json, text/plain, */*] and supported [application/json, application/*+json]
2026-08-21T08:50:28.333+05:30 DEBUG 29208 --- [demo] [nio-8081-exec-6] s.w.s.m.m.a.RequestMappingHandlerMapping : Mapped to com.clinicaltrial.assistant.controller.TrialController#getAll()
2026-08-21T08:50:28.333+05:30 DEBUG 29208 --- [demo] [nio-8081-exec-5] org.hibernate.SQL                        : select pi1_0.id,pi1_0.created_at,pi1_0.match_score,pi1_0.match_status,pi1_0.patient_id,pi1_0.source_patient_id,pi1_0.source_system from patient_identities pi1_0 where pi1_0.patient_id=?
2026-08-21T08:50:28.334+05:30 DEBUG 29208 --- [demo] [nio-8081-exec-8] s.w.s.m.m.a.RequestMappingHandlerMapping : Mapped to com.clinicaltrial.assistant.controller.DashboardController#getAuditLogs(int, int)
2026-08-21T08:50:28.334+05:30 DEBUG 29208 --- [demo] [nio-8081-exec-3] org.hibernate.SQL                        : select count(*) from trials t1_0
2026-08-21T08:50:28.334+05:30 DEBUG 29208 --- [demo] [nio-8081-exec-4] o.s.w.s.m.m.a.HttpEntityMethodProcessor  : Writing [[TrialDTO(id=1, title=Type 2 Diabetes Management Study, trialCode=TRIAL-DM2-001, description=A rando (truncated)...]
2026-08-21T08:50:28.336+05:30 DEBUG 29208 --- [demo] [nio-8081-exec-5] org.hibernate.SQL                        : select count(ce1_0.id) from clinical_events ce1_0 where ce1_0.patient_id=?
2026-08-21T08:50:28.336+05:30 DEBUG 29208 --- [demo] [nio-8081-exec-8] org.hibernate.SQL                        : select al1_0.id,al1_0.action,al1_0.current_hash,al1_0.details,al1_0.entity_id,al1_0.entity_type,al1_0.performed_by,al1_0.previous_hash,al1_0.timestamp from audit_logs al1_0 order by al1_0.timestamp desc limit ?
2026-08-21T08:50:28.337+05:30 DEBUG 29208 --- [demo] [nio-8081-exec-6] org.hibernate.SQL                        : select t1_0.id,t1_0.created_at,t1_0.description,t1_0.original_eligibility_text,t1_0.title,t1_0.trial_code from trials t1_0
2026-08-21T08:50:28.336+05:30 DEBUG 29208 --- [demo] [nio-8081-exec-7] org.hibernate.SQL                        : select tm1_0.id,tm1_0.matched_at,tm1_0.patient_id,tm1_0.review_notes,tm1_0.status,tm1_0.trial_id from trial_matches tm1_0 where tm1_0.status=?
2026-08-21T08:50:28.338+05:30 DEBUG 29208 --- [demo] [nio-8081-exec-5] org.hibernate.SQL                        : select pi1_0.id,pi1_0.created_at,pi1_0.match_score,pi1_0.match_status,pi1_0.patient_id,pi1_0.source_patient_id,pi1_0.source_system from patient_identities pi1_0 where pi1_0.patient_id=?
2026-08-21T08:50:28.338+05:30 DEBUG 29208 --- [demo] [nio-8081-exec-3] org.hibernate.SQL                        : select count(tm1_0.id) from trial_matches tm1_0 where tm1_0.status in ('POTENTIALLY_ELIGIBLE','NEEDS_REVIEW')
2026-08-21T08:50:28.338+05:30 DEBUG 29208 --- [demo] [nio-8081-exec-6] org.hibernate.SQL                        : select c1_0.trial_id,c1_0.id,c1_0.clinical_field,c1_0.criterion_type,c1_0.description,c1_0.max_value,c1_0.min_value,c1_0.operator,c1_0.reviewed_by_human,c1_0.unit,c1_0.value from trial_criteria c1_0 where c1_0.trial_id=?
2026-08-21T08:50:28.338+05:30 DEBUG 29208 --- [demo] [nio-8081-exec-7] org.hibernate.SQL                        : select tm1_0.id,tm1_0.matched_at,tm1_0.patient_id,tm1_0.review_notes,tm1_0.status,tm1_0.trial_id from trial_matches tm1_0 where tm1_0.status=?
2026-08-21T08:50:28.338+05:30 DEBUG 29208 --- [demo] [nio-8081-exec-4] o.s.web.servlet.DispatcherServlet        : Completed 200 OK
2026-08-21T08:50:28.339+05:30 DEBUG 29208 --- [demo] [nio-8081-exec-3] org.hibernate.SQL                        : select count(tm1_0.id) from trial_matches tm1_0 where tm1_0.status='NEEDS_REVIEW'
2026-08-21T08:50:28.339+05:30 DEBUG 29208 --- [demo] [nio-8081-exec-8] org.hibernate.SQL                        : select count(al1_0.id) from audit_logs al1_0
2026-08-21T08:50:28.339+05:30 DEBUG 29208 --- [demo] [nio-8081-exec-5] org.hibernate.SQL                        : select count(ce1_0.id) from clinical_events ce1_0 where ce1_0.patient_id=?
2026-08-21T08:50:28.340+05:30 DEBUG 29208 --- [demo] [nio-8081-exec-6] org.hibernate.SQL                        : select c1_0.trial_id,c1_0.id,c1_0.clinical_field,c1_0.criterion_type,c1_0.description,c1_0.max_value,c1_0.min_value,c1_0.operator,c1_0.reviewed_by_human,c1_0.unit,c1_0.value from trial_criteria c1_0 where c1_0.trial_id=?
2026-08-21T08:50:28.340+05:30 DEBUG 29208 --- [demo] [nio-8081-exec-7] org.hibernate.SQL                        : select cr1_0.trial_match_id,cr1_0.id,cr1_0.clinical_event_id,cr1_0.criterion_id,cr1_0.explanation,cr1_0.gap_description,cr1_0.gap_to_pass,cr1_0.patient_value,cr1_0.status from criterion_results cr1_0 where cr1_0.trial_match_id=?
2026-08-21T08:50:28.341+05:30 DEBUG 29208 --- [demo] [nio-8081-exec-6] org.hibernate.SQL                        : select c1_0.trial_id,c1_0.id,c1_0.clinical_field,c1_0.criterion_type,c1_0.description,c1_0.max_value,c1_0.min_value,c1_0.operator,c1_0.reviewed_by_human,c1_0.unit,c1_0.value from trial_criteria c1_0 where c1_0.trial_id=?
2026-08-21T08:50:28.341+05:30 DEBUG 29208 --- [demo] [nio-8081-exec-8] o.s.w.s.m.m.a.HttpEntityMethodProcessor  : Using 'application/json', given [application/json, text/plain, */*] and supported [application/json, application/*+json]
2026-08-21T08:50:28.341+05:30 DEBUG 29208 --- [demo] [nio-8081-exec-3] org.hibernate.SQL                        : select count(p1_0.id) from patients p1_0 where p1_0.created_at>?
2026-08-21T08:50:28.342+05:30 DEBUG 29208 --- [demo] [nio-8081-exec-5] org.hibernate.SQL                        : select pi1_0.id,pi1_0.created_at,pi1_0.match_score,pi1_0.match_status,pi1_0.patient_id,pi1_0.source_patient_id,pi1_0.source_system from patient_identities pi1_0 where pi1_0.patient_id=?
2026-08-21T08:50:28.343+05:30 DEBUG 29208 --- [demo] [nio-8081-exec-8] o.s.w.s.m.m.a.HttpEntityMethodProcessor  : Writing [Page 1 of 5 containing com.clinicaltrial.assistant.model.AuditLog instances]
2026-08-21T08:50:28.343+05:30 DEBUG 29208 --- [demo] [nio-8081-exec-6] org.hibernate.SQL                        : select c1_0.trial_id,c1_0.id,c1_0.clinical_field,c1_0.criterion_type,c1_0.description,c1_0.max_value,c1_0.min_value,c1_0.operator,c1_0.reviewed_by_human,c1_0.unit,c1_0.value from trial_criteria c1_0 where c1_0.trial_id=?
2026-08-21T08:50:28.343+05:30 DEBUG 29208 --- [demo] [nio-8081-exec-7] org.hibernate.SQL                        : select p1_0.id,p1_0.canonical_patient_id,p1_0.consent_status,p1_0.created_at,p1_0.date_of_birth,p1_0.email,p1_0.first_name,p1_0.gender,p1_0.last_name,p1_0.phone,p1_0.updated_at from patients p1_0 where p1_0.id=?
2026-08-21T08:50:28.345+05:30 DEBUG 29208 --- [demo] [nio-8081-exec-3] org.hibernate.SQL                        : select count(ce1_0.id) from clinical_events ce1_0 where ce1_0.created_at>?
2026-08-21T08:50:28.345+05:30 DEBUG 29208 --- [demo] [nio-8081-exec-5] org.hibernate.SQL                        : select count(ce1_0.id) from clinical_events ce1_0 where ce1_0.patient_id=?
2026-08-21T08:50:28.345+05:30 DEBUG 29208 --- [demo] [nio-8081-exec-8] o.s.web.servlet.DispatcherServlet        : Completed 200 OK
2026-08-21T08:50:28.345+05:30 DEBUG 29208 --- [demo] [nio-8081-exec-7] org.hibernate.SQL                        : select t1_0.id,t1_0.created_at,t1_0.description,t1_0.original_eligibility_text,t1_0.title,t1_0.trial_code from trials t1_0 where t1_0.id=?
2026-08-21T08:50:28.346+05:30 DEBUG 29208 --- [demo] [nio-8081-exec-3] o.s.w.s.m.m.a.HttpEntityMethodProcessor  : Using 'application/json', given [application/json, text/plain, */*] and supported [application/json, application/*+json]
2026-08-21T08:50:28.346+05:30 DEBUG 29208 --- [demo] [nio-8081-exec-6] o.s.w.s.m.m.a.HttpEntityMethodProcessor  : Using 'application/json', given [application/json, text/plain, */*] and supported [application/json, application/*+json]
2026-08-21T08:50:28.346+05:30 DEBUG 29208 --- [demo] [nio-8081-exec-5] org.hibernate.SQL                        : select pi1_0.id,pi1_0.created_at,pi1_0.match_score,pi1_0.match_status,pi1_0.patient_id,pi1_0.source_patient_id,pi1_0.source_system from patient_identities pi1_0 where pi1_0.patient_id=?
2026-08-21T08:50:28.346+05:30 DEBUG 29208 --- [demo] [nio-8081-exec-3] o.s.w.s.m.m.a.HttpEntityMethodProcessor  : Writing [DashboardDTO(totalPatients=11, totalClinicalEvents=33, totalTrials=4, potentialMatches=8, needsRevie (truncated)...]
2026-08-21T08:50:28.346+05:30 DEBUG 29208 --- [demo] [nio-8081-exec-7] org.hibernate.SQL                        : select cr1_0.trial_match_id,cr1_0.id,cr1_0.clinical_event_id,cr1_0.criterion_id,cr1_0.explanation,cr1_0.gap_description,cr1_0.gap_to_pass,cr1_0.patient_value,cr1_0.status from criterion_results cr1_0 where cr1_0.trial_match_id=?
2026-08-21T08:50:28.346+05:30 DEBUG 29208 --- [demo] [nio-8081-exec-6] o.s.w.s.m.m.a.HttpEntityMethodProcessor  : Writing [[TrialDTO(id=1, title=Type 2 Diabetes Management Study, trialCode=TRIAL-DM2-001, description=A rando (truncated)...]
2026-08-21T08:50:28.348+05:30 DEBUG 29208 --- [demo] [nio-8081-exec-3] o.s.web.servlet.DispatcherServlet        : Completed 200 OK
2026-08-21T08:50:28.348+05:30 DEBUG 29208 --- [demo] [nio-8081-exec-7] org.hibernate.SQL                        : select p1_0.id,p1_0.canonical_patient_id,p1_0.consent_status,p1_0.created_at,p1_0.date_of_birth,p1_0.email,p1_0.first_name,p1_0.gender,p1_0.last_name,p1_0.phone,p1_0.updated_at from patients p1_0 where p1_0.id=?
2026-08-21T08:50:28.348+05:30 DEBUG 29208 --- [demo] [nio-8081-exec-6] o.s.web.servlet.DispatcherServlet        : Completed 200 OK
2026-08-21T08:50:28.348+05:30 DEBUG 29208 --- [demo] [nio-8081-exec-5] org.hibernate.SQL                        : select count(ce1_0.id) from clinical_events ce1_0 where ce1_0.patient_id=?
2026-08-21T08:50:28.349+05:30 DEBUG 29208 --- [demo] [nio-8081-exec-7] org.hibernate.SQL                        : select cr1_0.trial_match_id,cr1_0.id,cr1_0.clinical_event_id,cr1_0.criterion_id,cr1_0.explanation,cr1_0.gap_description,cr1_0.gap_to_pass,cr1_0.patient_value,cr1_0.status from criterion_results cr1_0 where cr1_0.trial_match_id=?
2026-08-21T08:50:28.350+05:30 DEBUG 29208 --- [demo] [nio-8081-exec-5] org.hibernate.SQL                        : select pi1_0.id,pi1_0.created_at,pi1_0.match_score,pi1_0.match_status,pi1_0.patient_id,pi1_0.source_patient_id,pi1_0.source_system from patient_identities pi1_0 where pi1_0.patient_id=?
2026-08-21T08:50:28.351+05:30 DEBUG 29208 --- [demo] [nio-8081-exec-7] org.hibernate.SQL                        : select p1_0.id,p1_0.canonical_patient_id,p1_0.consent_status,p1_0.created_at,p1_0.date_of_birth,p1_0.email,p1_0.first_name,p1_0.gender,p1_0.last_name,p1_0.phone,p1_0.updated_at from patients p1_0 where p1_0.id=?
2026-08-21T08:50:28.352+05:30 DEBUG 29208 --- [demo] [nio-8081-exec-5] org.hibernate.SQL                        : select count(ce1_0.id) from clinical_events ce1_0 where ce1_0.patient_id=?
2026-08-21T08:50:28.352+05:30 DEBUG 29208 --- [demo] [nio-8081-exec-7] org.hibernate.SQL                        : select cr1_0.trial_match_id,cr1_0.id,cr1_0.clinical_event_id,cr1_0.criterion_id,cr1_0.explanation,cr1_0.gap_description,cr1_0.gap_to_pass,cr1_0.patient_value,cr1_0.status from criterion_results cr1_0 where cr1_0.trial_match_id=?
2026-08-21T08:50:28.353+05:30 DEBUG 29208 --- [demo] [nio-8081-exec-5] org.hibernate.SQL                        : select pi1_0.id,pi1_0.created_at,pi1_0.match_score,pi1_0.match_status,pi1_0.patient_id,pi1_0.source_patient_id,pi1_0.source_system from patient_identities pi1_0 where pi1_0.patient_id=?
2026-08-21T08:50:28.353+05:30 DEBUG 29208 --- [demo] [nio-8081-exec-7] org.hibernate.SQL                        : select p1_0.id,p1_0.canonical_patient_id,p1_0.consent_status,p1_0.created_at,p1_0.date_of_birth,p1_0.email,p1_0.first_name,p1_0.gender,p1_0.last_name,p1_0.phone,p1_0.updated_at from patients p1_0 where p1_0.id=?
2026-08-21T08:50:28.354+05:30 DEBUG 29208 --- [demo] [nio-8081-exec-7] org.hibernate.SQL                        : select cr1_0.trial_match_id,cr1_0.id,cr1_0.clinical_event_id,cr1_0.criterion_id,cr1_0.explanation,cr1_0.gap_description,cr1_0.gap_to_pass,cr1_0.patient_value,cr1_0.status from criterion_results cr1_0 where cr1_0.trial_match_id=?
2026-08-21T08:50:28.354+05:30 DEBUG 29208 --- [demo] [nio-8081-exec-5] org.hibernate.SQL                        : select count(ce1_0.id) from clinical_events ce1_0 where ce1_0.patient_id=?
2026-08-21T08:50:28.355+05:30 DEBUG 29208 --- [demo] [nio-8081-exec-7] org.hibernate.SQL                        : select t1_0.id,t1_0.created_at,t1_0.description,t1_0.original_eligibility_text,t1_0.title,t1_0.trial_code from trials t1_0 where t1_0.id=?
2026-08-21T08:50:28.356+05:30 DEBUG 29208 --- [demo] [nio-8081-exec-5] org.hibernate.SQL                        : select pi1_0.id,pi1_0.created_at,pi1_0.match_score,pi1_0.match_status,pi1_0.patient_id,pi1_0.source_patient_id,pi1_0.source_system from patient_identities pi1_0 where pi1_0.patient_id=?
2026-08-21T08:50:28.356+05:30 DEBUG 29208 --- [demo] [nio-8081-exec-7] org.hibernate.SQL                        : select cr1_0.trial_match_id,cr1_0.id,cr1_0.clinical_event_id,cr1_0.criterion_id,cr1_0.explanation,cr1_0.gap_description,cr1_0.gap_to_pass,cr1_0.patient_value,cr1_0.status from criterion_results cr1_0 where cr1_0.trial_match_id=?
2026-08-21T08:50:28.357+05:30 DEBUG 29208 --- [demo] [nio-8081-exec-7] org.hibernate.SQL                        : select cr1_0.trial_match_id,cr1_0.id,cr1_0.clinical_event_id,cr1_0.criterion_id,cr1_0.explanation,cr1_0.gap_description,cr1_0.gap_to_pass,cr1_0.patient_value,cr1_0.status from criterion_results cr1_0 where cr1_0.trial_match_id=?
2026-08-21T08:50:28.357+05:30 DEBUG 29208 --- [demo] [nio-8081-exec-5] org.hibernate.SQL                        : select count(ce1_0.id) from clinical_events ce1_0 where ce1_0.patient_id=?
2026-08-21T08:50:28.358+05:30 DEBUG 29208 --- [demo] [nio-8081-exec-7] org.hibernate.SQL                        : select cr1_0.trial_match_id,cr1_0.id,cr1_0.clinical_event_id,cr1_0.criterion_id,cr1_0.explanation,cr1_0.gap_description,cr1_0.gap_to_pass,cr1_0.patient_value,cr1_0.status from criterion_results cr1_0 where cr1_0.trial_match_id=?
2026-08-21T08:50:28.359+05:30 DEBUG 29208 --- [demo] [nio-8081-exec-5] org.hibernate.SQL                        : select pi1_0.id,pi1_0.created_at,pi1_0.match_score,pi1_0.match_status,pi1_0.patient_id,pi1_0.source_patient_id,pi1_0.source_system from patient_identities pi1_0 where pi1_0.patient_id=?
2026-08-21T08:50:28.360+05:30 DEBUG 29208 --- [demo] [nio-8081-exec-5] org.hibernate.SQL                        : select count(ce1_0.id) from clinical_events ce1_0 where ce1_0.patient_id=?
2026-08-21T08:50:28.361+05:30 DEBUG 29208 --- [demo] [nio-8081-exec-7] o.s.w.s.m.m.a.HttpEntityMethodProcessor  : Using 'application/json', given [application/json, text/plain, */*] and supported [application/json, application/*+json]
2026-08-21T08:50:28.361+05:30 DEBUG 29208 --- [demo] [nio-8081-exec-7] o.s.w.s.m.m.a.HttpEntityMethodProcessor  : Writing [[ReviewQueueDTO(matchId=3, patientName=Maya Patel, canonicalPatientId=P000003, trialTitle=Type 2 Dia (truncated)...]
2026-08-21T08:50:28.361+05:30 DEBUG 29208 --- [demo] [nio-8081-exec-5] org.hibernate.SQL                        : select pi1_0.id,pi1_0.created_at,pi1_0.match_score,pi1_0.match_status,pi1_0.patient_id,pi1_0.source_patient_id,pi1_0.source_system from patient_identities pi1_0 where pi1_0.patient_id=?
2026-08-21T08:50:28.362+05:30 DEBUG 29208 --- [demo] [nio-8081-exec-7] o.s.web.servlet.DispatcherServlet        : Completed 200 OK
2026-08-21T08:50:28.363+05:30 DEBUG 29208 --- [demo] [nio-8081-exec-5] org.hibernate.SQL                        : select count(ce1_0.id) from clinical_events ce1_0 where ce1_0.patient_id=?
2026-08-21T08:50:28.365+05:30 DEBUG 29208 --- [demo] [nio-8081-exec-5] org.hibernate.SQL                        : select pi1_0.id,pi1_0.created_at,pi1_0.match_score,pi1_0.match_status,pi1_0.patient_id,pi1_0.source_patient_id,pi1_0.source_system from patient_identities pi1_0 where pi1_0.patient_id=?
2026-08-21T08:50:28.366+05:30 DEBUG 29208 --- [demo] [nio-8081-exec-5] o.s.w.s.m.m.a.HttpEntityMethodProcessor  : Using 'application/json', given [application/json, text/plain, */*] and supported [application/json, application/*+json]
2026-08-21T08:50:28.367+05:30 DEBUG 29208 --- [demo] [nio-8081-exec-5] o.s.w.s.m.m.a.HttpEntityMethodProcessor  : Writing [Page 1 of 1 containing com.clinicaltrial.assistant.dto.PatientDTO instances]
2026-08-21T08:50:28.368+05:30 DEBUG 29208 --- [demo] [nio-8081-exec-5] o.s.web.servlet.DispatcherServlet        : Completed 200 OK
[INFO] ------------------------------------------------------------------------
[INFO] BUILD FAILURE
[INFO] ------------------------------------------------------------------------
[INFO] Total time:  13:07 min
[INFO] Finished at: 2026-08-21T08:52:32+05:30
[INFO] ------------------------------------------------------------------------
[ERROR] Failed to execute goal org.springframework.boot:spring-boot-maven-plugin:3.3.4:run (default-cli) on project research-assistant: Process terminated with exit code: -1 -> [Help 1]
[ERROR] 
[ERROR] To see the full stack trace of the errors, re-run Maven with the -e switch.
[ERROR] Re-run Maven using the -X switch to enable full debug logging.
[ERROR] 
[ERROR] For more information about the errors and possible solutions, please read the following articles:
[ERROR] [Help 1] http://cwiki.apache.org/confluence/display/MAVEN/MojoExecutionException
