[INFO] Scanning for projects...
[INFO] 
[INFO] ----------------< com.clinicaltrial:research-assistant >----------------
[INFO] Building Clinical Trial Matching & Research Assistant 1.0.0
[INFO]   from pom.xml
[INFO] --------------------------------[ jar ]---------------------------------
[INFO] 
[INFO] >>> spring-boot:3.3.4:run (default-cli) > test-compile @ research-assistant >>>
[INFO] 
[INFO] --- resources:3.3.1:resources (default-resources) @ research-assistant ---
[INFO] Copying 2 resources from src\main\resources to target\classes
[INFO] Copying 0 resource from src\main\resources to target\classes
[INFO] 
[INFO] --- compiler:3.13.0:compile (default-compile) @ research-assistant ---
[INFO] Nothing to compile - all classes are up to date.
[INFO] 
[INFO] --- resources:3.3.1:testResources (default-testResources) @ research-assistant ---
[INFO] skip non existing resourceDirectory C:\Users\swami\Downloads\hexaware\backend\src\test\resources
[INFO] 
[INFO] --- compiler:3.13.0:testCompile (default-testCompile) @ research-assistant ---
[INFO] Nothing to compile - all classes are up to date.
[INFO] 
[INFO] <<< spring-boot:3.3.4:run (default-cli) < test-compile @ research-assistant <<<
[INFO] 
[INFO] 
[INFO] --- spring-boot:3.3.4:run (default-cli) @ research-assistant ---
[INFO] Attaching agents: []
Standard Commons Logging discovery in action with spring-jcl: please remove commons-logging.jar from classpath in order to avoid potential conflicts

  .   ____          _            __ _ _
 /\\ / ___'_ __ _ _(_)_ __  __ _ \ \ \ \
( ( )\___ | '_ | '_| | '_ \/ _` | \ \ \ \
 \\/  ___)| |_)| | | | | || (_| |  ) ) ) )
  '  |____| .__|_| |_|_| |_\__, | / / / /
 =========|_|==============|___/=/_/_/_/

 :: Spring Boot ::                (v3.3.4)

2026-08-21T08:26:14.897+05:30  INFO 29456 --- [demo] [           main] c.c.assistant.AssistantApplication       : Starting AssistantApplication using Java 21.0.4 with PID 29456 (C:\Users\swami\Downloads\hexaware\backend\target\classes started by swami in C:\Users\swami\Downloads\hexaware\backend)
2026-08-21T08:26:14.899+05:30  INFO 29456 --- [demo] [           main] c.c.assistant.AssistantApplication       : No active profile set, falling back to 1 default profile: "default"
2026-08-21T08:26:14.900+05:30 DEBUG 29456 --- [demo] [           main] o.s.boot.SpringApplication               : Loading source class com.clinicaltrial.assistant.AssistantApplication
2026-08-21T08:26:14.938+05:30 DEBUG 29456 --- [demo] [           main] ConfigServletWebServerApplicationContext : Refreshing org.springframework.boot.web.servlet.context.AnnotationConfigServletWebServerApplicationContext@60129b9a
2026-08-21T08:26:15.696+05:30  INFO 29456 --- [demo] [           main] .s.d.r.c.RepositoryConfigurationDelegate : Bootstrapping Spring Data JPA repositories in DEFAULT mode.
2026-08-21T08:26:15.722+05:30 DEBUG 29456 --- [demo] [           main] o.s.b.a.AutoConfigurationPackages        : @EnableAutoConfiguration was declared on a class in the package 'com.clinicaltrial.assistant'. Automatic @Repository and @Entity scanning is enabled.
2026-08-21T08:26:15.768+05:30  INFO 29456 --- [demo] [           main] .s.d.r.c.RepositoryConfigurationDelegate : Finished Spring Data repository scanning in 55 ms. Found 6 JPA repository interfaces.
2026-08-21T08:26:16.378+05:30 DEBUG 29456 --- [demo] [           main] .s.b.w.e.t.TomcatServletWebServerFactory : Code archive: C:\Users\swami\.m2\repository\org\springframework\boot\spring-boot\3.3.4\spring-boot-3.3.4.jar
2026-08-21T08:26:16.389+05:30 DEBUG 29456 --- [demo] [           main] .s.b.w.e.t.TomcatServletWebServerFactory : Code archive: C:\Users\swami\.m2\repository\org\springframework\boot\spring-boot\3.3.4\spring-boot-3.3.4.jar
2026-08-21T08:26:16.390+05:30 DEBUG 29456 --- [demo] [           main] .s.b.w.e.t.TomcatServletWebServerFactory : None of the document roots [src/main/webapp, public, static] point to a directory and will be ignored.
2026-08-21T08:26:16.405+05:30  INFO 29456 --- [demo] [           main] o.s.b.w.embedded.tomcat.TomcatWebServer  : Tomcat initialized with port 8081 (http)
2026-08-21T08:26:16.417+05:30  INFO 29456 --- [demo] [           main] o.apache.catalina.core.StandardService   : Starting service [Tomcat]
2026-08-21T08:26:16.417+05:30  INFO 29456 --- [demo] [           main] o.apache.catalina.core.StandardEngine    : Starting Servlet engine: [Apache Tomcat/10.1.30]
2026-08-21T08:26:16.471+05:30  INFO 29456 --- [demo] [           main] o.a.c.c.C.[Tomcat].[localhost].[/]       : Initializing Spring embedded WebApplicationContext
2026-08-21T08:26:16.471+05:30 DEBUG 29456 --- [demo] [           main] w.s.c.ServletWebServerApplicationContext : Published root WebApplicationContext as ServletContext attribute with name [org.springframework.web.context.WebApplicationContext.ROOT]
2026-08-21T08:26:16.471+05:30  INFO 29456 --- [demo] [           main] w.s.c.ServletWebServerApplicationContext : Root WebApplicationContext: initialization completed in 1533 ms
Standard Commons Logging discovery in action with spring-jcl: please remove commons-logging.jar from classpath in order to avoid potential conflicts
2026-08-21T08:26:16.612+05:30 DEBUG 29456 --- [demo] [           main] o.s.b.w.s.ServletContextInitializerBeans : Mapping filters: webMvcObservationFilter urls=[/*] order=-2147483647, characterEncodingFilter urls=[/*] order=-2147483648, formContentFilter urls=[/*] order=-9900, requestContextFilter urls=[/*] order=-105
2026-08-21T08:26:16.613+05:30 DEBUG 29456 --- [demo] [           main] o.s.b.w.s.ServletContextInitializerBeans : Mapping servlets: dispatcherServlet urls=[/]
2026-08-21T08:26:16.630+05:30 DEBUG 29456 --- [demo] [           main] o.s.b.w.s.f.OrderedRequestContextFilter  : Filter 'requestContextFilter' configured for use
2026-08-21T08:26:16.633+05:30 DEBUG 29456 --- [demo] [           main] o.s.w.f.ServerHttpObservationFilter      : Filter 'webMvcObservationFilter' configured for use
2026-08-21T08:26:16.634+05:30 DEBUG 29456 --- [demo] [           main] s.b.w.s.f.OrderedCharacterEncodingFilter : Filter 'characterEncodingFilter' configured for use
2026-08-21T08:26:16.634+05:30 DEBUG 29456 --- [demo] [           main] o.s.b.w.s.f.OrderedFormContentFilter     : Filter 'formContentFilter' configured for use
2026-08-21T08:26:16.644+05:30 DEBUG 29456 --- [demo] [           main] ySourcesPropertyResolver$DefaultResolver : Found key 'DB_PASSWORD' in PropertySource 'systemEnvironment' with value of type String
2026-08-21T08:26:16.645+05:30 DEBUG 29456 --- [demo] [           main] ySourcesPropertyResolver$DefaultResolver : Found key 'DB_USERNAME' in PropertySource 'systemEnvironment' with value of type String
2026-08-21T08:26:16.736+05:30  INFO 29456 --- [demo] [           main] o.hibernate.jpa.internal.util.LogHelper  : HHH000204: Processing PersistenceUnitInfo [name: default]
2026-08-21T08:26:16.780+05:30  INFO 29456 --- [demo] [           main] org.hibernate.Version                    : HHH000412: Hibernate ORM core version 6.5.3.Final
2026-08-21T08:26:16.808+05:30  INFO 29456 --- [demo] [           main] o.h.c.internal.RegionFactoryInitiator    : HHH000026: Second-level cache disabled
2026-08-21T08:26:17.043+05:30  INFO 29456 --- [demo] [           main] o.s.o.j.p.SpringPersistenceUnitInfo      : No LoadTimeWeaver setup: ignoring JPA class transformer
2026-08-21T08:26:17.079+05:30  INFO 29456 --- [demo] [           main] com.zaxxer.hikari.HikariDataSource       : HikariPool-1 - Starting...
2026-08-21T08:26:17.219+05:30  INFO 29456 --- [demo] [           main] com.zaxxer.hikari.pool.HikariPool        : HikariPool-1 - Added connection com.mysql.cj.jdbc.ConnectionImpl@1791e231
2026-08-21T08:26:17.220+05:30  INFO 29456 --- [demo] [           main] com.zaxxer.hikari.HikariDataSource       : HikariPool-1 - Start completed.
2026-08-21T08:26:17.258+05:30  WARN 29456 --- [demo] [           main] org.hibernate.orm.deprecation            : HHH90000025: MySQLDialect does not need to be specified explicitly using 'hibernate.dialect' (remove the property setting and it will be selected by default)
2026-08-21T08:26:18.297+05:30  INFO 29456 --- [demo] [           main] o.h.e.t.j.p.i.JtaPlatformInitiator       : HHH000489: No JTA platform available (set 'hibernate.transaction.jta.platform' to enable JTA platform integration)
2026-08-21T08:26:18.311+05:30 DEBUG 29456 --- [demo] [           main] org.hibernate.SQL                        : alter table clinical_events drop foreign key FKnmh31lvf23pt7ak0rdexl10pt
2026-08-21T08:26:18.326+05:30 DEBUG 29456 --- [demo] [           main] org.hibernate.SQL                        : alter table criterion_results drop foreign key FKqwa6sk32jc0ttu9ney0c5eoyg
2026-08-21T08:26:18.337+05:30 DEBUG 29456 --- [demo] [           main] org.hibernate.SQL                        : alter table criterion_results drop foreign key FKapka20gslno7ufuuu8v26nd8h
2026-08-21T08:26:18.345+05:30 DEBUG 29456 --- [demo] [           main] org.hibernate.SQL                        : alter table criterion_results drop foreign key FKny7ltg5s5pl90eno4mv2h68i9
2026-08-21T08:26:18.353+05:30 DEBUG 29456 --- [demo] [           main] org.hibernate.SQL                        : alter table patient_identities drop foreign key FKdfg6va1ghblxqgrywhbhtspnq
2026-08-21T08:26:18.361+05:30 DEBUG 29456 --- [demo] [           main] org.hibernate.SQL                        : alter table trial_criteria drop foreign key FKfva2ncs1aqwmswo5vuwfl227x
2026-08-21T08:26:18.371+05:30 DEBUG 29456 --- [demo] [           main] org.hibernate.SQL                        : alter table trial_matches drop foreign key FK453r1rkvj6i58hetjuvcrjdwl
2026-08-21T08:26:18.382+05:30 DEBUG 29456 --- [demo] [           main] org.hibernate.SQL                        : alter table trial_matches drop foreign key FKi93m1ow2v8fyr3cc0rhiqxoid
2026-08-21T08:26:18.388+05:30 DEBUG 29456 --- [demo] [           main] org.hibernate.SQL                        : drop table if exists audit_logs
2026-08-21T08:26:18.403+05:30 DEBUG 29456 --- [demo] [           main] org.hibernate.SQL                        : drop table if exists clinical_events
2026-08-21T08:26:18.418+05:30 DEBUG 29456 --- [demo] [           main] org.hibernate.SQL                        : drop table if exists criterion_results
2026-08-21T08:26:18.432+05:30 DEBUG 29456 --- [demo] [           main] org.hibernate.SQL                        : drop table if exists patient_identities
2026-08-21T08:26:18.443+05:30 DEBUG 29456 --- [demo] [           main] org.hibernate.SQL                        : drop table if exists patients
2026-08-21T08:26:18.456+05:30 DEBUG 29456 --- [demo] [           main] org.hibernate.SQL                        : drop table if exists trial_criteria
2026-08-21T08:26:18.468+05:30 DEBUG 29456 --- [demo] [           main] org.hibernate.SQL                        : drop table if exists trial_matches
2026-08-21T08:26:18.481+05:30 DEBUG 29456 --- [demo] [           main] org.hibernate.SQL                        : drop table if exists trials
2026-08-21T08:26:18.497+05:30 DEBUG 29456 --- [demo] [           main] org.hibernate.SQL                        : create table audit_logs (id bigint not null auto_increment, timestamp datetime(6), current_hash varchar(64), previous_hash varchar(64), action varchar(255), details TEXT, entity_id varchar(255), entity_type varchar(255), performed_by varchar(255), primary key (id)) engine=InnoDB
2026-08-21T08:26:18.511+05:30 DEBUG 29456 --- [demo] [           main] org.hibernate.SQL                        : create table clinical_events (numeric_value decimal(38,2), created_at datetime(6), event_timestamp datetime(6), id bigint not null auto_increment, patient_id bigint, code varchar(255), display_name varchar(255), raw_fhir_json TEXT, source_record_id varchar(255), source_system varchar(255), unit varchar(255), value varchar(255), event_type enum ('CONDITION','ENCOUNTER','MEDICATION','OBSERVATION','PROCEDURE'), primary key (id)) engine=InnoDB
2026-08-21T08:26:18.524+05:30 DEBUG 29456 --- [demo] [           main] org.hibernate.SQL                        : create table criterion_results (gap_to_pass decimal(38,2), clinical_event_id bigint, criterion_id bigint, id bigint not null auto_increment, trial_match_id bigint, explanation TEXT, gap_description varchar(255), patient_value varchar(255), status enum ('FAIL','MISSING','PASS','REVIEW_REQUIRED'), primary key (id)) engine=InnoDB
2026-08-21T08:26:18.537+05:30 DEBUG 29456 --- [demo] [           main] org.hibernate.SQL                        : create table patient_identities (match_score integer, created_at datetime(6), id bigint not null auto_increment, patient_id bigint, source_patient_id varchar(255), source_system varchar(255), match_status enum ('CONFIRMED','NEW_PATIENT','REVIEW_REQUIRED'), primary key (id)) engine=InnoDB
2026-08-21T08:26:18.551+05:30 DEBUG 29456 --- [demo] [           main] org.hibernate.SQL                        : create table patients (date_of_birth date, created_at datetime(6), id bigint not null auto_increment, updated_at datetime(6), canonical_patient_id varchar(255) not null, email varchar(255), first_name varchar(255), gender varchar(255), last_name varchar(255), phone varchar(255), consent_status enum ('CONSENTED','DECLINED','NOT_ASKED','PENDING'), primary key (id)) engine=InnoDB
2026-08-21T08:26:18.566+05:30 DEBUG 29456 --- [demo] [           main] org.hibernate.SQL                        : create table trial_criteria (max_value decimal(38,2), min_value decimal(38,2), reviewed_by_human bit not null, id bigint not null auto_increment, trial_id bigint, clinical_field varchar(255), description TEXT, operator varchar(255), unit varchar(255), value varchar(255), criterion_type enum ('EXCLUSION','INCLUSION'), primary key (id)) engine=InnoDB
2026-08-21T08:26:18.578+05:30 DEBUG 29456 --- [demo] [           main] org.hibernate.SQL                        : create table trial_matches (id bigint not null auto_increment, matched_at datetime(6), patient_id bigint, trial_id bigint, review_notes varchar(255), status enum ('ELIGIBLE','MANUALLY_OVERRIDDEN','NEEDS_REVIEW','NOT_ELIGIBLE','POTENTIALLY_ELIGIBLE'), primary key (id)) engine=InnoDB
2026-08-21T08:26:18.590+05:30 DEBUG 29456 --- [demo] [           main] org.hibernate.SQL                        : create table trials (created_at datetime(6), id bigint not null auto_increment, description TEXT, original_eligibility_text TEXT, title varchar(255), trial_code varchar(255) not null, primary key (id)) engine=InnoDB
2026-08-21T08:26:18.603+05:30 DEBUG 29456 --- [demo] [           main] org.hibernate.SQL                        : create index idx_audit_entity on audit_logs (entity_type, entity_id)
2026-08-21T08:26:18.612+05:30 DEBUG 29456 --- [demo] [           main] org.hibernate.SQL                        : create index idx_audit_timestamp on audit_logs (timestamp)
2026-08-21T08:26:18.623+05:30 DEBUG 29456 --- [demo] [           main] org.hibernate.SQL                        : create index idx_event_patient on clinical_events (patient_id)
2026-08-21T08:26:18.633+05:30 DEBUG 29456 --- [demo] [           main] org.hibernate.SQL                        : create index idx_event_timestamp on clinical_events (event_timestamp)
2026-08-21T08:26:18.642+05:30 DEBUG 29456 --- [demo] [           main] org.hibernate.SQL                        : create index idx_event_code on clinical_events (code)
2026-08-21T08:26:18.654+05:30 DEBUG 29456 --- [demo] [           main] org.hibernate.SQL                        : create index idx_event_source on clinical_events (source_system, source_record_id)
2026-08-21T08:26:18.665+05:30 DEBUG 29456 --- [demo] [           main] org.hibernate.SQL                        : alter table clinical_events add constraint uq_event_source_record unique (source_system, source_record_id)
2026-08-21T08:26:18.676+05:30 DEBUG 29456 --- [demo] [           main] org.hibernate.SQL                        : create index idx_identity_source on patient_identities (source_system, source_patient_id)
2026-08-21T08:26:18.686+05:30 DEBUG 29456 --- [demo] [           main] org.hibernate.SQL                        : alter table patient_identities add constraint uq_identity unique (source_system, source_patient_id)
2026-08-21T08:26:18.698+05:30 DEBUG 29456 --- [demo] [           main] org.hibernate.SQL                        : create index idx_patient_canonical_id on patients (canonical_patient_id)
2026-08-21T08:26:18.708+05:30 DEBUG 29456 --- [demo] [           main] org.hibernate.SQL                        : create index idx_patient_dob on patients (date_of_birth)
2026-08-21T08:26:18.719+05:30 DEBUG 29456 --- [demo] [           main] org.hibernate.SQL                        : alter table patients add constraint UK8g16m5mpcq7dp5qw5kvhexf2x unique (canonical_patient_id)
2026-08-21T08:26:18.729+05:30 DEBUG 29456 --- [demo] [           main] org.hibernate.SQL                        : alter table trials add constraint UKap9qili1lc6gw3xr2w839y0w7 unique (trial_code)
2026-08-21T08:26:18.739+05:30 DEBUG 29456 --- [demo] [           main] org.hibernate.SQL                        : alter table clinical_events add constraint FKnmh31lvf23pt7ak0rdexl10pt foreign key (patient_id) references patients (id)
2026-08-21T08:26:18.790+05:30 DEBUG 29456 --- [demo] [           main] org.hibernate.SQL                        : alter table criterion_results add constraint FKqwa6sk32jc0ttu9ney0c5eoyg foreign key (clinical_event_id) references clinical_events (id)
2026-08-21T08:26:18.829+05:30 DEBUG 29456 --- [demo] [           main] org.hibernate.SQL                        : alter table criterion_results add constraint FKapka20gslno7ufuuu8v26nd8h foreign key (criterion_id) references trial_criteria (id)
2026-08-21T08:26:18.871+05:30 DEBUG 29456 --- [demo] [           main] org.hibernate.SQL                        : alter table criterion_results add constraint FKny7ltg5s5pl90eno4mv2h68i9 foreign key (trial_match_id) references trial_matches (id)
2026-08-21T08:26:18.919+05:30 DEBUG 29456 --- [demo] [           main] org.hibernate.SQL                        : alter table patient_identities add constraint FKdfg6va1ghblxqgrywhbhtspnq foreign key (patient_id) references patients (id)
2026-08-21T08:26:18.964+05:30 DEBUG 29456 --- [demo] [           main] org.hibernate.SQL                        : alter table trial_criteria add constraint FKfva2ncs1aqwmswo5vuwfl227x foreign key (trial_id) references trials (id)
2026-08-21T08:26:19.008+05:30 DEBUG 29456 --- [demo] [           main] org.hibernate.SQL                        : alter table trial_matches add constraint FK453r1rkvj6i58hetjuvcrjdwl foreign key (patient_id) references patients (id)
2026-08-21T08:26:19.051+05:30 DEBUG 29456 --- [demo] [           main] org.hibernate.SQL                        : alter table trial_matches add constraint FKi93m1ow2v8fyr3cc0rhiqxoid foreign key (trial_id) references trials (id)
2026-08-21T08:26:19.100+05:30  INFO 29456 --- [demo] [           main] j.LocalContainerEntityManagerFactoryBean : Initialized JPA EntityManagerFactory for persistence unit 'default'
2026-08-21T08:26:19.381+05:30  INFO 29456 --- [demo] [           main] o.s.d.j.r.query.QueryEnhancerFactory     : Hibernate is in classpath; If applicable, HQL parser will be used.
2026-08-21T08:26:20.097+05:30  WARN 29456 --- [demo] [           main] JpaBaseConfiguration$JpaWebConfiguration : spring.jpa.open-in-view is enabled by default. Therefore, database queries may be performed during view rendering. Explicitly configure spring.jpa.open-in-view to disable this warning
2026-08-21T08:26:20.201+05:30 DEBUG 29456 --- [demo] [           main] s.w.s.m.m.a.RequestMappingHandlerMapping : 22 mappings in 'requestMappingHandlerMapping'
2026-08-21T08:26:20.260+05:30 DEBUG 29456 --- [demo] [           main] o.s.w.s.handler.SimpleUrlHandlerMapping  : Patterns [/webjars/**, /**] in 'resourceHandlerMapping'
2026-08-21T08:26:20.312+05:30 DEBUG 29456 --- [demo] [           main] s.w.s.m.m.a.RequestMappingHandlerAdapter : ControllerAdvice beans: 0 @ModelAttribute, 0 @InitBinder, 1 RequestBodyAdvice, 1 ResponseBodyAdvice
2026-08-21T08:26:20.349+05:30 DEBUG 29456 --- [demo] [           main] .m.m.a.ExceptionHandlerExceptionResolver : ControllerAdvice beans: 1 @ExceptionHandler, 1 ResponseBodyAdvice
2026-08-21T08:26:20.801+05:30  INFO 29456 --- [demo] [           main] o.s.b.a.e.web.EndpointLinksResolver      : Exposing 14 endpoints beneath base path '/actuator'
2026-08-21T08:26:20.878+05:30  INFO 29456 --- [demo] [           main] o.s.b.w.embedded.tomcat.TomcatWebServer  : Tomcat started on port 8081 (http) with context path '/'
2026-08-21T08:26:20.892+05:30 DEBUG 29456 --- [demo] [           main] .s.b.a.l.ConditionEvaluationReportLogger : 


============================
CONDITIONS EVALUATION REPORT
============================


Positive matches:
-----------------

   AopAutoConfiguration matched:
      - @ConditionalOnProperty (spring.aop.auto=true) matched (OnPropertyCondition)

   AopAutoConfiguration.AspectJAutoProxyingConfiguration matched:
      - @ConditionalOnClass found required class 'org.aspectj.weaver.Advice' (OnClassCondition)

   AopAutoConfiguration.AspectJAutoProxyingConfiguration.CglibAutoProxyConfiguration matched:
      - @ConditionalOnProperty (spring.aop.proxy-target-class=true) matched (OnPropertyCondition)

   ApplicationAvailabilityAutoConfiguration#applicationAvailability matched:
      - @ConditionalOnMissingBean (types: org.springframework.boot.availability.ApplicationAvailability; SearchStrategy: all) did not find any beans (OnBeanCondition)

   AuditEventsEndpointAutoConfiguration matched:
      - @ConditionalOnAvailableEndpoint marked as exposed by a 'management.endpoints.web.exposure' property (OnAvailableEndpointCondition)

   BeansEndpointAutoConfiguration matched:
      - @ConditionalOnAvailableEndpoint marked as exposed by a 'management.endpoints.web.exposure' property (OnAvailableEndpointCondition)

   BeansEndpointAutoConfiguration#beansEndpoint matched:
      - @ConditionalOnMissingBean (types: org.springframework.boot.actuate.beans.BeansEndpoint; SearchStrategy: all) did not find any beans (OnBeanCondition)

   CacheMeterBinderProvidersConfiguration matched:
      - @ConditionalOnClass found required class 'io.micrometer.core.instrument.binder.MeterBinder' (OnClassCondition)

   CachesEndpointAutoConfiguration matched:
      - @ConditionalOnClass found required class 'org.springframework.cache.CacheManager' (OnClassCondition)
      - @ConditionalOnAvailableEndpoint marked as exposed by a 'management.endpoints.web.exposure' property (OnAvailableEndpointCondition)

   CachesEndpointAutoConfiguration#cachesEndpoint matched:
      - @ConditionalOnMissingBean (types: org.springframework.boot.actuate.cache.CachesEndpoint; SearchStrategy: all) did not find any beans (OnBeanCondition)

   CachesEndpointAutoConfiguration#cachesEndpointWebExtension matched:
      - @ConditionalOnBean (types: org.springframework.boot.actuate.cache.CachesEndpoint; SearchStrategy: all) found bean 'cachesEndpoint'; @ConditionalOnMissingBean (types: org.springframework.boot.actuate.cache.CachesEndpointWebExtension; SearchStrategy: all) did not find any beans (OnBeanCondition)
      - @ConditionalOnAvailableEndpoint marked as exposed by a 'management.endpoints.web.exposure' property (OnAvailableEndpointCondition)

   CompositeMeterRegistryAutoConfiguration matched:
      - @ConditionalOnClass found required class 'io.micrometer.core.instrument.composite.CompositeMeterRegistry' (OnClassCondition)

   ConditionsReportEndpointAutoConfiguration matched:
      - @ConditionalOnAvailableEndpoint marked as exposed by a 'management.endpoints.web.exposure' property (OnAvailableEndpointCondition)

   ConditionsReportEndpointAutoConfiguration#conditionsReportEndpoint matched:
      - @ConditionalOnMissingBean (types: org.springframework.boot.actuate.autoconfigure.condition.ConditionsReportEndpoint; SearchStrategy: current) did not find any beans (OnBeanCondition)

   ConfigurationPropertiesReportEndpointAutoConfiguration matched:
      - @ConditionalOnAvailableEndpoint marked as exposed by a 'management.endpoints.web.exposure' property (OnAvailableEndpointCondition)

   ConfigurationPropertiesReportEndpointAutoConfiguration#configurationPropertiesReportEndpoint matched:
      - @ConditionalOnMissingBean (types: org.springframework.boot.actuate.context.properties.ConfigurationPropertiesReportEndpoint; SearchStrategy: all) did not find any beans (OnBeanCondition)

   ConfigurationPropertiesReportEndpointAutoConfiguration#configurationPropertiesReportEndpointWebExtension matched:
      - @ConditionalOnBean (types: org.springframework.boot.actuate.context.properties.ConfigurationPropertiesReportEndpoint; SearchStrategy: all) found bean 'configurationPropertiesReportEndpoint'; @ConditionalOnMissingBean (types: org.springframework.boot.actuate.context.properties.ConfigurationPropertiesReportEndpointWebExtension; SearchStrategy: all) did not find any beans (OnBeanCondition)
      - @ConditionalOnAvailableEndpoint marked as exposed by a 'management.endpoints.web.exposure' property (OnAvailableEndpointCondition)

   DataSourceAutoConfiguration matched:
      - @ConditionalOnClass found required classes 'javax.sql.DataSource', 'org.springframework.jdbc.datasource.embedded.EmbeddedDatabaseType' (OnClassCondition)
      - @ConditionalOnMissingBean (types: io.r2dbc.spi.ConnectionFactory; SearchStrategy: all) did not find any beans (OnBeanCondition)

   DataSourceAutoConfiguration.PooledDataSourceConfiguration matched:
      - AnyNestedCondition 1 matched 1 did not; NestedCondition on DataSourceAutoConfiguration.PooledDataSourceCondition.PooledDataSourceAvailable PooledDataSource found supported DataSource; NestedCondition on DataSourceAutoConfiguration.PooledDataSourceCondition.ExplicitType @ConditionalOnProperty (spring.datasource.type) did not find property 'type' (DataSourceAutoConfiguration.PooledDataSourceCondition)
      - @ConditionalOnMissingBean (types: javax.sql.DataSource,javax.sql.XADataSource; SearchStrategy: all) did not find any beans (OnBeanCondition)

   DataSourceAutoConfiguration.PooledDataSourceConfiguration#jdbcConnectionDetails matched:
      - @ConditionalOnMissingBean (types: org.springframework.boot.autoconfigure.jdbc.JdbcConnectionDetails; SearchStrategy: all) did not find any beans (OnBeanCondition)

   DataSourceConfiguration.Hikari matched:
      - @ConditionalOnClass found required class 'com.zaxxer.hikari.HikariDataSource' (OnClassCondition)
      - @ConditionalOnProperty (spring.datasource.type=com.zaxxer.hikari.HikariDataSource) matched (OnPropertyCondition)
      - @ConditionalOnMissingBean (types: javax.sql.DataSource; SearchStrategy: all) did not find any beans (OnBeanCondition)

   DataSourceHealthContributorAutoConfiguration matched:
      - @ConditionalOnClass found required classes 'org.springframework.jdbc.core.JdbcTemplate', 'org.springframework.jdbc.datasource.lookup.AbstractRoutingDataSource' (OnClassCondition)
      - @ConditionalOnEnabledHealthIndicator management.health.defaults.enabled is considered true (OnEnabledHealthIndicatorCondition)
      - @ConditionalOnBean (types: javax.sql.DataSource; SearchStrategy: all) found bean 'dataSource' (OnBeanCondition)

   DataSourceHealthContributorAutoConfiguration#dbHealthContributor matched:
      - @ConditionalOnMissingBean (names: dbHealthIndicator,dbHealthContributor; SearchStrategy: all) did not find any beans (OnBeanCondition)

   DataSourceInitializationConfiguration matched:
      - @ConditionalOnClass found required class 'org.springframework.jdbc.datasource.init.DatabasePopulator' (OnClassCondition)
      - @ConditionalOnSingleCandidate (types: javax.sql.DataSource; SearchStrategy: all) found a single bean 'dataSource'; @ConditionalOnMissingBean (types: org.springframework.boot.autoconfigure.sql.init.SqlDataSourceScriptDatabaseInitializer,org.springframework.boot.autoconfigure.sql.init.SqlR2dbcScriptDatabaseInitializer; SearchStrategy: all) did not find any beans (OnBeanCondition)

   DataSourceJmxConfiguration matched:
      - @ConditionalOnProperty (spring.jmx.enabled=true) matched (OnPropertyCondition)

   DataSourceJmxConfiguration.Hikari matched:
      - @ConditionalOnClass found required class 'com.zaxxer.hikari.HikariDataSource' (OnClassCondition)
      - @ConditionalOnSingleCandidate (types: javax.sql.DataSource; SearchStrategy: all) found a single bean 'dataSource' (OnBeanCondition)

   DataSourcePoolMetadataProvidersConfiguration.HikariPoolDataSourceMetadataProviderConfiguration matched:
      - @ConditionalOnClass found required class 'com.zaxxer.hikari.HikariDataSource' (OnClassCondition)

   DataSourcePoolMetricsAutoConfiguration matched:
      - @ConditionalOnClass found required classes 'javax.sql.DataSource', 'io.micrometer.core.instrument.MeterRegistry' (OnClassCondition)
      - @ConditionalOnBean (types: javax.sql.DataSource,io.micrometer.core.instrument.MeterRegistry; SearchStrategy: all) found beans 'simpleMeterRegistry', 'dataSource' (OnBeanCondition)

   DataSourcePoolMetricsAutoConfiguration.DataSourcePoolMetadataMetricsConfiguration matched:
      - @ConditionalOnBean (types: org.springframework.boot.jdbc.metadata.DataSourcePoolMetadataProvider; SearchStrategy: all) found bean 'hikariPoolDataSourceMetadataProvider' (OnBeanCondition)

   DataSourcePoolMetricsAutoConfiguration.HikariDataSourceMetricsConfiguration matched:
      - @ConditionalOnClass found required class 'com.zaxxer.hikari.HikariDataSource' (OnClassCondition)

   DataSourceTransactionManagerAutoConfiguration matched:
      - @ConditionalOnClass found required classes 'javax.sql.DataSource', 'org.springframework.jdbc.core.JdbcTemplate', 'org.springframework.transaction.TransactionManager' (OnClassCondition)

   DataSourceTransactionManagerAutoConfiguration.JdbcTransactionManagerConfiguration matched:
      - @ConditionalOnSingleCandidate (types: javax.sql.DataSource; SearchStrategy: all) found a single bean 'dataSource' (OnBeanCondition)

   DiskSpaceHealthContributorAutoConfiguration matched:
      - @ConditionalOnEnabledHealthIndicator management.health.defaults.enabled is considered true (OnEnabledHealthIndicatorCondition)

   DiskSpaceHealthContributorAutoConfiguration#diskSpaceHealthIndicator matched:
      - @ConditionalOnMissingBean (names: diskSpaceHealthIndicator; SearchStrategy: all) did not find any beans (OnBeanCondition)

   DispatcherServletAutoConfiguration matched:
      - @ConditionalOnClass found required class 'org.springframework.web.servlet.DispatcherServlet' (OnClassCondition)
      - found 'session' scope (OnWebApplicationCondition)

   DispatcherServletAutoConfiguration.DispatcherServletConfiguration matched:
      - @ConditionalOnClass found required class 'jakarta.servlet.ServletRegistration' (OnClassCondition)
      - Default DispatcherServlet did not find dispatcher servlet beans (DispatcherServletAutoConfiguration.DefaultDispatcherServletCondition)

   DispatcherServletAutoConfiguration.DispatcherServletRegistrationConfiguration matched:
      - @ConditionalOnClass found required class 'jakarta.servlet.ServletRegistration' (OnClassCondition)
      - DispatcherServlet Registration did not find servlet registration bean (DispatcherServletAutoConfiguration.DispatcherServletRegistrationCondition)

   DispatcherServletAutoConfiguration.DispatcherServletRegistrationConfiguration#dispatcherServletRegistration matched:
      - @ConditionalOnBean (names: dispatcherServlet types: org.springframework.web.servlet.DispatcherServlet; SearchStrategy: all) found bean 'dispatcherServlet' (OnBeanCondition)

   EmbeddedWebServerFactoryCustomizerAutoConfiguration matched:
      - @ConditionalOnWebApplication (required) found 'session' scope (OnWebApplicationCondition)
      - @ConditionalOnWarDeployment the application is not deployed as a WAR file. (OnWarDeploymentCondition)

   EmbeddedWebServerFactoryCustomizerAutoConfiguration.TomcatWebServerFactoryCustomizerConfiguration matched:
      - @ConditionalOnClass found required classes 'org.apache.catalina.startup.Tomcat', 'org.apache.coyote.UpgradeProtocol' (OnClassCondition)

   EndpointAutoConfiguration#endpointCachingOperationInvokerAdvisor matched:
      - @ConditionalOnMissingBean (types: org.springframework.boot.actuate.endpoint.invoker.cache.CachingOperationInvokerAdvisor; SearchStrategy: all) did not find any beans (OnBeanCondition)

   EndpointAutoConfiguration#endpointOperationParameterMapper matched:
      - @ConditionalOnMissingBean (types: org.springframework.boot.actuate.endpoint.invoke.ParameterValueMapper; SearchStrategy: all) did not find any beans (OnBeanCondition)

   EnvironmentEndpointAutoConfiguration matched:
      - @ConditionalOnAvailableEndpoint marked as exposed by a 'management.endpoints.web.exposure' property (OnAvailableEndpointCondition)

   EnvironmentEndpointAutoConfiguration#environmentEndpoint matched:
      - @ConditionalOnMissingBean (types: org.springframework.boot.actuate.env.EnvironmentEndpoint; SearchStrategy: all) did not find any beans (OnBeanCondition)

   EnvironmentEndpointAutoConfiguration#environmentEndpointWebExtension matched:
      - @ConditionalOnBean (types: org.springframework.boot.actuate.env.EnvironmentEndpoint; SearchStrategy: all) found bean 'environmentEndpoint'; @ConditionalOnMissingBean (types: org.springframework.boot.actuate.env.EnvironmentEndpointWebExtension; SearchStrategy: all) did not find any beans (OnBeanCondition)
      - @ConditionalOnAvailableEndpoint marked as exposed by a 'management.endpoints.web.exposure' property (OnAvailableEndpointCondition)

   ErrorMvcAutoConfiguration matched:
      - @ConditionalOnClass found required classes 'jakarta.servlet.Servlet', 'org.springframework.web.servlet.DispatcherServlet' (OnClassCondition)
      - found 'session' scope (OnWebApplicationCondition)

   ErrorMvcAutoConfiguration#basicErrorController matched:
      - @ConditionalOnMissingBean (types: org.springframework.boot.web.servlet.error.ErrorController; SearchStrategy: current) did not find any beans (OnBeanCondition)

   ErrorMvcAutoConfiguration#errorAttributes matched:
      - @ConditionalOnMissingBean (types: org.springframework.boot.web.servlet.error.ErrorAttributes; SearchStrategy: current) did not find any beans (OnBeanCondition)

   ErrorMvcAutoConfiguration.DefaultErrorViewResolverConfiguration#conventionErrorViewResolver matched:
      - @ConditionalOnBean (types: org.springframework.web.servlet.DispatcherServlet; SearchStrategy: all) found bean 'dispatcherServlet'; @ConditionalOnMissingBean (types: org.springframework.boot.autoconfigure.web.servlet.error.ErrorViewResolver; SearchStrategy: all) did not find any beans (OnBeanCondition)

   ErrorMvcAutoConfiguration.WhitelabelErrorViewConfiguration matched:
      - @ConditionalOnProperty (server.error.whitelabel.enabled) matched (OnPropertyCondition)
      - ErrorTemplate Missing did not find error template view (ErrorMvcAutoConfiguration.ErrorTemplateMissingCondition)

   ErrorMvcAutoConfiguration.WhitelabelErrorViewConfiguration#beanNameViewResolver matched:
      - @ConditionalOnMissingBean (types: org.springframework.web.servlet.view.BeanNameViewResolver; SearchStrategy: all) did not find any beans (OnBeanCondition)

   ErrorMvcAutoConfiguration.WhitelabelErrorViewConfiguration#defaultErrorView matched:
      - @ConditionalOnMissingBean (names: error; SearchStrategy: all) did not find any beans (OnBeanCondition)

   GenericCacheConfiguration matched:
      - Cache org.springframework.boot.autoconfigure.cache.GenericCacheConfiguration automatic cache type (CacheCondition)

   HealthContributorAutoConfiguration#pingHealthContributor matched:
      - @ConditionalOnEnabledHealthIndicator management.health.defaults.enabled is considered true (OnEnabledHealthIndicatorCondition)

   HealthEndpointAutoConfiguration matched:
      - @ConditionalOnAvailableEndpoint marked as exposed by a 'management.endpoints.web.exposure' property (OnAvailableEndpointCondition)

   HealthEndpointConfiguration#healthContributorRegistry matched:
      - @ConditionalOnMissingBean (types: org.springframework.boot.actuate.health.HealthContributorRegistry; SearchStrategy: all) did not find any beans (OnBeanCondition)

   HealthEndpointConfiguration#healthEndpoint matched:
      - @ConditionalOnMissingBean (types: org.springframework.boot.actuate.health.HealthEndpoint; SearchStrategy: all) did not find any beans (OnBeanCondition)

   HealthEndpointConfiguration#healthEndpointGroupMembershipValidator matched:
      - @ConditionalOnProperty (management.endpoint.health.validate-group-membership=true) matched (OnPropertyCondition)

   HealthEndpointConfiguration#healthEndpointGroups matched:
      - @ConditionalOnMissingBean (types: org.springframework.boot.actuate.health.HealthEndpointGroups; SearchStrategy: all) did not find any beans (OnBeanCondition)

   HealthEndpointConfiguration#healthHttpCodeStatusMapper matched:
      - @ConditionalOnMissingBean (types: org.springframework.boot.actuate.health.HttpCodeStatusMapper; SearchStrategy: all) did not find any beans (OnBeanCondition)

   HealthEndpointConfiguration#healthStatusAggregator matched:
      - @ConditionalOnMissingBean (types: org.springframework.boot.actuate.health.StatusAggregator; SearchStrategy: all) did not find any beans (OnBeanCondition)

   HealthEndpointWebExtensionConfiguration matched:
      - found 'session' scope (OnWebApplicationCondition)
      - @ConditionalOnAvailableEndpoint marked as exposed by a 'management.endpoints.web.exposure' property (OnAvailableEndpointCondition)
      - @ConditionalOnBean (types: org.springframework.boot.actuate.health.HealthEndpoint; SearchStrategy: all) found bean 'healthEndpoint' (OnBeanCondition)

   HealthEndpointWebExtensionConfiguration#healthEndpointWebExtension matched:
      - @ConditionalOnMissingBean (types: org.springframework.boot.actuate.health.HealthEndpointWebExtension; SearchStrategy: all) did not find any beans (OnBeanCondition)

   HealthEndpointWebExtensionConfiguration.MvcAdditionalHealthEndpointPathsConfiguration matched:
      - @ConditionalOnAvailableEndpoint marked as exposed by a 'management.endpoints.web.exposure' property (OnAvailableEndpointCondition)
      - @ConditionalOnBean (types: org.springframework.web.servlet.DispatcherServlet; SearchStrategy: all) found bean 'dispatcherServlet' (OnBeanCondition)

   HeapDumpWebEndpointAutoConfiguration matched:
      - @ConditionalOnAvailableEndpoint marked as exposed by a 'management.endpoints.web.exposure' property (OnAvailableEndpointCondition)

   HeapDumpWebEndpointAutoConfiguration#heapDumpWebEndpoint matched:
      - @ConditionalOnMissingBean (types: org.springframework.boot.actuate.management.HeapDumpWebEndpoint; SearchStrategy: all) did not find any beans (OnBeanCondition)

   HibernateJpaAutoConfiguration matched:
      - @ConditionalOnClass found required classes 'org.springframework.orm.jpa.LocalContainerEntityManagerFactoryBean', 'jakarta.persistence.EntityManager', 'org.hibernate.engine.spi.SessionImplementor' (OnClassCondition)

   HibernateJpaConfiguration matched:
      - @ConditionalOnSingleCandidate (types: javax.sql.DataSource; SearchStrategy: all) found a single bean 'dataSource' (OnBeanCondition)

   HttpClientObservationsAutoConfiguration matched:
      - @ConditionalOnClass found required class 'io.micrometer.observation.Observation' (OnClassCondition)
      - @ConditionalOnBean (types: io.micrometer.observation.ObservationRegistry; SearchStrategy: all) found bean 'observationRegistry' (OnBeanCondition)

   HttpClientObservationsAutoConfiguration.MeterFilterConfiguration matched:
      - @ConditionalOnClass found required class 'io.micrometer.core.instrument.MeterRegistry' (OnClassCondition)
      - @ConditionalOnBean (types: io.micrometer.core.instrument.MeterRegistry; SearchStrategy: all) found bean 'simpleMeterRegistry' (OnBeanCondition)

   HttpEncodingAutoConfiguration matched:
      - @ConditionalOnClass found required class 'org.springframework.web.filter.CharacterEncodingFilter' (OnClassCondition)
      - found 'session' scope (OnWebApplicationCondition)
      - @ConditionalOnProperty (server.servlet.encoding.enabled) matched (OnPropertyCondition)

   HttpEncodingAutoConfiguration#characterEncodingFilter matched:
      - @ConditionalOnMissingBean (types: org.springframework.web.filter.CharacterEncodingFilter; SearchStrategy: all) did not find any beans (OnBeanCondition)

   HttpExchangesEndpointAutoConfiguration matched:
      - @ConditionalOnAvailableEndpoint marked as exposed by a 'management.endpoints.web.exposure' property (OnAvailableEndpointCondition)

   HttpMessageConvertersAutoConfiguration matched:
      - @ConditionalOnClass found required class 'org.springframework.http.converter.HttpMessageConverter' (OnClassCondition)
      - NoneNestedConditions 0 matched 1 did not; NestedCondition on HttpMessageConvertersAutoConfiguration.NotReactiveWebApplicationCondition.ReactiveWebApplication did not find reactive web application classes (HttpMessageConvertersAutoConfiguration.NotReactiveWebApplicationCondition)

   HttpMessageConvertersAutoConfiguration#messageConverters matched:
      - @ConditionalOnMissingBean (types: org.springframework.boot.autoconfigure.http.HttpMessageConverters; SearchStrategy: all) did not find any beans (OnBeanCondition)

   HttpMessageConvertersAutoConfiguration.StringHttpMessageConverterConfiguration matched:
      - @ConditionalOnClass found required class 'org.springframework.http.converter.StringHttpMessageConverter' (OnClassCondition)

   HttpMessageConvertersAutoConfiguration.StringHttpMessageConverterConfiguration#stringHttpMessageConverter matched:
      - @ConditionalOnMissingBean (types: org.springframework.http.converter.StringHttpMessageConverter; SearchStrategy: all) did not find any beans (OnBeanCondition)

   InfoEndpointAutoConfiguration matched:
      - @ConditionalOnAvailableEndpoint marked as exposed by a 'management.endpoints.web.exposure' property (OnAvailableEndpointCondition)

   InfoEndpointAutoConfiguration#infoEndpoint matched:
      - @ConditionalOnMissingBean (types: org.springframework.boot.actuate.info.InfoEndpoint; SearchStrategy: all) did not find any beans (OnBeanCondition)

   JacksonAutoConfiguration matched:
      - @ConditionalOnClass found required class 'com.fasterxml.jackson.databind.ObjectMapper' (OnClassCondition)

   JacksonAutoConfiguration.Jackson2ObjectMapperBuilderCustomizerConfiguration matched:
      - @ConditionalOnClass found required class 'org.springframework.http.converter.json.Jackson2ObjectMapperBuilder' (OnClassCondition)

   JacksonAutoConfiguration.JacksonObjectMapperBuilderConfiguration matched:
      - @ConditionalOnClass found required class 'org.springframework.http.converter.json.Jackson2ObjectMapperBuilder' (OnClassCondition)

   JacksonAutoConfiguration.JacksonObjectMapperBuilderConfiguration#jacksonObjectMapperBuilder matched:
      - @ConditionalOnMissingBean (types: org.springframework.http.converter.json.Jackson2ObjectMapperBuilder; SearchStrategy: all) did not find any beans (OnBeanCondition)

   JacksonAutoConfiguration.JacksonObjectMapperConfiguration matched:
      - @ConditionalOnClass found required class 'org.springframework.http.converter.json.Jackson2ObjectMapperBuilder' (OnClassCondition)

   JacksonAutoConfiguration.ParameterNamesModuleConfiguration matched:
      - @ConditionalOnClass found required class 'com.fasterxml.jackson.module.paramnames.ParameterNamesModule' (OnClassCondition)

   JacksonAutoConfiguration.ParameterNamesModuleConfiguration#parameterNamesModule matched:
      - @ConditionalOnMissingBean (types: com.fasterxml.jackson.module.paramnames.ParameterNamesModule; SearchStrategy: all) did not find any beans (OnBeanCondition)

   JacksonEndpointAutoConfiguration#endpointObjectMapper matched:
      - @ConditionalOnClass found required classes 'com.fasterxml.jackson.databind.ObjectMapper', 'org.springframework.http.converter.json.Jackson2ObjectMapperBuilder' (OnClassCondition)
      - @ConditionalOnProperty (management.endpoints.jackson.isolated-object-mapper) matched (OnPropertyCondition)

   JacksonHttpMessageConvertersConfiguration.MappingJackson2HttpMessageConverterConfiguration matched:
      - @ConditionalOnClass found required class 'com.fasterxml.jackson.databind.ObjectMapper' (OnClassCondition)
      - @ConditionalOnProperty (spring.mvc.converters.preferred-json-mapper=jackson) matched (OnPropertyCondition)
      - @ConditionalOnBean (types: com.fasterxml.jackson.databind.ObjectMapper; SearchStrategy: all) found bean 'objectMapper' (OnBeanCondition)

   JacksonHttpMessageConvertersConfiguration.MappingJackson2HttpMessageConverterConfiguration#mappingJackson2HttpMessageConverter matched:
      - @ConditionalOnMissingBean (types: org.springframework.http.converter.json.MappingJackson2HttpMessageConverter ignored: org.springframework.hateoas.server.mvc.TypeConstrainedMappingJackson2HttpMessageConverter,org.springframework.data.rest.webmvc.alps.AlpsJsonHttpMessageConverter; SearchStrategy: all) did not find any beans (OnBeanCondition)

   JdbcClientAutoConfiguration matched:
      - @ConditionalOnSingleCandidate (types: org.springframework.jdbc.core.namedparam.NamedParameterJdbcTemplate; SearchStrategy: all) found a single bean 'namedParameterJdbcTemplate'; @ConditionalOnMissingBean (types: org.springframework.jdbc.core.simple.JdbcClient; SearchStrategy: all) did not find any beans (OnBeanCondition)

   JdbcTemplateAutoConfiguration matched:
      - @ConditionalOnClass found required classes 'javax.sql.DataSource', 'org.springframework.jdbc.core.JdbcTemplate' (OnClassCondition)
      - @ConditionalOnSingleCandidate (types: javax.sql.DataSource; SearchStrategy: all) found a single bean 'dataSource' (OnBeanCondition)

   JdbcTemplateConfiguration matched:
      - @ConditionalOnMissingBean (types: org.springframework.jdbc.core.JdbcOperations; SearchStrategy: all) did not find any beans (OnBeanCondition)

   JpaBaseConfiguration#entityManagerFactory matched:
      - @ConditionalOnMissingBean (types: org.springframework.orm.jpa.LocalContainerEntityManagerFactoryBean,jakarta.persistence.EntityManagerFactory; SearchStrategy: all) did not find any beans (OnBeanCondition)

   JpaBaseConfiguration#entityManagerFactoryBuilder matched:
      - @ConditionalOnMissingBean (types: org.springframework.boot.orm.jpa.EntityManagerFactoryBuilder; SearchStrategy: all) did not find any beans (OnBeanCondition)

   JpaBaseConfiguration#jpaVendorAdapter matched:
      - @ConditionalOnMissingBean (types: org.springframework.orm.jpa.JpaVendorAdapter; SearchStrategy: all) did not find any beans (OnBeanCondition)

   JpaBaseConfiguration#transactionManager matched:
      - @ConditionalOnMissingBean (types: org.springframework.transaction.TransactionManager; SearchStrategy: all) did not find any beans (OnBeanCondition)

   JpaBaseConfiguration.JpaWebConfiguration matched:
      - @ConditionalOnClass found required class 'org.springframework.web.servlet.config.annotation.WebMvcConfigurer' (OnClassCondition)
      - found 'session' scope (OnWebApplicationCondition)
      - @ConditionalOnProperty (spring.jpa.open-in-view=true) matched (OnPropertyCondition)
      - @ConditionalOnMissingBean (types: org.springframework.orm.jpa.support.OpenEntityManagerInViewInterceptor,org.springframework.orm.jpa.support.OpenEntityManagerInViewFilter; SearchStrategy: all) did not find any beans (OnBeanCondition)

   JpaBaseConfiguration.PersistenceManagedTypesConfiguration matched:
      - @ConditionalOnMissingBean (types: org.springframework.orm.jpa.LocalContainerEntityManagerFactoryBean,jakarta.persistence.EntityManagerFactory; SearchStrategy: all) did not find any beans (OnBeanCondition)

   JpaBaseConfiguration.PersistenceManagedTypesConfiguration#persistenceManagedTypes matched:
      - @ConditionalOnMissingBean (types: org.springframework.orm.jpa.persistenceunit.PersistenceManagedTypes; SearchStrategy: all) did not find any beans (OnBeanCondition)

   JpaRepositoriesAutoConfiguration matched:
      - @ConditionalOnClass found required class 'org.springframework.data.jpa.repository.JpaRepository' (OnClassCondition)
      - @ConditionalOnProperty (spring.data.jpa.repositories.enabled=true) matched (OnPropertyCondition)
      - @ConditionalOnBean (types: javax.sql.DataSource; SearchStrategy: all) found bean 'dataSource'; @ConditionalOnMissingBean (types: org.springframework.data.jpa.repository.support.JpaRepositoryFactoryBean,org.springframework.data.jpa.repository.config.JpaRepositoryConfigExtension; SearchStrategy: all) did not find any beans (OnBeanCondition)

   JtaAutoConfiguration matched:
      - @ConditionalOnClass found required class 'jakarta.transaction.Transaction' (OnClassCondition)
      - @ConditionalOnProperty (spring.jta.enabled) matched (OnPropertyCondition)

   JvmMetricsAutoConfiguration matched:
      - @ConditionalOnClass found required class 'io.micrometer.core.instrument.MeterRegistry' (OnClassCondition)
      - @ConditionalOnBean (types: io.micrometer.core.instrument.MeterRegistry; SearchStrategy: all) found bean 'simpleMeterRegistry' (OnBeanCondition)

   JvmMetricsAutoConfiguration#classLoaderMetrics matched:
      - @ConditionalOnMissingBean (types: io.micrometer.core.instrument.binder.jvm.ClassLoaderMetrics; SearchStrategy: all) did not find any beans (OnBeanCondition)

   JvmMetricsAutoConfiguration#jvmCompilationMetrics matched:
      - @ConditionalOnMissingBean (types: io.micrometer.core.instrument.binder.jvm.JvmCompilationMetrics; SearchStrategy: all) did not find any beans (OnBeanCondition)

   JvmMetricsAutoConfiguration#jvmGcMetrics matched:
      - @ConditionalOnMissingBean (types: io.micrometer.core.instrument.binder.jvm.JvmGcMetrics; SearchStrategy: all) did not find any beans (OnBeanCondition)

   JvmMetricsAutoConfiguration#jvmHeapPressureMetrics matched:
      - @ConditionalOnMissingBean (types: io.micrometer.core.instrument.binder.jvm.JvmHeapPressureMetrics; SearchStrategy: all) did not find any beans (OnBeanCondition)

   JvmMetricsAutoConfiguration#jvmInfoMetrics matched:
      - @ConditionalOnMissingBean (types: io.micrometer.core.instrument.binder.jvm.JvmInfoMetrics; SearchStrategy: all) did not find any beans (OnBeanCondition)

   JvmMetricsAutoConfiguration#jvmMemoryMetrics matched:
      - @ConditionalOnMissingBean (types: io.micrometer.core.instrument.binder.jvm.JvmMemoryMetrics; SearchStrategy: all) did not find any beans (OnBeanCondition)

   JvmMetricsAutoConfiguration#jvmThreadMetrics matched:
      - @ConditionalOnMissingBean (types: io.micrometer.core.instrument.binder.jvm.JvmThreadMetrics; SearchStrategy: all) did not find any beans (OnBeanCondition)

   KafkaAnnotationDrivenConfiguration matched:
      - @ConditionalOnClass found required class 'org.springframework.kafka.annotation.EnableKafka' (OnClassCondition)

   KafkaAnnotationDrivenConfiguration#kafkaListenerContainerFactory matched:
      - @ConditionalOnMissingBean (names: kafkaListenerContainerFactory; SearchStrategy: all) did not find any beans (OnBeanCondition)

   KafkaAnnotationDrivenConfiguration#kafkaListenerContainerFactoryConfigurer matched:
      - @ConditionalOnMissingBean (types: org.springframework.boot.autoconfigure.kafka.ConcurrentKafkaListenerContainerFactoryConfigurer; SearchStrategy: all) did not find any beans (OnBeanCondition)
      - @ConditionalOnThreading found PLATFORM (OnThreadingCondition)

   KafkaAnnotationDrivenConfiguration.EnableKafkaConfiguration matched:
      - @ConditionalOnMissingBean (names: org.springframework.kafka.config.internalKafkaListenerAnnotationProcessor; SearchStrategy: all) did not find any beans (OnBeanCondition)

   KafkaAutoConfiguration matched:
      - @ConditionalOnClass found required class 'org.springframework.kafka.core.KafkaTemplate' (OnClassCondition)

   KafkaAutoConfiguration#kafkaAdmin matched:
      - @ConditionalOnMissingBean (types: org.springframework.kafka.core.KafkaAdmin; SearchStrategy: all) did not find any beans (OnBeanCondition)

   KafkaAutoConfiguration#kafkaConnectionDetails matched:
      - @ConditionalOnMissingBean (types: org.springframework.boot.autoconfigure.kafka.KafkaConnectionDetails; SearchStrategy: all) did not find any beans (OnBeanCondition)

   KafkaAutoConfiguration#kafkaConsumerFactory matched:
      - @ConditionalOnMissingBean (types: org.springframework.kafka.core.ConsumerFactory; SearchStrategy: all) did not find any beans (OnBeanCondition)

   KafkaAutoConfiguration#kafkaProducerFactory matched:
      - @ConditionalOnMissingBean (types: org.springframework.kafka.core.ProducerFactory; SearchStrategy: all) did not find any beans (OnBeanCondition)

   KafkaAutoConfiguration#kafkaProducerListener matched:
      - @ConditionalOnMissingBean (types: org.springframework.kafka.support.ProducerListener; SearchStrategy: all) did not find any beans (OnBeanCondition)

   KafkaAutoConfiguration#kafkaTemplate matched:
      - @ConditionalOnMissingBean (types: org.springframework.kafka.core.KafkaTemplate; SearchStrategy: all) did not find any beans (OnBeanCondition)

   KafkaMetricsAutoConfiguration matched:
      - @ConditionalOnClass found required classes 'io.micrometer.core.instrument.binder.kafka.KafkaClientMetrics', 'org.springframework.kafka.core.ProducerFactory' (OnClassCondition)
      - @ConditionalOnBean (types: io.micrometer.core.instrument.MeterRegistry; SearchStrategy: all) found bean 'simpleMeterRegistry' (OnBeanCondition)

   KafkaMetricsAutoConfiguration.KafkaStreamsMetricsConfiguration matched:
      - @ConditionalOnClass found required classes 'io.micrometer.core.instrument.binder.kafka.KafkaStreamsMetrics', 'org.springframework.kafka.config.StreamsBuilderFactoryBean' (OnClassCondition)

   LifecycleAutoConfiguration#defaultLifecycleProcessor matched:
      - @ConditionalOnMissingBean (names: lifecycleProcessor; SearchStrategy: current) did not find any beans (OnBeanCondition)

   LogFileWebEndpointAutoConfiguration matched:
      - @ConditionalOnAvailableEndpoint marked as exposed by a 'management.endpoints.web.exposure' property (OnAvailableEndpointCondition)

   LogbackMetricsAutoConfiguration matched:
      - @ConditionalOnClass found required classes 'io.micrometer.core.instrument.MeterRegistry', 'ch.qos.logback.classic.LoggerContext', 'org.slf4j.LoggerFactory' (OnClassCondition)
      - LogbackLoggingCondition ILoggerFactory is a Logback LoggerContext (LogbackMetricsAutoConfiguration.LogbackLoggingCondition)
      - @ConditionalOnBean (types: io.micrometer.core.instrument.MeterRegistry; SearchStrategy: all) found bean 'simpleMeterRegistry' (OnBeanCondition)

   LogbackMetricsAutoConfiguration#logbackMetrics matched:
      - @ConditionalOnMissingBean (types: io.micrometer.core.instrument.binder.logging.LogbackMetrics; SearchStrategy: all) did not find any beans (OnBeanCondition)

   LoggersEndpointAutoConfiguration matched:
      - @ConditionalOnAvailableEndpoint marked as exposed by a 'management.endpoints.web.exposure' property (OnAvailableEndpointCondition)

   LoggersEndpointAutoConfiguration#loggersEndpoint matched:
      - Logging System enabled (LoggersEndpointAutoConfiguration.OnEnabledLoggingSystemCondition)
      - @ConditionalOnBean (types: org.springframework.boot.logging.LoggingSystem; SearchStrategy: all) found bean 'springBootLoggingSystem'; @ConditionalOnMissingBean (types: org.springframework.boot.actuate.logging.LoggersEndpoint; SearchStrategy: all) did not find any beans (OnBeanCondition)

   ManagementContextAutoConfiguration.SameManagementContextConfiguration matched:
      - Management Port actual port type (SAME) matched required type (OnManagementPortCondition)

   MappingsEndpointAutoConfiguration matched:
      - @ConditionalOnAvailableEndpoint marked as exposed by a 'management.endpoints.web.exposure' property (OnAvailableEndpointCondition)

   MappingsEndpointAutoConfiguration.ServletWebConfiguration matched:
      - found 'session' scope (OnWebApplicationCondition)

   MappingsEndpointAutoConfiguration.ServletWebConfiguration.SpringMvcConfiguration matched:
      - @ConditionalOnClass found required class 'org.springframework.web.servlet.DispatcherServlet' (OnClassCondition)
      - @ConditionalOnBean (types: org.springframework.web.servlet.DispatcherServlet; SearchStrategy: all) found bean 'dispatcherServlet' (OnBeanCondition)

   MetricsAutoConfiguration matched:
      - @ConditionalOnClass found required class 'io.micrometer.core.annotation.Timed' (OnClassCondition)

   MetricsAutoConfiguration#micrometerClock matched:
      - @ConditionalOnMissingBean (types: io.micrometer.core.instrument.Clock; SearchStrategy: all) did not find any beans (OnBeanCondition)

   MetricsEndpointAutoConfiguration matched:
      - @ConditionalOnClass found required class 'io.micrometer.core.annotation.Timed' (OnClassCondition)
      - @ConditionalOnAvailableEndpoint marked as exposed by a 'management.endpoints.web.exposure' property (OnAvailableEndpointCondition)

   MetricsEndpointAutoConfiguration#metricsEndpoint matched:
      - @ConditionalOnBean (types: io.micrometer.core.instrument.MeterRegistry; SearchStrategy: all) found bean 'simpleMeterRegistry'; @ConditionalOnMissingBean (types: org.springframework.boot.actuate.metrics.MetricsEndpoint; SearchStrategy: all) did not find any beans (OnBeanCondition)

   MultipartAutoConfiguration matched:
      - @ConditionalOnClass found required classes 'jakarta.servlet.Servlet', 'org.springframework.web.multipart.support.StandardServletMultipartResolver', 'jakarta.servlet.MultipartConfigElement' (OnClassCondition)
      - found 'session' scope (OnWebApplicationCondition)
      - @ConditionalOnProperty (spring.servlet.multipart.enabled) matched (OnPropertyCondition)

   MultipartAutoConfiguration#multipartConfigElement matched:
      - @ConditionalOnMissingBean (types: jakarta.servlet.MultipartConfigElement; SearchStrategy: all) did not find any beans (OnBeanCondition)

   MultipartAutoConfiguration#multipartResolver matched:
      - @ConditionalOnMissingBean (types: org.springframework.web.multipart.MultipartResolver; SearchStrategy: all) did not find any beans (OnBeanCondition)

   NamedParameterJdbcTemplateConfiguration matched:
      - @ConditionalOnSingleCandidate (types: org.springframework.jdbc.core.JdbcTemplate; SearchStrategy: all) found a single bean 'jdbcTemplate'; @ConditionalOnMissingBean (types: org.springframework.jdbc.core.namedparam.NamedParameterJdbcOperations; SearchStrategy: all) did not find any beans (OnBeanCondition)

   NoOpCacheConfiguration matched:
      - Cache org.springframework.boot.autoconfigure.cache.NoOpCacheConfiguration automatic cache type (CacheCondition)

   ObservationAutoConfiguration matched:
      - @ConditionalOnClass found required class 'io.micrometer.observation.ObservationRegistry' (OnClassCondition)

   ObservationAutoConfiguration#observationRegistry matched:
      - @ConditionalOnMissingBean (types: io.micrometer.observation.ObservationRegistry; SearchStrategy: all) did not find any beans (OnBeanCondition)

   ObservationAutoConfiguration.MeterObservationHandlerConfiguration matched:
      - @ConditionalOnBean (types: io.micrometer.core.instrument.MeterRegistry; SearchStrategy: all) found bean 'simpleMeterRegistry'; @ConditionalOnMissingBean (types: io.micrometer.core.instrument.observation.MeterObservationHandler; SearchStrategy: all) did not find any beans (OnBeanCondition)

   ObservationAutoConfiguration.MeterObservationHandlerConfiguration.OnlyMetricsMeterObservationHandlerConfiguration matched:
      - @ConditionalOnMissingBean (types: io.micrometer.tracing.Tracer; SearchStrategy: all) did not find any beans (OnBeanCondition)

   ObservationAutoConfiguration.ObservedAspectConfiguration matched:
      - @ConditionalOnClass found required class 'org.aspectj.weaver.Advice' (OnClassCondition)

   ObservationAutoConfiguration.ObservedAspectConfiguration#observedAspect matched:
      - @ConditionalOnMissingBean (types: io.micrometer.observation.aop.ObservedAspect; SearchStrategy: all) did not find any beans (OnBeanCondition)

   ObservationAutoConfiguration.OnlyMetricsConfiguration matched:
      - @ConditionalOnClass found required class 'io.micrometer.core.instrument.MeterRegistry'; @ConditionalOnMissingClass did not find unwanted class 'io.micrometer.tracing.Tracer' (OnClassCondition)

   PersistenceExceptionTranslationAutoConfiguration matched:
      - @ConditionalOnClass found required class 'org.springframework.dao.annotation.PersistenceExceptionTranslationPostProcessor' (OnClassCondition)

   PersistenceExceptionTranslationAutoConfiguration#persistenceExceptionTranslationPostProcessor matched:
      - @ConditionalOnProperty (spring.dao.exceptiontranslation.enabled) matched (OnPropertyCondition)
      - @ConditionalOnMissingBean (types: org.springframework.dao.annotation.PersistenceExceptionTranslationPostProcessor; SearchStrategy: all) did not find any beans (OnBeanCondition)

   PropertyPlaceholderAutoConfiguration#propertySourcesPlaceholderConfigurer matched:
      - @ConditionalOnMissingBean (types: org.springframework.context.support.PropertySourcesPlaceholderConfigurer; SearchStrategy: current) did not find any beans (OnBeanCondition)

   RepositoryMetricsAutoConfiguration matched:
      - @ConditionalOnClass found required class 'org.springframework.data.repository.Repository' (OnClassCondition)
      - @ConditionalOnBean (types: io.micrometer.core.instrument.MeterRegistry; SearchStrategy: all) found bean 'simpleMeterRegistry' (OnBeanCondition)

   RepositoryMetricsAutoConfiguration#metricsRepositoryMethodInvocationListener matched:
      - @ConditionalOnMissingBean (types: org.springframework.boot.actuate.metrics.data.MetricsRepositoryMethodInvocationListener; SearchStrategy: all) did not find any beans (OnBeanCondition)

   RepositoryMetricsAutoConfiguration#repositoryTagsProvider matched:
      - @ConditionalOnMissingBean (types: org.springframework.boot.actuate.metrics.data.RepositoryTagsProvider; SearchStrategy: all) did not find any beans (OnBeanCondition)

   RestClientAutoConfiguration matched:
      - @ConditionalOnClass found required class 'org.springframework.web.client.RestClient' (OnClassCondition)
      - NoneNestedConditions 0 matched 1 did not; NestedCondition on NotReactiveWebApplicationCondition.ReactiveWebApplication did not find reactive web application classes (NotReactiveWebApplicationCondition)

   RestClientAutoConfiguration#httpMessageConvertersRestClientCustomizer matched:
      - @ConditionalOnMissingBean (types: org.springframework.boot.autoconfigure.web.client.HttpMessageConvertersRestClientCustomizer; SearchStrategy: all) did not find any beans (OnBeanCondition)

   RestClientAutoConfiguration#restClientBuilder matched:
      - @ConditionalOnMissingBean (types: org.springframework.web.client.RestClient$Builder; SearchStrategy: all) did not find any beans (OnBeanCondition)

   RestClientAutoConfiguration#restClientBuilderConfigurer matched:
      - @ConditionalOnMissingBean (types: org.springframework.boot.autoconfigure.web.client.RestClientBuilderConfigurer; SearchStrategy: all) did not find any beans (OnBeanCondition)

   RestClientAutoConfiguration#restClientSsl matched:
      - @ConditionalOnBean (types: org.springframework.boot.ssl.SslBundles; SearchStrategy: all) found bean 'sslBundleRegistry'; @ConditionalOnMissingBean (types: org.springframework.boot.autoconfigure.web.client.RestClientSsl; SearchStrategy: all) did not find any beans (OnBeanCondition)

   RestClientObservationConfiguration matched:
      - @ConditionalOnClass found required class 'org.springframework.web.client.RestClient' (OnClassCondition)
      - @ConditionalOnBean (types: org.springframework.web.client.RestClient$Builder; SearchStrategy: all) found bean 'restClientBuilder' (OnBeanCondition)

   RestTemplateAutoConfiguration matched:
      - @ConditionalOnClass found required class 'org.springframework.web.client.RestTemplate' (OnClassCondition)
      - NoneNestedConditions 0 matched 1 did not; NestedCondition on NotReactiveWebApplicationCondition.ReactiveWebApplication did not find reactive web application classes (NotReactiveWebApplicationCondition)

   RestTemplateAutoConfiguration#restTemplateBuilder matched:
      - @ConditionalOnMissingBean (types: org.springframework.boot.web.client.RestTemplateBuilder; SearchStrategy: all) did not find any beans (OnBeanCondition)

   RestTemplateObservationConfiguration matched:
      - @ConditionalOnClass found required class 'org.springframework.web.client.RestTemplate' (OnClassCondition)
      - @ConditionalOnBean (types: org.springframework.boot.web.client.RestTemplateBuilder; SearchStrategy: all) found bean 'restTemplateBuilder' (OnBeanCondition)

   SbomEndpointAutoConfiguration matched:
      - @ConditionalOnAvailableEndpoint marked as exposed by a 'management.endpoints.web.exposure' property (OnAvailableEndpointCondition)

   SbomEndpointAutoConfiguration#sbomEndpoint matched:
      - @ConditionalOnMissingBean (types: org.springframework.boot.actuate.sbom.SbomEndpoint; SearchStrategy: all) did not find any beans (OnBeanCondition)

   SbomEndpointAutoConfiguration#sbomEndpointWebExtension matched:
      - @ConditionalOnBean (types: org.springframework.boot.actuate.sbom.SbomEndpoint; SearchStrategy: all) found bean 'sbomEndpoint'; @ConditionalOnMissingBean (types: org.springframework.boot.actuate.sbom.SbomEndpointWebExtension; SearchStrategy: all) did not find any beans (OnBeanCondition)
      - @ConditionalOnAvailableEndpoint marked as exposed by a 'management.endpoints.web.exposure' property (OnAvailableEndpointCondition)

   ScheduledTasksEndpointAutoConfiguration matched:
      - @ConditionalOnAvailableEndpoint marked as exposed by a 'management.endpoints.web.exposure' property (OnAvailableEndpointCondition)

   ScheduledTasksEndpointAutoConfiguration#scheduledTasksEndpoint matched:
      - @ConditionalOnMissingBean (types: org.springframework.boot.actuate.scheduling.ScheduledTasksEndpoint; SearchStrategy: all) did not find any beans (OnBeanCondition)

   ScheduledTasksObservabilityAutoConfiguration matched:
      - @ConditionalOnClass found required class 'org.springframework.scheduling.concurrent.ThreadPoolTaskScheduler' (OnClassCondition)
      - @ConditionalOnBean (types: io.micrometer.observation.ObservationRegistry; SearchStrategy: all) found bean 'observationRegistry' (OnBeanCondition)

   ServletEndpointManagementContextConfiguration matched:
      - found 'session' scope (OnWebApplicationCondition)

   ServletEndpointManagementContextConfiguration.WebMvcServletEndpointManagementContextConfiguration matched:
      - @ConditionalOnClass found required class 'org.springframework.web.servlet.DispatcherServlet' (OnClassCondition)

   ServletManagementContextAutoConfiguration matched:
      - @ConditionalOnClass found required class 'jakarta.servlet.Servlet' (OnClassCondition)
      - found 'session' scope (OnWebApplicationCondition)

   ServletWebServerFactoryAutoConfiguration matched:
      - @ConditionalOnClass found required class 'jakarta.servlet.ServletRequest' (OnClassCondition)
      - found 'session' scope (OnWebApplicationCondition)

   ServletWebServerFactoryAutoConfiguration#tomcatServletWebServerFactoryCustomizer matched:
      - @ConditionalOnClass found required class 'org.apache.catalina.startup.Tomcat' (OnClassCondition)

   ServletWebServerFactoryConfiguration.EmbeddedTomcat matched:
      - @ConditionalOnClass found required classes 'jakarta.servlet.Servlet', 'org.apache.catalina.startup.Tomcat', 'org.apache.coyote.UpgradeProtocol' (OnClassCondition)
      - @ConditionalOnMissingBean (types: org.springframework.boot.web.servlet.server.ServletWebServerFactory; SearchStrategy: current) did not find any beans (OnBeanCondition)

   SimpleCacheConfiguration matched:
      - Cache org.springframework.boot.autoconfigure.cache.SimpleCacheConfiguration automatic cache type (CacheCondition)

   SimpleMetricsExportAutoConfiguration matched:
      - @ConditionalOnEnabledMetricsExport management.defaults.metrics.export.enabled is considered true (OnMetricsExportEnabledCondition)
      - @ConditionalOnBean (types: io.micrometer.core.instrument.Clock; SearchStrategy: all) found bean 'micrometerClock'; @ConditionalOnMissingBean (types: io.micrometer.core.instrument.MeterRegistry; SearchStrategy: all) did not find any beans (OnBeanCondition)

   SimpleMetricsExportAutoConfiguration#simpleConfig matched:
      - @ConditionalOnMissingBean (types: io.micrometer.core.instrument.simple.SimpleConfig; SearchStrategy: all) did not find any beans (OnBeanCondition)

   SpringDataWebAutoConfiguration matched:
      - @ConditionalOnClass found required classes 'org.springframework.data.web.PageableHandlerMethodArgumentResolver', 'org.springframework.web.servlet.config.annotation.WebMvcConfigurer' (OnClassCondition)
      - found 'session' scope (OnWebApplicationCondition)
      - @ConditionalOnMissingBean (types: org.springframework.data.web.PageableHandlerMethodArgumentResolver; SearchStrategy: all) did not find any beans (OnBeanCondition)

   SpringDataWebAutoConfiguration#pageableCustomizer matched:
      - @ConditionalOnMissingBean (types: org.springframework.data.web.config.PageableHandlerMethodArgumentResolverCustomizer; SearchStrategy: all) did not find any beans (OnBeanCondition)

   SpringDataWebAutoConfiguration#sortCustomizer matched:
      - @ConditionalOnMissingBean (types: org.springframework.data.web.config.SortHandlerMethodArgumentResolverCustomizer; SearchStrategy: all) did not find any beans (OnBeanCondition)

   SqlInitializationAutoConfiguration matched:
      - @ConditionalOnProperty (spring.sql.init.enabled) matched (OnPropertyCondition)
      - NoneNestedConditions 0 matched 1 did not; NestedCondition on SqlInitializationAutoConfiguration.SqlInitializationModeCondition.ModeIsNever @ConditionalOnProperty (spring.sql.init.mode=never) did not find property 'mode' (SqlInitializationAutoConfiguration.SqlInitializationModeCondition)

   SslAutoConfiguration#sslBundleRegistry matched:
      - @ConditionalOnMissingBean (types: org.springframework.boot.ssl.SslBundleRegistry,org.springframework.boot.ssl.SslBundles; SearchStrategy: all) did not find any beans (OnBeanCondition)

   StartupTimeMetricsListenerAutoConfiguration matched:
      - @ConditionalOnClass found required class 'io.micrometer.core.instrument.MeterRegistry' (OnClassCondition)
      - @ConditionalOnBean (types: io.micrometer.core.instrument.MeterRegistry; SearchStrategy: all) found bean 'simpleMeterRegistry' (OnBeanCondition)

   StartupTimeMetricsListenerAutoConfiguration#startupTimeMetrics matched:
      - @ConditionalOnMissingBean (types: org.springframework.boot.actuate.metrics.startup.StartupTimeMetricsListener; SearchStrategy: all) did not find any beans (OnBeanCondition)

   SystemMetricsAutoConfiguration matched:
      - @ConditionalOnClass found required class 'io.micrometer.core.instrument.MeterRegistry' (OnClassCondition)
      - @ConditionalOnBean (types: io.micrometer.core.instrument.MeterRegistry; SearchStrategy: all) found bean 'simpleMeterRegistry' (OnBeanCondition)

   SystemMetricsAutoConfiguration#diskSpaceMetrics matched:
      - @ConditionalOnMissingBean (types: org.springframework.boot.actuate.metrics.system.DiskSpaceMetricsBinder; SearchStrategy: all) did not find any beans (OnBeanCondition)

   SystemMetricsAutoConfiguration#fileDescriptorMetrics matched:
      - @ConditionalOnMissingBean (types: io.micrometer.core.instrument.binder.system.FileDescriptorMetrics; SearchStrategy: all) did not find any beans (OnBeanCondition)

   SystemMetricsAutoConfiguration#processorMetrics matched:
      - @ConditionalOnMissingBean (types: io.micrometer.core.instrument.binder.system.ProcessorMetrics; SearchStrategy: all) did not find any beans (OnBeanCondition)

   SystemMetricsAutoConfiguration#uptimeMetrics matched:
      - @ConditionalOnMissingBean (types: io.micrometer.core.instrument.binder.system.UptimeMetrics; SearchStrategy: all) did not find any beans (OnBeanCondition)

   TaskExecutionAutoConfiguration matched:
      - @ConditionalOnClass found required class 'org.springframework.scheduling.concurrent.ThreadPoolTaskExecutor' (OnClassCondition)

   TaskExecutorConfigurations.SimpleAsyncTaskExecutorBuilderConfiguration#simpleAsyncTaskExecutorBuilder matched:
      - @ConditionalOnMissingBean (types: org.springframework.boot.task.SimpleAsyncTaskExecutorBuilder; SearchStrategy: all) did not find any beans (OnBeanCondition)
      - @ConditionalOnThreading found PLATFORM (OnThreadingCondition)

   TaskExecutorConfigurations.TaskExecutorBuilderConfiguration#taskExecutorBuilder matched:
      - @ConditionalOnMissingBean (types: org.springframework.boot.task.TaskExecutorBuilder; SearchStrategy: all) did not find any beans (OnBeanCondition)

   TaskExecutorConfigurations.TaskExecutorConfiguration matched:
      - @ConditionalOnMissingBean (types: java.util.concurrent.Executor; SearchStrategy: all) did not find any beans (OnBeanCondition)

   TaskExecutorConfigurations.TaskExecutorConfiguration#applicationTaskExecutor matched:
      - @ConditionalOnThreading found PLATFORM (OnThreadingCondition)

   TaskExecutorConfigurations.ThreadPoolTaskExecutorBuilderConfiguration#threadPoolTaskExecutorBuilder matched:
      - @ConditionalOnMissingBean (types: org.springframework.boot.task.TaskExecutorBuilder,org.springframework.boot.task.ThreadPoolTaskExecutorBuilder; SearchStrategy: all) did not find any beans (OnBeanCondition)

   TaskExecutorMetricsAutoConfiguration matched:
      - @ConditionalOnClass found required class 'io.micrometer.core.instrument.binder.jvm.ExecutorServiceMetrics' (OnClassCondition)
      - @ConditionalOnBean (types: java.util.concurrent.Executor,io.micrometer.core.instrument.MeterRegistry; SearchStrategy: all) found beans 'applicationTaskExecutor', 'simpleMeterRegistry' (OnBeanCondition)

   TaskSchedulingAutoConfiguration matched:
      - @ConditionalOnClass found required class 'org.springframework.scheduling.concurrent.ThreadPoolTaskScheduler' (OnClassCondition)

   TaskSchedulingConfigurations.SimpleAsyncTaskSchedulerBuilderConfiguration#simpleAsyncTaskSchedulerBuilder matched:
      - @ConditionalOnMissingBean (types: org.springframework.boot.task.SimpleAsyncTaskSchedulerBuilder; SearchStrategy: all) did not find any beans (OnBeanCondition)
      - @ConditionalOnThreading found PLATFORM (OnThreadingCondition)

   TaskSchedulingConfigurations.TaskSchedulerBuilderConfiguration#taskSchedulerBuilder matched:
      - @ConditionalOnMissingBean (types: org.springframework.boot.task.TaskSchedulerBuilder; SearchStrategy: all) did not find any beans (OnBeanCondition)

   TaskSchedulingConfigurations.ThreadPoolTaskSchedulerBuilderConfiguration#threadPoolTaskSchedulerBuilder matched:
      - @ConditionalOnMissingBean (types: org.springframework.boot.task.TaskSchedulerBuilder,org.springframework.boot.task.ThreadPoolTaskSchedulerBuilder; SearchStrategy: all) did not find any beans (OnBeanCondition)

   ThreadDumpEndpointAutoConfiguration matched:
      - @ConditionalOnAvailableEndpoint marked as exposed by a 'management.endpoints.web.exposure' property (OnAvailableEndpointCondition)

   ThreadDumpEndpointAutoConfiguration#dumpEndpoint matched:
      - @ConditionalOnMissingBean (types: org.springframework.boot.actuate.management.ThreadDumpEndpoint; SearchStrategy: all) did not find any beans (OnBeanCondition)

   TomcatMetricsAutoConfiguration matched:
      - @ConditionalOnClass found required classes 'io.micrometer.core.instrument.binder.tomcat.TomcatMetrics', 'org.apache.catalina.Manager' (OnClassCondition)
      - @ConditionalOnWebApplication (required) found 'session' scope (OnWebApplicationCondition)

   TomcatMetricsAutoConfiguration#tomcatMetricsBinder matched:
      - @ConditionalOnBean (types: io.micrometer.core.instrument.MeterRegistry; SearchStrategy: all) found bean 'simpleMeterRegistry'; @ConditionalOnMissingBean (types: io.micrometer.core.instrument.binder.tomcat.TomcatMetrics,org.springframework.boot.actuate.metrics.web.tomcat.TomcatMetricsBinder; SearchStrategy: all) did not find any beans (OnBeanCondition)

   TransactionAutoConfiguration matched:
      - @ConditionalOnClass found required class 'org.springframework.transaction.PlatformTransactionManager' (OnClassCondition)

   TransactionAutoConfiguration.EnableTransactionManagementConfiguration matched:
      - @ConditionalOnBean (types: org.springframework.transaction.TransactionManager; SearchStrategy: all) found bean 'transactionManager'; @ConditionalOnMissingBean (types: org.springframework.transaction.annotation.AbstractTransactionManagementConfiguration; SearchStrategy: all) did not find any beans (OnBeanCondition)

   TransactionAutoConfiguration.EnableTransactionManagementConfiguration.CglibAutoProxyConfiguration matched:
      - @ConditionalOnProperty (spring.aop.proxy-target-class=true) matched (OnPropertyCondition)

   TransactionAutoConfiguration.TransactionTemplateConfiguration matched:
      - @ConditionalOnSingleCandidate (types: org.springframework.transaction.PlatformTransactionManager; SearchStrategy: all) found a single bean 'transactionManager' (OnBeanCondition)

   TransactionAutoConfiguration.TransactionTemplateConfiguration#transactionTemplate matched:
      - @ConditionalOnMissingBean (types: org.springframework.transaction.support.TransactionOperations; SearchStrategy: all) did not find any beans (OnBeanCondition)

   TransactionManagerCustomizationAutoConfiguration matched:
      - @ConditionalOnClass found required class 'org.springframework.transaction.PlatformTransactionManager' (OnClassCondition)

   TransactionManagerCustomizationAutoConfiguration#platformTransactionManagerCustomizers matched:
      - @ConditionalOnMissingBean (types: org.springframework.boot.autoconfigure.transaction.TransactionManagerCustomizers; SearchStrategy: all) did not find any beans (OnBeanCondition)

   ValidationAutoConfiguration matched:
      - @ConditionalOnClass found required class 'jakarta.validation.executable.ExecutableValidator' (OnClassCondition)
      - @ConditionalOnResource found location classpath:META-INF/services/jakarta.validation.spi.ValidationProvider (OnResourceCondition)

   ValidationAutoConfiguration#defaultValidator matched:
      - @ConditionalOnMissingBean (types: jakarta.validation.Validator; SearchStrategy: all) did not find any beans (OnBeanCondition)

   ValidationAutoConfiguration#methodValidationPostProcessor matched:
      - @ConditionalOnMissingBean (types: org.springframework.validation.beanvalidation.MethodValidationPostProcessor; SearchStrategy: current) did not find any beans (OnBeanCondition)

   WebEndpointAutoConfiguration matched:
      - @ConditionalOnWebApplication (required) found 'session' scope (OnWebApplicationCondition)

   WebEndpointAutoConfiguration#controllerEndpointDiscoverer matched:
      - @ConditionalOnMissingBean (types: org.springframework.boot.actuate.endpoint.web.annotation.ControllerEndpointsSupplier; SearchStrategy: all) did not find any beans (OnBeanCondition)

   WebEndpointAutoConfiguration#endpointMediaTypes matched:
      - @ConditionalOnMissingBean (types: org.springframework.boot.actuate.endpoint.web.EndpointMediaTypes; SearchStrategy: all) did not find any beans (OnBeanCondition)

   WebEndpointAutoConfiguration#pathMappedEndpoints matched:
      - @ConditionalOnMissingBean (types: org.springframework.boot.actuate.endpoint.web.PathMappedEndpoints; SearchStrategy: all) did not find any beans (OnBeanCondition)

   WebEndpointAutoConfiguration#webEndpointDiscoverer matched:
      - @ConditionalOnMissingBean (types: org.springframework.boot.actuate.endpoint.web.WebEndpointsSupplier; SearchStrategy: all) did not find any beans (OnBeanCondition)

   WebEndpointAutoConfiguration.WebEndpointServletConfiguration matched:
      - found 'session' scope (OnWebApplicationCondition)

   WebEndpointAutoConfiguration.WebEndpointServletConfiguration#servletEndpointDiscoverer matched:
      - @ConditionalOnMissingBean (types: org.springframework.boot.actuate.endpoint.web.annotation.ServletEndpointsSupplier; SearchStrategy: all) did not find any beans (OnBeanCondition)

   WebMvcAutoConfiguration matched:
      - @ConditionalOnClass found required classes 'jakarta.servlet.Servlet', 'org.springframework.web.servlet.DispatcherServlet', 'org.springframework.web.servlet.config.annotation.WebMvcConfigurer' (OnClassCondition)
      - found 'session' scope (OnWebApplicationCondition)
      - @ConditionalOnMissingBean (types: org.springframework.web.servlet.config.annotation.WebMvcConfigurationSupport; SearchStrategy: all) did not find any beans (OnBeanCondition)

   WebMvcAutoConfiguration#formContentFilter matched:
      - @ConditionalOnProperty (spring.mvc.formcontent.filter.enabled) matched (OnPropertyCondition)
      - @ConditionalOnMissingBean (types: org.springframework.web.filter.FormContentFilter; SearchStrategy: all) did not find any beans (OnBeanCondition)

   WebMvcAutoConfiguration.EnableWebMvcConfiguration#flashMapManager matched:
      - @ConditionalOnMissingBean (names: flashMapManager; SearchStrategy: all) did not find any beans (OnBeanCondition)

   WebMvcAutoConfiguration.EnableWebMvcConfiguration#localeResolver matched:
      - @ConditionalOnMissingBean (names: localeResolver; SearchStrategy: all) did not find any beans (OnBeanCondition)

   WebMvcAutoConfiguration.EnableWebMvcConfiguration#themeResolver matched:
      - @ConditionalOnMissingBean (names: themeResolver; SearchStrategy: all) did not find any beans (OnBeanCondition)

   WebMvcAutoConfiguration.WebMvcAutoConfigurationAdapter#defaultViewResolver matched:
      - @ConditionalOnMissingBean (types: org.springframework.web.servlet.view.InternalResourceViewResolver; SearchStrategy: all) did not find any beans (OnBeanCondition)

   WebMvcAutoConfiguration.WebMvcAutoConfigurationAdapter#requestContextFilter matched:
      - @ConditionalOnMissingBean (types: org.springframework.web.context.request.RequestContextListener,org.springframework.web.filter.RequestContextFilter; SearchStrategy: all) did not find any beans (OnBeanCondition)

   WebMvcAutoConfiguration.WebMvcAutoConfigurationAdapter#viewResolver matched:
      - @ConditionalOnBean (types: org.springframework.web.servlet.ViewResolver; SearchStrategy: all) found beans 'defaultViewResolver', 'beanNameViewResolver', 'mvcViewResolver'; @ConditionalOnMissingBean (names: viewResolver types: org.springframework.web.servlet.view.ContentNegotiatingViewResolver; SearchStrategy: all) did not find any beans (OnBeanCondition)

   WebMvcEndpointManagementContextConfiguration matched:
      - @ConditionalOnClass found required class 'org.springframework.web.servlet.DispatcherServlet' (OnClassCondition)
      - found 'session' scope (OnWebApplicationCondition)
      - @ConditionalOnBean (types: org.springframework.web.servlet.DispatcherServlet,org.springframework.boot.actuate.endpoint.web.WebEndpointsSupplier; SearchStrategy: all) found beans 'webEndpointDiscoverer', 'dispatcherServlet' (OnBeanCondition)

   WebMvcEndpointManagementContextConfiguration#controllerEndpointHandlerMapping matched:
      - @ConditionalOnMissingBean (types: org.springframework.boot.actuate.endpoint.web.servlet.ControllerEndpointHandlerMapping; SearchStrategy: all) did not find any beans (OnBeanCondition)

   WebMvcEndpointManagementContextConfiguration#endpointObjectMapperWebMvcConfigurer matched:
      - @ConditionalOnBean (types: org.springframework.boot.actuate.endpoint.jackson.EndpointObjectMapper; SearchStrategy: all) found bean 'endpointObjectMapper' (OnBeanCondition)

   WebMvcEndpointManagementContextConfiguration#webEndpointServletHandlerMapping matched:
      - @ConditionalOnMissingBean (types: org.springframework.boot.actuate.endpoint.web.servlet.WebMvcEndpointHandlerMapping; SearchStrategy: all) did not find any beans (OnBeanCondition)

   WebMvcObservationAutoConfiguration matched:
      - @ConditionalOnClass found required classes 'org.springframework.web.servlet.DispatcherServlet', 'io.micrometer.observation.Observation' (OnClassCondition)
      - found 'session' scope (OnWebApplicationCondition)
      - @ConditionalOnBean (types: io.micrometer.observation.ObservationRegistry; SearchStrategy: all) found bean 'observationRegistry' (OnBeanCondition)

   WebMvcObservationAutoConfiguration#webMvcObservationFilter matched:
      - @ConditionalOnMissingBean (types: org.springframework.web.filter.ServerHttpObservationFilter; SearchStrategy: all) did not find any beans (OnBeanCondition)

   WebMvcObservationAutoConfiguration.MeterFilterConfiguration matched:
      - @ConditionalOnClass found required class 'io.micrometer.core.instrument.MeterRegistry' (OnClassCondition)
      - @ConditionalOnBean (types: io.micrometer.core.instrument.MeterRegistry; SearchStrategy: all) found bean 'simpleMeterRegistry' (OnBeanCondition)

   WebSocketServletAutoConfiguration matched:
      - @ConditionalOnClass found required classes 'jakarta.servlet.Servlet', 'jakarta.websocket.server.ServerContainer' (OnClassCondition)
      - found 'session' scope (OnWebApplicationCondition)

   WebSocketServletAutoConfiguration.TomcatWebSocketConfiguration matched:
      - @ConditionalOnClass found required classes 'org.apache.catalina.startup.Tomcat', 'org.apache.tomcat.websocket.server.WsSci' (OnClassCondition)

   WebSocketServletAutoConfiguration.TomcatWebSocketConfiguration#websocketServletWebServerCustomizer matched:
      - @ConditionalOnMissingBean (names: websocketServletWebServerCustomizer; SearchStrategy: all) did not find any beans (OnBeanCondition)


Negative matches:
-----------------

   ActiveMQAutoConfiguration:
      Did not match:
         - @ConditionalOnClass did not find required class 'jakarta.jms.ConnectionFactory' (OnClassCondition)

   AopAutoConfiguration.AspectJAutoProxyingConfiguration.JdkDynamicAutoProxyConfiguration:
      Did not match:
         - @ConditionalOnProperty (spring.aop.proxy-target-class=false) did not find property 'proxy-target-class' (OnPropertyCondition)

   AopAutoConfiguration.ClassProxyingConfiguration:
      Did not match:
         - @ConditionalOnMissingClass found unwanted class 'org.aspectj.weaver.Advice' (OnClassCondition)

   AppOpticsMetricsExportAutoConfiguration:
      Did not match:
         - @ConditionalOnClass did not find required class 'io.micrometer.appoptics.AppOpticsMeterRegistry' (OnClassCondition)

   ArtemisAutoConfiguration:
      Did not match:
         - @ConditionalOnClass did not find required class 'jakarta.jms.ConnectionFactory' (OnClassCondition)

   AtlasMetricsExportAutoConfiguration:
      Did not match:
         - @ConditionalOnClass did not find required class 'io.micrometer.atlas.AtlasMeterRegistry' (OnClassCondition)

   AuditAutoConfiguration:
      Did not match:
         - @ConditionalOnBean (types: org.springframework.boot.actuate.audit.AuditEventRepository; SearchStrategy: all) did not find any beans of type org.springframework.boot.actuate.audit.AuditEventRepository (OnBeanCondition)
      Matched:
         - @ConditionalOnProperty (management.auditevents.enabled) matched (OnPropertyCondition)

   AuditEventsEndpointAutoConfiguration#auditEventsEndpoint:
      Did not match:
         - @ConditionalOnBean (types: org.springframework.boot.actuate.audit.AuditEventRepository; SearchStrategy: all) did not find any beans of type org.springframework.boot.actuate.audit.AuditEventRepository (OnBeanCondition)

   AvailabilityHealthContributorAutoConfiguration#livenessStateHealthIndicator:
      Did not match:
         - @ConditionalOnProperty (management.health.livenessstate.enabled=true) did not find property 'enabled' (OnPropertyCondition)

   AvailabilityHealthContributorAutoConfiguration#readinessStateHealthIndicator:
      Did not match:
         - @ConditionalOnProperty (management.health.readinessstate.enabled=true) did not find property 'enabled' (OnPropertyCondition)

   AvailabilityProbesAutoConfiguration:
      Did not match:
         - Probes availability not running on a supported cloud platform (AvailabilityProbesAutoConfiguration.ProbesCondition)

   BatchAutoConfiguration:
      Did not match:
         - @ConditionalOnClass did not find required class 'org.springframework.batch.core.launch.JobLauncher' (OnClassCondition)

   BatchObservationAutoConfiguration:
      Did not match:
         - @ConditionalOnClass did not find required class 'org.springframework.batch.core.configuration.annotation.BatchObservabilityBeanPostProcessor' (OnClassCondition)

   BraveAutoConfiguration:
      Did not match:
         - @ConditionalOnClass did not find required class 'brave.Tracer' (OnClassCondition)

   Cache2kCacheConfiguration:
      Did not match:
         - @ConditionalOnClass did not find required class 'org.cache2k.Cache2kBuilder' (OnClassCondition)

   CacheAutoConfiguration:
      Did not match:
         - @ConditionalOnBean (types: org.springframework.cache.interceptor.CacheAspectSupport; SearchStrategy: all) did not find any beans of type org.springframework.cache.interceptor.CacheAspectSupport (OnBeanCondition)
      Matched:
         - @ConditionalOnClass found required class 'org.springframework.cache.CacheManager' (OnClassCondition)

   CacheAutoConfiguration.CacheManagerEntityManagerFactoryDependsOnPostProcessor:
      Did not match:
         - Ancestor org.springframework.boot.autoconfigure.cache.CacheAutoConfiguration did not match (ConditionEvaluationReport.AncestorsMatchedCondition)
      Matched:
         - @ConditionalOnClass found required class 'org.springframework.orm.jpa.LocalContainerEntityManagerFactoryBean' (OnClassCondition)

   CacheMeterBinderProvidersConfiguration.Cache2kCacheMeterBinderProviderConfiguration:
      Did not match:
         - @ConditionalOnClass did not find required classes 'org.cache2k.Cache2kBuilder', 'org.cache2k.extra.spring.SpringCache2kCache', 'org.cache2k.extra.micrometer.Cache2kCacheMetrics' (OnClassCondition)

   CacheMeterBinderProvidersConfiguration.CaffeineCacheMeterBinderProviderConfiguration:
      Did not match:
         - @ConditionalOnClass did not find required classes 'org.springframework.cache.caffeine.CaffeineCache', 'com.github.benmanes.caffeine.cache.Cache' (OnClassCondition)

   CacheMeterBinderProvidersConfiguration.HazelcastCacheMeterBinderProviderConfiguration:
      Did not match:
         - @ConditionalOnClass did not find required classes 'com.hazelcast.spring.cache.HazelcastCache', 'com.hazelcast.core.Hazelcast' (OnClassCondition)

   CacheMeterBinderProvidersConfiguration.JCacheCacheMeterBinderProviderConfiguration:
      Did not match:
         - @ConditionalOnClass did not find required classes 'org.springframework.cache.jcache.JCacheCache', 'javax.cache.CacheManager' (OnClassCondition)

   CacheMeterBinderProvidersConfiguration.RedisCacheMeterBinderProviderConfiguration:
      Did not match:
         - @ConditionalOnClass did not find required class 'org.springframework.data.redis.cache.RedisCache' (OnClassCondition)

   CacheMetricsAutoConfiguration:
      Did not match:
         - @ConditionalOnBean (types: org.springframework.cache.CacheManager; SearchStrategy: all) did not find any beans of type org.springframework.cache.CacheManager (OnBeanCondition)

   CaffeineCacheConfiguration:
      Did not match:
         - @ConditionalOnClass did not find required class 'com.github.benmanes.caffeine.cache.Caffeine' (OnClassCondition)

   CassandraAutoConfiguration:
      Did not match:
         - @ConditionalOnClass did not find required class 'com.datastax.oss.driver.api.core.CqlSession' (OnClassCondition)

   CassandraDataAutoConfiguration:
      Did not match:
         - @ConditionalOnClass did not find required class 'com.datastax.oss.driver.api.core.CqlSession' (OnClassCondition)

   CassandraHealthContributorAutoConfiguration:
      Did not match:
         - @ConditionalOnClass did not find required class 'com.datastax.oss.driver.api.core.CqlSession' (OnClassCondition)

   CassandraReactiveDataAutoConfiguration:
      Did not match:
         - @ConditionalOnClass did not find required class 'com.datastax.oss.driver.api.core.CqlSession' (OnClassCondition)

   CassandraReactiveHealthContributorAutoConfiguration:
      Did not match:
         - @ConditionalOnClass did not find required class 'com.datastax.oss.driver.api.core.CqlSession' (OnClassCondition)

   CassandraReactiveRepositoriesAutoConfiguration:
      Did not match:
         - @ConditionalOnClass did not find required class 'org.springframework.data.cassandra.ReactiveSession' (OnClassCondition)

   CassandraRepositoriesAutoConfiguration:
      Did not match:
         - @ConditionalOnClass did not find required class 'com.datastax.oss.driver.api.core.CqlSession' (OnClassCondition)

   ClientHttpConnectorAutoConfiguration:
      Did not match:
         - @ConditionalOnClass did not find required class 'org.springframework.web.reactive.function.client.WebClient' (OnClassCondition)

   CloudFoundryActuatorAutoConfiguration:
      Did not match:
         - @ConditionalOnCloudPlatform did not find CLOUD_FOUNDRY (OnCloudPlatformCondition)
      Matched:
         - @ConditionalOnClass found required class 'org.springframework.web.servlet.DispatcherServlet' (OnClassCondition)
         - found 'session' scope (OnWebApplicationCondition)
         - @ConditionalOnProperty (management.cloudfoundry.enabled) matched (OnPropertyCondition)

   CodecsAutoConfiguration:
      Did not match:
         - @ConditionalOnClass did not find required class 'org.springframework.web.reactive.function.client.WebClient' (OnClassCondition)

   CompositeMeterRegistryConfiguration:
      Did not match:
         - NoneNestedConditions 1 matched 1 did not; NestedCondition on CompositeMeterRegistryConfiguration.MultipleNonPrimaryMeterRegistriesCondition.SingleInjectableMeterRegistry @ConditionalOnSingleCandidate (types: io.micrometer.core.instrument.MeterRegistry; SearchStrategy: all) found a single bean 'simpleMeterRegistry'; NestedCondition on CompositeMeterRegistryConfiguration.MultipleNonPrimaryMeterRegistriesCondition.NoMeterRegistryCondition @ConditionalOnMissingBean (types: io.micrometer.core.instrument.MeterRegistry; SearchStrategy: all) found beans of type 'io.micrometer.core.instrument.MeterRegistry' simpleMeterRegistry (CompositeMeterRegistryConfiguration.MultipleNonPrimaryMeterRegistriesCondition)

   ConnectionFactoryHealthContributorAutoConfiguration:
      Did not match:
         - @ConditionalOnClass did not find required class 'io.r2dbc.spi.ConnectionFactory' (OnClassCondition)

   ConnectionPoolMetricsAutoConfiguration:
      Did not match:
         - @ConditionalOnClass did not find required class 'io.r2dbc.pool.ConnectionPool' (OnClassCondition)

   CouchbaseAutoConfiguration:
      Did not match:
         - @ConditionalOnClass did not find required class 'com.couchbase.client.java.Cluster' (OnClassCondition)

   CouchbaseCacheConfiguration:
      Did not match:
         - @ConditionalOnClass did not find required class 'com.couchbase.client.java.Cluster' (OnClassCondition)

   CouchbaseDataAutoConfiguration:
      Did not match:
         - @ConditionalOnClass did not find required class 'com.couchbase.client.java.Bucket' (OnClassCondition)

   CouchbaseHealthContributorAutoConfiguration:
      Did not match:
         - @ConditionalOnClass did not find required class 'com.couchbase.client.java.Cluster' (OnClassCondition)

   CouchbaseReactiveDataAutoConfiguration:
      Did not match:
         - @ConditionalOnClass did not find required class 'com.couchbase.client.java.Cluster' (OnClassCondition)

   CouchbaseReactiveHealthContributorAutoConfiguration:
      Did not match:
         - @ConditionalOnClass did not find required class 'com.couchbase.client.java.Cluster' (OnClassCondition)

   CouchbaseReactiveRepositoriesAutoConfiguration:
      Did not match:
         - @ConditionalOnClass did not find required class 'com.couchbase.client.java.Cluster' (OnClassCondition)

   CouchbaseRepositoriesAutoConfiguration:
      Did not match:
         - @ConditionalOnClass did not find required class 'com.couchbase.client.java.Bucket' (OnClassCondition)

   DataSourceAutoConfiguration.EmbeddedDatabaseConfiguration:
      Did not match:
         - EmbeddedDataSource spring.datasource.url is set (DataSourceAutoConfiguration.EmbeddedDatabaseCondition)

   DataSourceCheckpointRestoreConfiguration:
      Did not match:
         - @ConditionalOnClass did not find required class 'org.crac.Resource' (OnClassCondition)

   DataSourceConfiguration.Dbcp2:
      Did not match:
         - @ConditionalOnClass did not find required class 'org.apache.commons.dbcp2.BasicDataSource' (OnClassCondition)

   DataSourceConfiguration.Generic:
      Did not match:
         - @ConditionalOnProperty (spring.datasource.type) did not find property 'spring.datasource.type' (OnPropertyCondition)

   DataSourceConfiguration.OracleUcp:
      Did not match:
         - @ConditionalOnClass did not find required classes 'oracle.ucp.jdbc.PoolDataSourceImpl', 'oracle.jdbc.OracleConnection' (OnClassCondition)

   DataSourceConfiguration.Tomcat:
      Did not match:
         - @ConditionalOnClass did not find required class 'org.apache.tomcat.jdbc.pool.DataSource' (OnClassCondition)

   DataSourceJmxConfiguration.TomcatDataSourceJmxConfiguration:
      Did not match:
         - @ConditionalOnClass did not find required class 'org.apache.tomcat.jdbc.pool.DataSourceProxy' (OnClassCondition)

   DataSourcePoolMetadataProvidersConfiguration.CommonsDbcp2PoolDataSourceMetadataProviderConfiguration:
      Did not match:
         - @ConditionalOnClass did not find required class 'org.apache.commons.dbcp2.BasicDataSource' (OnClassCondition)

   DataSourcePoolMetadataProvidersConfiguration.OracleUcpPoolDataSourceMetadataProviderConfiguration:
      Did not match:
         - @ConditionalOnClass did not find required classes 'oracle.ucp.jdbc.PoolDataSource', 'oracle.jdbc.OracleConnection' (OnClassCondition)

   DataSourcePoolMetadataProvidersConfiguration.TomcatDataSourcePoolMetadataProviderConfiguration:
      Did not match:
         - @ConditionalOnClass did not find required class 'org.apache.tomcat.jdbc.pool.DataSource' (OnClassCondition)

   DataSourceTransactionManagerAutoConfiguration.JdbcTransactionManagerConfiguration#transactionManager:
      Did not match:
         - @ConditionalOnMissingBean (types: org.springframework.transaction.TransactionManager; SearchStrategy: all) found beans of type 'org.springframework.transaction.TransactionManager' transactionManager (OnBeanCondition)

   DatadogMetricsExportAutoConfiguration:
      Did not match:
         - @ConditionalOnClass did not find required class 'io.micrometer.datadog.DatadogMeterRegistry' (OnClassCondition)

   DispatcherServletAutoConfiguration.DispatcherServletConfiguration#multipartResolver:
      Did not match:
         - @ConditionalOnBean (types: org.springframework.web.multipart.MultipartResolver; SearchStrategy: all) did not find any beans of type org.springframework.web.multipart.MultipartResolver (OnBeanCondition)

   DynatraceMetricsExportAutoConfiguration:
      Did not match:
         - @ConditionalOnClass did not find required class 'io.micrometer.dynatrace.DynatraceMeterRegistry' (OnClassCondition)

   ElasticMetricsExportAutoConfiguration:
      Did not match:
         - @ConditionalOnClass did not find required class 'io.micrometer.elastic.ElasticMeterRegistry' (OnClassCondition)

   ElasticsearchClientAutoConfiguration:
      Did not match:
         - @ConditionalOnClass did not find required class 'co.elastic.clients.elasticsearch.ElasticsearchClient' (OnClassCondition)

   ElasticsearchDataAutoConfiguration:
      Did not match:
         - @ConditionalOnClass did not find required class 'org.springframework.data.elasticsearch.client.elc.ElasticsearchTemplate' (OnClassCondition)

   ElasticsearchReactiveHealthContributorAutoConfiguration:
      Did not match:
         - @ConditionalOnClass did not find required class 'reactor.core.publisher.Flux' (OnClassCondition)

   ElasticsearchRepositoriesAutoConfiguration:
      Did not match:
         - @ConditionalOnClass did not find required class 'org.springframework.data.elasticsearch.repository.ElasticsearchRepository' (OnClassCondition)

   ElasticsearchRestClientAutoConfiguration:
      Did not match:
         - @ConditionalOnClass did not find required class 'org.elasticsearch.client.RestClientBuilder' (OnClassCondition)

   ElasticsearchRestHealthContributorAutoConfiguration:
      Did not match:
         - @ConditionalOnClass did not find required class 'org.elasticsearch.client.RestClient' (OnClassCondition)

   EmbeddedLdapAutoConfiguration:
      Did not match:
         - @ConditionalOnClass did not find required class 'com.unboundid.ldap.listener.InMemoryDirectoryServer' (OnClassCondition)

   EmbeddedWebServerFactoryCustomizerAutoConfiguration.JettyWebServerFactoryCustomizerConfiguration:
      Did not match:
         - @ConditionalOnClass did not find required classes 'org.eclipse.jetty.server.Server', 'org.eclipse.jetty.util.Loader', 'org.eclipse.jetty.ee10.webapp.WebAppContext' (OnClassCondition)

   EmbeddedWebServerFactoryCustomizerAutoConfiguration.NettyWebServerFactoryCustomizerConfiguration:
      Did not match:
         - @ConditionalOnClass did not find required class 'reactor.netty.http.server.HttpServer' (OnClassCondition)

   EmbeddedWebServerFactoryCustomizerAutoConfiguration.TomcatWebServerFactoryCustomizerConfiguration#tomcatVirtualThreadsProtocolHandlerCustomizer:
      Did not match:
         - @ConditionalOnThreading did not find VIRTUAL (OnThreadingCondition)

   EmbeddedWebServerFactoryCustomizerAutoConfiguration.UndertowWebServerFactoryCustomizerConfiguration:
      Did not match:
         - @ConditionalOnClass did not find required classes 'io.undertow.Undertow', 'org.xnio.SslClientAuthMode' (OnClassCondition)

   ErrorWebFluxAutoConfiguration:
      Did not match:
         - @ConditionalOnClass did not find required class 'org.springframework.web.reactive.config.WebFluxConfigurer' (OnClassCondition)

   FlywayAutoConfiguration:
      Did not match:
         - @ConditionalOnClass did not find required class 'org.flywaydb.core.Flyway' (OnClassCondition)

   FlywayEndpointAutoConfiguration:
      Did not match:
         - @ConditionalOnClass did not find required class 'org.flywaydb.core.Flyway' (OnClassCondition)

   FreeMarkerAutoConfiguration:
      Did not match:
         - @ConditionalOnClass did not find required class 'freemarker.template.Configuration' (OnClassCondition)

   GangliaMetricsExportAutoConfiguration:
      Did not match:
         - @ConditionalOnClass did not find required class 'io.micrometer.ganglia.GangliaMeterRegistry' (OnClassCondition)

   GraphQlAutoConfiguration:
      Did not match:
         - @ConditionalOnClass did not find required class 'graphql.GraphQL' (OnClassCondition)

   GraphQlObservationAutoConfiguration:
      Did not match:
         - @ConditionalOnClass did not find required class 'graphql.GraphQL' (OnClassCondition)

   GraphQlQueryByExampleAutoConfiguration:
      Did not match:
         - @ConditionalOnClass did not find required class 'graphql.GraphQL' (OnClassCondition)

   GraphQlQuerydslAutoConfiguration:
      Did not match:
         - @ConditionalOnClass did not find required class 'com.querydsl.core.Query' (OnClassCondition)

   GraphQlRSocketAutoConfiguration:
      Did not match:
         - @ConditionalOnClass did not find required class 'graphql.GraphQL' (OnClassCondition)

   GraphQlReactiveQueryByExampleAutoConfiguration:
      Did not match:
         - @ConditionalOnClass did not find required class 'graphql.GraphQL' (OnClassCondition)

   GraphQlReactiveQuerydslAutoConfiguration:
      Did not match:
         - @ConditionalOnClass did not find required class 'com.querydsl.core.Query' (OnClassCondition)

   GraphQlWebFluxAutoConfiguration:
      Did not match:
         - @ConditionalOnClass did not find required class 'graphql.GraphQL' (OnClassCondition)

   GraphQlWebFluxSecurityAutoConfiguration:
      Did not match:
         - @ConditionalOnClass did not find required class 'graphql.GraphQL' (OnClassCondition)

   GraphQlWebMvcAutoConfiguration:
      Did not match:
         - @ConditionalOnClass did not find required class 'graphql.GraphQL' (OnClassCondition)

   GraphQlWebMvcSecurityAutoConfiguration:
      Did not match:
         - @ConditionalOnClass did not find required class 'graphql.GraphQL' (OnClassCondition)

   GraphiteMetricsExportAutoConfiguration:
      Did not match:
         - @ConditionalOnClass did not find required class 'io.micrometer.graphite.GraphiteMeterRegistry' (OnClassCondition)

   GroovyTemplateAutoConfiguration:
      Did not match:
         - @ConditionalOnClass did not find required class 'groovy.text.markup.MarkupTemplateEngine' (OnClassCondition)

   GsonAutoConfiguration:
      Did not match:
         - @ConditionalOnClass did not find required class 'com.google.gson.Gson' (OnClassCondition)

   GsonHttpMessageConvertersConfiguration:
      Did not match:
         - @ConditionalOnClass did not find required class 'com.google.gson.Gson' (OnClassCondition)

   H2ConsoleAutoConfiguration:
      Did not match:
         - @ConditionalOnClass did not find required class 'org.h2.server.web.JakartaWebServlet' (OnClassCondition)

   HazelcastAutoConfiguration:
      Did not match:
         - @ConditionalOnClass did not find required class 'com.hazelcast.core.HazelcastInstance' (OnClassCondition)

   HazelcastCacheConfiguration:
      Did not match:
         - @ConditionalOnClass did not find required class 'com.hazelcast.core.HazelcastInstance' (OnClassCondition)

   HazelcastHealthContributorAutoConfiguration:
      Did not match:
         - @ConditionalOnClass did not find required class 'com.hazelcast.core.HazelcastInstance' (OnClassCondition)

   HazelcastJpaDependencyAutoConfiguration:
      Did not match:
         - @ConditionalOnClass did not find required class 'com.hazelcast.core.HazelcastInstance' (OnClassCondition)

   HealthEndpointReactiveWebExtensionConfiguration:
      Did not match:
         - did not find reactive web application classes (OnWebApplicationCondition)

   HealthEndpointWebExtensionConfiguration.JerseyAdditionalHealthEndpointPathsConfiguration:
      Did not match:
         - @ConditionalOnClass did not find required class 'org.glassfish.jersey.server.ResourceConfig' (OnClassCondition)

   HibernateMetricsAutoConfiguration:
      Did not match:
         - @ConditionalOnClass did not find required class 'org.hibernate.stat.HibernateMetrics' (OnClassCondition)

   HttpExchangesAutoConfiguration:
      Did not match:
         - @ConditionalOnBean (types: org.springframework.boot.actuate.web.exchanges.HttpExchangeRepository; SearchStrategy: all) did not find any beans of type org.springframework.boot.actuate.web.exchanges.HttpExchangeRepository (OnBeanCondition)
      Matched:
         - @ConditionalOnWebApplication (required) found 'session' scope (OnWebApplicationCondition)
         - @ConditionalOnProperty (management.httpexchanges.recording.enabled) matched (OnPropertyCondition)

   HttpExchangesAutoConfiguration.ReactiveHttpExchangesConfiguration:
      Did not match:
         - did not find reactive web application classes (OnWebApplicationCondition)
         - Ancestor org.springframework.boot.actuate.autoconfigure.web.exchanges.HttpExchangesAutoConfiguration did not match (ConditionEvaluationReport.AncestorsMatchedCondition)

   HttpExchangesAutoConfiguration.ServletHttpExchangesConfiguration:
      Did not match:
         - Ancestor org.springframework.boot.actuate.autoconfigure.web.exchanges.HttpExchangesAutoConfiguration did not match (ConditionEvaluationReport.AncestorsMatchedCondition)
      Matched:
         - found 'session' scope (OnWebApplicationCondition)

   HttpExchangesEndpointAutoConfiguration#httpExchangesEndpoint:
      Did not match:
         - @ConditionalOnBean (types: org.springframework.boot.actuate.web.exchanges.HttpExchangeRepository; SearchStrategy: all) did not find any beans of type org.springframework.boot.actuate.web.exchanges.HttpExchangeRepository (OnBeanCondition)

   HttpHandlerAutoConfiguration:
      Did not match:
         - @ConditionalOnClass did not find required class 'org.springframework.web.reactive.DispatcherHandler' (OnClassCondition)

   HumioMetricsExportAutoConfiguration:
      Did not match:
         - @ConditionalOnClass did not find required class 'io.micrometer.humio.HumioMeterRegistry' (OnClassCondition)

   HypermediaAutoConfiguration:
      Did not match:
         - @ConditionalOnClass did not find required class 'org.springframework.hateoas.EntityModel' (OnClassCondition)

   InfinispanCacheConfiguration:
      Did not match:
         - @ConditionalOnClass did not find required class 'org.infinispan.spring.embedded.provider.SpringEmbeddedCacheManager' (OnClassCondition)

   InfluxDbAutoConfiguration:
      Did not match:
         - @ConditionalOnClass did not find required class 'org.influxdb.InfluxDB' (OnClassCondition)

   InfluxDbHealthContributorAutoConfiguration:
      Did not match:
         - @ConditionalOnClass did not find required class 'org.influxdb.InfluxDB' (OnClassCondition)

   InfluxMetricsExportAutoConfiguration:
      Did not match:
         - @ConditionalOnClass did not find required class 'io.micrometer.influx.InfluxMeterRegistry' (OnClassCondition)

   InfoContributorAutoConfiguration#buildInfoContributor:
      Did not match:
         - @ConditionalOnSingleCandidate (types: org.springframework.boot.info.BuildProperties; SearchStrategy: all) did not find any beans (OnBeanCondition)
      Matched:
         - @ConditionalOnEnabledInfoContributor management.info.defaults.enabled is considered true (OnEnabledInfoContributorCondition)

   InfoContributorAutoConfiguration#envInfoContributor:
      Did not match:
         - @ConditionalOnEnabledInfoContributor management.info.env.enabled is not true (OnEnabledInfoContributorCondition)

   InfoContributorAutoConfiguration#gitInfoContributor:
      Did not match:
         - @ConditionalOnSingleCandidate (types: org.springframework.boot.info.GitProperties; SearchStrategy: all) did not find any beans (OnBeanCondition)
      Matched:
         - @ConditionalOnEnabledInfoContributor management.info.defaults.enabled is considered true (OnEnabledInfoContributorCondition)

   InfoContributorAutoConfiguration#javaInfoContributor:
      Did not match:
         - @ConditionalOnEnabledInfoContributor management.info.java.enabled is not true (OnEnabledInfoContributorCondition)

   InfoContributorAutoConfiguration#osInfoContributor:
      Did not match:
         - @ConditionalOnEnabledInfoContributor management.info.os.enabled is not true (OnEnabledInfoContributorCondition)

   InfoContributorAutoConfiguration#processInfoContributor:
      Did not match:
         - @ConditionalOnEnabledInfoContributor management.info.process.enabled is not true (OnEnabledInfoContributorCondition)

   IntegrationAutoConfiguration:
      Did not match:
         - @ConditionalOnClass did not find required class 'org.springframework.integration.config.EnableIntegration' (OnClassCondition)

   IntegrationGraphEndpointAutoConfiguration:
      Did not match:
         - @ConditionalOnClass did not find required class 'org.springframework.integration.graph.IntegrationGraphServer' (OnClassCondition)

   JCacheCacheConfiguration:
      Did not match:
         - @ConditionalOnClass did not find required class 'javax.cache.Caching' (OnClassCondition)

   JacksonAutoConfiguration.JacksonObjectMapperConfiguration#jacksonObjectMapper:
      Did not match:
         - @ConditionalOnMissingBean (types: com.fasterxml.jackson.databind.ObjectMapper; SearchStrategy: all) found beans of type 'com.fasterxml.jackson.databind.ObjectMapper' objectMapper (OnBeanCondition)

   JacksonHttpMessageConvertersConfiguration.MappingJackson2XmlHttpMessageConverterConfiguration:
      Did not match:
         - @ConditionalOnClass did not find required class 'com.fasterxml.jackson.dataformat.xml.XmlMapper' (OnClassCondition)

   JdbcRepositoriesAutoConfiguration:
      Did not match:
         - @ConditionalOnClass did not find required class 'org.springframework.data.jdbc.repository.config.AbstractJdbcConfiguration' (OnClassCondition)

   JerseyAutoConfiguration:
      Did not match:
         - @ConditionalOnClass did not find required class 'org.glassfish.jersey.server.spring.SpringComponentProvider' (OnClassCondition)

   JerseySameManagementContextConfiguration:
      Did not match:
         - @ConditionalOnClass did not find required class 'org.glassfish.jersey.server.ResourceConfig' (OnClassCondition)

   JerseyServerMetricsAutoConfiguration:
      Did not match:
         - @ConditionalOnClass did not find required class 'org.glassfish.jersey.micrometer.server.ObservationApplicationEventListener' (OnClassCondition)

   JerseyWebEndpointManagementContextConfiguration:
      Did not match:
         - @ConditionalOnClass did not find required class 'org.glassfish.jersey.server.ResourceConfig' (OnClassCondition)

   JettyMetricsAutoConfiguration:
      Did not match:
         - @ConditionalOnClass did not find required class 'org.eclipse.jetty.server.Server' (OnClassCondition)

   JmsAutoConfiguration:
      Did not match:
         - @ConditionalOnClass did not find required class 'jakarta.jms.Message' (OnClassCondition)

   JmsHealthContributorAutoConfiguration:
      Did not match:
         - @ConditionalOnClass did not find required class 'jakarta.jms.ConnectionFactory' (OnClassCondition)

   JmxAutoConfiguration:
      Did not match:
         - @ConditionalOnProperty (spring.jmx.enabled=true) did not find property 'enabled' (OnPropertyCondition)
      Matched:
         - @ConditionalOnClass found required class 'org.springframework.jmx.export.MBeanExporter' (OnClassCondition)

   JmxEndpointAutoConfiguration:
      Did not match:
         - @ConditionalOnProperty (spring.jmx.enabled=true) did not find property 'enabled' (OnPropertyCondition)

   JmxMetricsExportAutoConfiguration:
      Did not match:
         - @ConditionalOnClass did not find required class 'io.micrometer.jmx.JmxMeterRegistry' (OnClassCondition)

   JndiConnectionFactoryAutoConfiguration:
      Did not match:
         - @ConditionalOnClass did not find required class 'org.springframework.jms.core.JmsTemplate' (OnClassCondition)

   JndiDataSourceAutoConfiguration:
      Did not match:
         - @ConditionalOnProperty (spring.datasource.jndi-name) did not find property 'jndi-name' (OnPropertyCondition)
      Matched:
         - @ConditionalOnClass found required classes 'javax.sql.DataSource', 'org.springframework.jdbc.datasource.embedded.EmbeddedDatabaseType' (OnClassCondition)

   JndiJtaConfiguration:
      Did not match:
         - @ConditionalOnJndi JNDI environment is not available (OnJndiCondition)
      Matched:
         - @ConditionalOnClass found required class 'org.springframework.transaction.jta.JtaTransactionManager' (OnClassCondition)

   JooqAutoConfiguration:
      Did not match:
         - @ConditionalOnClass did not find required class 'org.jooq.DSLContext' (OnClassCondition)

   JpaRepositoriesAutoConfiguration#entityManagerFactoryBootstrapExecutorCustomizer:
      Did not match:
         - AnyNestedCondition 0 matched 2 did not; NestedCondition on JpaRepositoriesAutoConfiguration.BootstrapExecutorCondition.LazyBootstrapMode @ConditionalOnProperty (spring.data.jpa.repositories.bootstrap-mode=lazy) did not find property 'bootstrap-mode'; NestedCondition on JpaRepositoriesAutoConfiguration.BootstrapExecutorCondition.DeferredBootstrapMode @ConditionalOnProperty (spring.data.jpa.repositories.bootstrap-mode=deferred) did not find property 'bootstrap-mode' (JpaRepositoriesAutoConfiguration.BootstrapExecutorCondition)

   JsonbAutoConfiguration:
      Did not match:
         - @ConditionalOnClass did not find required class 'jakarta.json.bind.Jsonb' (OnClassCondition)

   JsonbHttpMessageConvertersConfiguration:
      Did not match:
         - @ConditionalOnClass did not find required class 'jakarta.json.bind.Jsonb' (OnClassCondition)

   KafkaAnnotationDrivenConfiguration#kafkaListenerContainerFactoryConfigurerVirtualThreads:
      Did not match:
         - @ConditionalOnMissingBean (types: org.springframework.boot.autoconfigure.kafka.ConcurrentKafkaListenerContainerFactoryConfigurer; SearchStrategy: all) found beans of type 'org.springframework.boot.autoconfigure.kafka.ConcurrentKafkaListenerContainerFactoryConfigurer' kafkaListenerContainerFactoryConfigurer (OnBeanCondition)

   KafkaAutoConfiguration#kafkaJaasInitializer:
      Did not match:
         - @ConditionalOnProperty (spring.kafka.jaas.enabled) did not find property 'spring.kafka.jaas.enabled' (OnPropertyCondition)

   KafkaAutoConfiguration#kafkaRetryTopicConfiguration:
      Did not match:
         - @ConditionalOnProperty (spring.kafka.retry.topic.enabled) did not find property 'spring.kafka.retry.topic.enabled' (OnPropertyCondition)

   KafkaAutoConfiguration#kafkaTransactionManager:
      Did not match:
         - @ConditionalOnProperty (spring.kafka.producer.transaction-id-prefix) did not find property 'spring.kafka.producer.transaction-id-prefix' (OnPropertyCondition)

   KafkaConfig:
      Did not match:
         - @ConditionalOnProperty (kafka.enabled=true) found different value in property 'kafka.enabled' (OnPropertyCondition)

   KafkaConsumerService:
      Did not match:
         - @ConditionalOnProperty (kafka.enabled=true) found different value in property 'kafka.enabled' (OnPropertyCondition)

   KafkaStreamsAnnotationDrivenConfiguration:
      Did not match:
         - @ConditionalOnClass did not find required class 'org.apache.kafka.streams.StreamsBuilder' (OnClassCondition)

   KairosMetricsExportAutoConfiguration:
      Did not match:
         - @ConditionalOnClass did not find required class 'io.micrometer.kairos.KairosMeterRegistry' (OnClassCondition)

   LdapAutoConfiguration:
      Did not match:
         - @ConditionalOnClass did not find required class 'org.springframework.ldap.core.ContextSource' (OnClassCondition)

   LdapHealthContributorAutoConfiguration:
      Did not match:
         - @ConditionalOnClass did not find required class 'org.springframework.ldap.core.LdapOperations' (OnClassCondition)

   LdapRepositoriesAutoConfiguration:
      Did not match:
         - @ConditionalOnClass did not find required class 'org.springframework.data.ldap.repository.LdapRepository' (OnClassCondition)

   LettuceMetricsAutoConfiguration:
      Did not match:
         - @ConditionalOnClass did not find required class 'io.lettuce.core.metrics.MicrometerCommandLatencyRecorder' (OnClassCondition)

   LiquibaseAutoConfiguration:
      Did not match:
         - @ConditionalOnClass did not find required class 'liquibase.change.DatabaseChange' (OnClassCondition)

   LiquibaseEndpointAutoConfiguration:
      Did not match:
         - @ConditionalOnClass did not find required class 'liquibase.integration.spring.SpringLiquibase' (OnClassCondition)

   Log4J2MetricsAutoConfiguration:
      Did not match:
         - @ConditionalOnClass did not find required class 'org.apache.logging.log4j.core.LoggerContext' (OnClassCondition)

   LogFileWebEndpointAutoConfiguration#logFileWebEndpoint:
      Did not match:
         - Log File did not find logging file (LogFileWebEndpointAutoConfiguration.LogFileCondition)

   MailHealthContributorAutoConfiguration:
      Did not match:
         - @ConditionalOnClass did not find required class 'org.springframework.mail.javamail.JavaMailSenderImpl' (OnClassCondition)

   MailSenderAutoConfiguration:
      Did not match:
         - @ConditionalOnClass did not find required class 'jakarta.mail.internet.MimeMessage' (OnClassCondition)

   MailSenderValidatorAutoConfiguration:
      Did not match:
         - @ConditionalOnSingleCandidate did not find required type 'org.springframework.mail.javamail.JavaMailSenderImpl' (OnBeanCondition)

   ManagementContextAutoConfiguration.DifferentManagementContextConfiguration:
      Did not match:
         - Management Port actual port type (SAME) did not match required type (DIFFERENT) (OnManagementPortCondition)

   ManagementWebSecurityAutoConfiguration:
      Did not match:
         - AllNestedConditions 1 matched 1 did not; NestedCondition on DefaultWebSecurityCondition.Beans @ConditionalOnMissingBean (types: org.springframework.security.web.SecurityFilterChain; SearchStrategy: all) did not find any beans; NestedCondition on DefaultWebSecurityCondition.Classes @ConditionalOnClass did not find required classes 'org.springframework.security.web.SecurityFilterChain', 'org.springframework.security.config.annotation.web.builders.HttpSecurity' (DefaultWebSecurityCondition)
      Matched:
         - found 'session' scope (OnWebApplicationCondition)

   MappingsEndpointAutoConfiguration.ReactiveWebConfiguration:
      Did not match:
         - @ConditionalOnClass did not find required class 'org.springframework.web.reactive.DispatcherHandler' (OnClassCondition)

   MessageSourceAutoConfiguration:
      Did not match:
         - ResourceBundle did not find bundle with basename messages (MessageSourceAutoConfiguration.ResourceBundleCondition)

   MetricsAspectsAutoConfiguration:
      Did not match:
         - AnyNestedCondition 0 matched 2 did not; NestedCondition on MetricsAspectsAutoConfiguration.ObservationAnnotationsEnabledCondition.ManagementObservationsEnabledCondition @ConditionalOnProperty (management.observations.annotations.enabled=true) did not find property 'enabled'; NestedCondition on MetricsAspectsAutoConfiguration.ObservationAnnotationsEnabledCondition.MicrometerObservationsEnabledCondition @ConditionalOnProperty (micrometer.observations.annotations.enabled=true) did not find property 'enabled' (MetricsAspectsAutoConfiguration.ObservationAnnotationsEnabledCondition)
      Matched:
         - @ConditionalOnClass found required classes 'io.micrometer.core.instrument.MeterRegistry', 'org.aspectj.weaver.Advice' (OnClassCondition)

   MicrometerTracingAutoConfiguration:
      Did not match:
         - @ConditionalOnClass did not find required class 'io.micrometer.tracing.Tracer' (OnClassCondition)

   MongoAutoConfiguration:
      Did not match:
         - @ConditionalOnClass did not find required class 'com.mongodb.client.MongoClient' (OnClassCondition)

   MongoDataAutoConfiguration:
      Did not match:
         - @ConditionalOnClass did not find required class 'com.mongodb.client.MongoClient' (OnClassCondition)

   MongoHealthContributorAutoConfiguration:
      Did not match:
         - @ConditionalOnClass did not find required class 'org.springframework.data.mongodb.core.MongoTemplate' (OnClassCondition)

   MongoMetricsAutoConfiguration:
      Did not match:
         - @ConditionalOnClass did not find required class 'com.mongodb.MongoClientSettings' (OnClassCondition)

   MongoReactiveAutoConfiguration:
      Did not match:
         - @ConditionalOnClass did not find required class 'com.mongodb.reactivestreams.client.MongoClient' (OnClassCondition)

   MongoReactiveDataAutoConfiguration:
      Did not match:
         - @ConditionalOnClass did not find required class 'com.mongodb.reactivestreams.client.MongoClient' (OnClassCondition)

   MongoReactiveHealthContributorAutoConfiguration:
      Did not match:
         - @ConditionalOnClass did not find required class 'reactor.core.publisher.Flux' (OnClassCondition)

   MongoReactiveRepositoriesAutoConfiguration:
      Did not match:
         - @ConditionalOnClass did not find required class 'com.mongodb.reactivestreams.client.MongoClient' (OnClassCondition)

   MongoRepositoriesAutoConfiguration:
      Did not match:
         - @ConditionalOnClass did not find required class 'com.mongodb.client.MongoClient' (OnClassCondition)

   MustacheAutoConfiguration:
      Did not match:
         - @ConditionalOnClass did not find required class 'com.samskivert.mustache.Mustache' (OnClassCondition)

   Neo4jAutoConfiguration:
      Did not match:
         - @ConditionalOnClass did not find required class 'org.neo4j.driver.Driver' (OnClassCondition)

   Neo4jDataAutoConfiguration:
      Did not match:
         - @ConditionalOnClass did not find required class 'org.neo4j.driver.Driver' (OnClassCondition)

   Neo4jHealthContributorAutoConfiguration:
      Did not match:
         - @ConditionalOnClass did not find required class 'org.neo4j.driver.Driver' (OnClassCondition)

   Neo4jReactiveDataAutoConfiguration:
      Did not match:
         - @ConditionalOnClass did not find required class 'org.neo4j.driver.Driver' (OnClassCondition)

   Neo4jReactiveRepositoriesAutoConfiguration:
      Did not match:
         - @ConditionalOnClass did not find required class 'org.neo4j.driver.Driver' (OnClassCondition)

   Neo4jRepositoriesAutoConfiguration:
      Did not match:
         - @ConditionalOnClass did not find required class 'org.neo4j.driver.Driver' (OnClassCondition)

   NettyAutoConfiguration:
      Did not match:
         - @ConditionalOnClass did not find required class 'io.netty.util.NettyRuntime' (OnClassCondition)

   NewRelicMetricsExportAutoConfiguration:
      Did not match:
         - @ConditionalOnClass did not find required class 'io.micrometer.newrelic.NewRelicMeterRegistry' (OnClassCondition)

   NoOpMeterRegistryConfiguration:
      Did not match:
         - @ConditionalOnMissingBean (types: io.micrometer.core.instrument.MeterRegistry; SearchStrategy: all) found beans of type 'io.micrometer.core.instrument.MeterRegistry' simpleMeterRegistry (OnBeanCondition)

   NoopTracerAutoConfiguration:
      Did not match:
         - @ConditionalOnClass did not find required class 'io.micrometer.tracing.Tracer' (OnClassCondition)

   OAuth2AuthorizationServerAutoConfiguration:
      Did not match:
         - @ConditionalOnClass did not find required class 'org.springframework.security.oauth2.server.authorization.OAuth2Authorization' (OnClassCondition)

   OAuth2AuthorizationServerJwtAutoConfiguration:
      Did not match:
         - @ConditionalOnClass did not find required class 'org.springframework.security.oauth2.server.authorization.OAuth2Authorization' (OnClassCondition)

   OAuth2ClientAutoConfiguration:
      Did not match:
         - @ConditionalOnClass did not find required class 'org.springframework.security.config.annotation.web.configuration.EnableWebSecurity' (OnClassCondition)

   OAuth2ResourceServerAutoConfiguration:
      Did not match:
         - @ConditionalOnClass did not find required class 'org.springframework.security.oauth2.server.resource.authentication.BearerTokenAuthenticationToken' (OnClassCondition)

   ObservationAutoConfiguration.MeterObservationHandlerConfiguration.TracingAndMetricsObservationHandlerConfiguration:
      Did not match:
         - @ConditionalOnBean did not find required type 'io.micrometer.tracing.Tracer' (OnBeanCondition)
         - @ConditionalOnBean (types: io.micrometer.tracing.Tracer; SearchStrategy: all) did not find any beans of type io.micrometer.tracing.Tracer (OnBeanCondition)

   ObservationAutoConfiguration.MetricsWithTracingConfiguration:
      Did not match:
         - @ConditionalOnClass did not find required class 'io.micrometer.tracing.Tracer' (OnClassCondition)

   ObservationAutoConfiguration.OnlyTracingConfiguration:
      Did not match:
         - @ConditionalOnClass did not find required class 'io.micrometer.tracing.Tracer' (OnClassCondition)

   org.springframework.boot.actuate.autoconfigure.opentelemetry.OpenTelemetryAutoConfiguration:
      Did not match:
         - @ConditionalOnClass did not find required class 'io.opentelemetry.sdk.OpenTelemetrySdk' (OnClassCondition)

   org.springframework.boot.actuate.autoconfigure.tracing.OpenTelemetryAutoConfiguration:
      Did not match:
         - @ConditionalOnClass did not find required class 'io.micrometer.tracing.otel.bridge.OtelTracer' (OnClassCondition)

   OtlpAutoConfiguration:
      Did not match:
         - @ConditionalOnClass did not find required class 'io.micrometer.tracing.otel.bridge.OtelTracer' (OnClassCondition)

   OtlpMetricsExportAutoConfiguration:
      Did not match:
         - @ConditionalOnClass did not find required class 'io.micrometer.registry.otlp.OtlpMeterRegistry' (OnClassCondition)

   ProjectInfoAutoConfiguration#buildProperties:
      Did not match:
         - @ConditionalOnResource did not find resource '${spring.info.build.location:classpath:META-INF/build-info.properties}' (OnResourceCondition)

   ProjectInfoAutoConfiguration#gitProperties:
      Did not match:
         - GitResource did not find git info at classpath:git.properties (ProjectInfoAutoConfiguration.GitResourceAvailableCondition)

   PrometheusExemplarsAutoConfiguration:
      Did not match:
         - @ConditionalOnClass did not find required class 'io.micrometer.tracing.Tracer' (OnClassCondition)

   PrometheusMetricsExportAutoConfiguration:
      Did not match:
         - @ConditionalOnClass did not find required class 'io.micrometer.prometheusmetrics.PrometheusMeterRegistry' (OnClassCondition)

   PrometheusSimpleclientExemplarsAutoConfiguration:
      Did not match:
         - @ConditionalOnClass did not find required class 'io.micrometer.tracing.Tracer' (OnClassCondition)

   PrometheusSimpleclientMetricsExportAutoConfiguration:
      Did not match:
         - @ConditionalOnClass did not find required class 'io.micrometer.prometheus.PrometheusMeterRegistry' (OnClassCondition)

   PulsarAutoConfiguration:
      Did not match:
         - @ConditionalOnClass did not find required class 'org.apache.pulsar.client.api.PulsarClient' (OnClassCondition)

   PulsarReactiveAutoConfiguration:
      Did not match:
         - @ConditionalOnClass did not find required class 'org.apache.pulsar.client.api.PulsarClient' (OnClassCondition)

   QuartzAutoConfiguration:
      Did not match:
         - @ConditionalOnClass did not find required class 'org.quartz.Scheduler' (OnClassCondition)

   QuartzEndpointAutoConfiguration:
      Did not match:
         - @ConditionalOnClass did not find required class 'org.quartz.Scheduler' (OnClassCondition)

   R2dbcAutoConfiguration:
      Did not match:
         - @ConditionalOnClass did not find required class 'io.r2dbc.spi.ConnectionFactory' (OnClassCondition)

   R2dbcDataAutoConfiguration:
      Did not match:
         - @ConditionalOnClass did not find required class 'org.springframework.data.r2dbc.core.R2dbcEntityTemplate' (OnClassCondition)

   R2dbcInitializationConfiguration:
      Did not match:
         - @ConditionalOnClass did not find required classes 'io.r2dbc.spi.ConnectionFactory', 'org.springframework.r2dbc.connection.init.DatabasePopulator' (OnClassCondition)

   R2dbcObservationAutoConfiguration:
      Did not match:
         - @ConditionalOnClass did not find required class 'io.r2dbc.proxy.ProxyConnectionFactory' (OnClassCondition)

   R2dbcRepositoriesAutoConfiguration:
      Did not match:
         - @ConditionalOnClass did not find required class 'io.r2dbc.spi.ConnectionFactory' (OnClassCondition)

   R2dbcTransactionManagerAutoConfiguration:
      Did not match:
         - @ConditionalOnClass did not find required class 'org.springframework.r2dbc.connection.R2dbcTransactionManager' (OnClassCondition)

   RSocketGraphQlClientAutoConfiguration:
      Did not match:
         - @ConditionalOnClass did not find required class 'graphql.GraphQL' (OnClassCondition)

   RSocketMessagingAutoConfiguration:
      Did not match:
         - @ConditionalOnClass did not find required class 'io.rsocket.RSocket' (OnClassCondition)

   RSocketRequesterAutoConfiguration:
      Did not match:
         - @ConditionalOnClass did not find required class 'io.rsocket.RSocket' (OnClassCondition)

   RSocketSecurityAutoConfiguration:
      Did not match:
         - @ConditionalOnClass did not find required class 'org.springframework.security.rsocket.core.SecuritySocketAcceptorInterceptor' (OnClassCondition)

   RSocketServerAutoConfiguration:
      Did not match:
         - @ConditionalOnClass did not find required class 'io.rsocket.core.RSocketServer' (OnClassCondition)

   RSocketStrategiesAutoConfiguration:
      Did not match:
         - @ConditionalOnClass did not find required class 'io.netty.buffer.PooledByteBufAllocator' (OnClassCondition)

   RabbitAutoConfiguration:
      Did not match:
         - @ConditionalOnClass did not find required class 'com.rabbitmq.client.Channel' (OnClassCondition)

   RabbitHealthContributorAutoConfiguration:
      Did not match:
         - @ConditionalOnClass did not find required class 'org.springframework.amqp.rabbit.core.RabbitTemplate' (OnClassCondition)

   RabbitMetricsAutoConfiguration:
      Did not match:
         - @ConditionalOnClass did not find required class 'com.rabbitmq.client.ConnectionFactory' (OnClassCondition)

   ReactiveCloudFoundryActuatorAutoConfiguration:
      Did not match:
         - @ConditionalOnWebApplication did not find reactive web application classes (OnWebApplicationCondition)

   ReactiveElasticsearchClientAutoConfiguration:
      Did not match:
         - @ConditionalOnClass did not find required class 'co.elastic.clients.transport.ElasticsearchTransport' (OnClassCondition)

   ReactiveElasticsearchRepositoriesAutoConfiguration:
      Did not match:
         - @ConditionalOnClass did not find required class 'reactor.core.publisher.Mono' (OnClassCondition)

   ReactiveHealthEndpointConfiguration:
      Did not match:
         - @ConditionalOnClass did not find required class 'reactor.core.publisher.Flux' (OnClassCondition)

   ReactiveManagementContextAutoConfiguration:
      Did not match:
         - @ConditionalOnClass did not find required class 'reactor.core.publisher.Flux' (OnClassCondition)

   ReactiveManagementWebSecurityAutoConfiguration:
      Did not match:
         - @ConditionalOnClass did not find required class 'org.springframework.security.config.annotation.web.reactive.EnableWebFluxSecurity' (OnClassCondition)

   ReactiveMultipartAutoConfiguration:
      Did not match:
         - @ConditionalOnClass did not find required class 'org.springframework.web.reactive.config.WebFluxConfigurer' (OnClassCondition)

   ReactiveOAuth2ClientAutoConfiguration:
      Did not match:
         - @ConditionalOnClass did not find required class 'reactor.core.publisher.Flux' (OnClassCondition)

   ReactiveOAuth2ResourceServerAutoConfiguration:
      Did not match:
         - @ConditionalOnClass did not find required class 'org.springframework.security.config.annotation.web.reactive.EnableWebFluxSecurity' (OnClassCondition)

   ReactiveSecurityAutoConfiguration:
      Did not match:
         - @ConditionalOnClass did not find required class 'reactor.core.publisher.Flux' (OnClassCondition)

   ReactiveUserDetailsServiceAutoConfiguration:
      Did not match:
         - @ConditionalOnClass did not find required class 'org.springframework.security.authentication.ReactiveAuthenticationManager' (OnClassCondition)

   ReactiveWebServerFactoryAutoConfiguration:
      Did not match:
         - @ConditionalOnWebApplication did not find reactive web application classes (OnWebApplicationCondition)

   ReactorAutoConfiguration:
      Did not match:
         - @ConditionalOnClass did not find required class 'reactor.core.publisher.Hooks' (OnClassCondition)

   RedisAutoConfiguration:
      Did not match:
         - @ConditionalOnClass did not find required class 'org.springframework.data.redis.core.RedisOperations' (OnClassCondition)

   RedisCacheConfiguration:
      Did not match:
         - @ConditionalOnClass did not find required class 'org.springframework.data.redis.connection.RedisConnectionFactory' (OnClassCondition)

   RedisHealthContributorAutoConfiguration:
      Did not match:
         - @ConditionalOnClass did not find required class 'org.springframework.data.redis.connection.RedisConnectionFactory' (OnClassCondition)

   RedisReactiveAutoConfiguration:
      Did not match:
         - @ConditionalOnClass did not find required class 'reactor.core.publisher.Flux' (OnClassCondition)

   RedisReactiveHealthContributorAutoConfiguration:
      Did not match:
         - @ConditionalOnClass did not find required class 'reactor.core.publisher.Flux' (OnClassCondition)

   RedisRepositoriesAutoConfiguration:
      Did not match:
         - @ConditionalOnClass did not find required class 'org.springframework.data.redis.repository.configuration.EnableRedisRepositories' (OnClassCondition)

   RepositoryRestMvcAutoConfiguration:
      Did not match:
         - @ConditionalOnClass did not find required class 'org.springframework.data.rest.webmvc.config.RepositoryRestMvcConfiguration' (OnClassCondition)

   Saml2RelyingPartyAutoConfiguration:
      Did not match:
         - @ConditionalOnClass did not find required class 'org.springframework.security.saml2.provider.service.registration.RelyingPartyRegistrationRepository' (OnClassCondition)

   SecurityAutoConfiguration:
      Did not match:
         - @ConditionalOnClass did not find required class 'org.springframework.security.authentication.DefaultAuthenticationEventPublisher' (OnClassCondition)

   SecurityFilterAutoConfiguration:
      Did not match:
         - @ConditionalOnClass did not find required class 'org.springframework.security.config.http.SessionCreationPolicy' (OnClassCondition)

   SecurityRequestMatchersManagementContextConfiguration:
      Did not match:
         - @ConditionalOnClass did not find required class 'org.springframework.security.web.util.matcher.RequestMatcher' (OnClassCondition)

   SendGridAutoConfiguration:
      Did not match:
         - @ConditionalOnClass did not find required class 'com.sendgrid.SendGrid' (OnClassCondition)

   ServletEndpointManagementContextConfiguration.JerseyServletEndpointManagementContextConfiguration:
      Did not match:
         - @ConditionalOnClass did not find required class 'org.glassfish.jersey.server.ResourceConfig' (OnClassCondition)

   ServletManagementContextAutoConfiguration.ApplicationContextFilterConfiguration:
      Did not match:
         - @ConditionalOnProperty (management.server.add-application-context-header=true) did not find property 'add-application-context-header' (OnPropertyCondition)

   ServletWebServerFactoryAutoConfiguration.ForwardedHeaderFilterConfiguration:
      Did not match:
         - @ConditionalOnProperty (server.forward-headers-strategy=framework) did not find property 'server.forward-headers-strategy' (OnPropertyCondition)

   ServletWebServerFactoryConfiguration.EmbeddedJetty:
      Did not match:
         - @ConditionalOnClass did not find required classes 'org.eclipse.jetty.server.Server', 'org.eclipse.jetty.util.Loader', 'org.eclipse.jetty.ee10.webapp.WebAppContext' (OnClassCondition)

   ServletWebServerFactoryConfiguration.EmbeddedUndertow:
      Did not match:
         - @ConditionalOnClass did not find required classes 'io.undertow.Undertow', 'org.xnio.SslClientAuthMode' (OnClassCondition)

   SessionAutoConfiguration:
      Did not match:
         - @ConditionalOnClass did not find required class 'org.springframework.session.Session' (OnClassCondition)

   SessionsEndpointAutoConfiguration:
      Did not match:
         - @ConditionalOnClass did not find required class 'org.springframework.session.Session' (OnClassCondition)

   ShutdownEndpointAutoConfiguration:
      Did not match:
         - @ConditionalOnAvailableEndpoint no property management.endpoint.shutdown.enabled found so using endpoint default of false (OnAvailableEndpointCondition)

   SignalFxMetricsExportAutoConfiguration:
      Did not match:
         - @ConditionalOnClass did not find required class 'io.micrometer.signalfx.SignalFxMeterRegistry' (OnClassCondition)

   SpringApplicationAdminJmxAutoConfiguration:
      Did not match:
         - @ConditionalOnProperty (spring.application.admin.enabled=true) did not find property 'enabled' (OnPropertyCondition)

   StackdriverMetricsExportAutoConfiguration:
      Did not match:
         - @ConditionalOnClass did not find required class 'io.micrometer.stackdriver.StackdriverMeterRegistry' (OnClassCondition)

   StartupEndpointAutoConfiguration:
      Did not match:
         - ApplicationStartup configured applicationStartup is of type class org.springframework.core.metrics.DefaultApplicationStartup, expected BufferingApplicationStartup. (StartupEndpointAutoConfiguration.ApplicationStartupCondition)

   StatsdMetricsExportAutoConfiguration:
      Did not match:
         - @ConditionalOnClass did not find required class 'io.micrometer.statsd.StatsdMeterRegistry' (OnClassCondition)

   TaskExecutorConfigurations.SimpleAsyncTaskExecutorBuilderConfiguration#simpleAsyncTaskExecutorBuilderVirtualThreads:
      Did not match:
         - @ConditionalOnMissingBean (types: org.springframework.boot.task.SimpleAsyncTaskExecutorBuilder; SearchStrategy: all) found beans of type 'org.springframework.boot.task.SimpleAsyncTaskExecutorBuilder' simpleAsyncTaskExecutorBuilder (OnBeanCondition)

   TaskExecutorConfigurations.TaskExecutorConfiguration#applicationTaskExecutorVirtualThreads:
      Did not match:
         - @ConditionalOnThreading did not find VIRTUAL (OnThreadingCondition)

   TaskSchedulingAutoConfiguration#scheduledBeanLazyInitializationExcludeFilter:
      Did not match:
         - @ConditionalOnBean (names: org.springframework.context.annotation.internalScheduledAnnotationProcessor; SearchStrategy: all) did not find any beans named org.springframework.context.annotation.internalScheduledAnnotationProcessor (OnBeanCondition)

   TaskSchedulingConfigurations.SimpleAsyncTaskSchedulerBuilderConfiguration#simpleAsyncTaskSchedulerBuilderVirtualThreads:
      Did not match:
         - @ConditionalOnMissingBean (types: org.springframework.boot.task.SimpleAsyncTaskSchedulerBuilder; SearchStrategy: all) found beans of type 'org.springframework.boot.task.SimpleAsyncTaskSchedulerBuilder' simpleAsyncTaskSchedulerBuilder (OnBeanCondition)

   TaskSchedulingConfigurations.TaskSchedulerConfiguration:
      Did not match:
         - @ConditionalOnBean (names: org.springframework.context.annotation.internalScheduledAnnotationProcessor; SearchStrategy: all) did not find any beans named org.springframework.context.annotation.internalScheduledAnnotationProcessor (OnBeanCondition)

   ThymeleafAutoConfiguration:
      Did not match:
         - @ConditionalOnClass did not find required class 'org.thymeleaf.spring6.SpringTemplateEngine' (OnClassCondition)

   TransactionAutoConfiguration#transactionalOperator:
      Did not match:
         - @ConditionalOnSingleCandidate (types: org.springframework.transaction.ReactiveTransactionManager; SearchStrategy: all) did not find any beans (OnBeanCondition)

   TransactionAutoConfiguration.AspectJTransactionManagementConfiguration:
      Did not match:
         - @ConditionalOnBean (types: org.springframework.transaction.aspectj.AbstractTransactionAspect; SearchStrategy: all) did not find any beans of type org.springframework.transaction.aspectj.AbstractTransactionAspect (OnBeanCondition)

   TransactionAutoConfiguration.EnableTransactionManagementConfiguration.JdkDynamicAutoProxyConfiguration:
      Did not match:
         - @ConditionalOnProperty (spring.aop.proxy-target-class=false) did not find property 'proxy-target-class' (OnPropertyCondition)

   UserDetailsServiceAutoConfiguration:
      Did not match:
         - @ConditionalOnClass did not find required class 'org.springframework.security.authentication.AuthenticationManager' (OnClassCondition)

   WavefrontAutoConfiguration:
      Did not match:
         - @ConditionalOnClass did not find required class 'com.wavefront.sdk.common.application.ApplicationTags' (OnClassCondition)

   WavefrontMetricsExportAutoConfiguration:
      Did not match:
         - @ConditionalOnClass did not find required class 'com.wavefront.sdk.common.WavefrontSender' (OnClassCondition)

   WavefrontTracingAutoConfiguration:
      Did not match:
         - @ConditionalOnClass did not find required class 'com.wavefront.sdk.common.WavefrontSender' (OnClassCondition)

   WebClientAutoConfiguration:
      Did not match:
         - @ConditionalOnClass did not find required class 'org.springframework.web.reactive.function.client.WebClient' (OnClassCondition)

   WebClientObservationConfiguration:
      Did not match:
         - @ConditionalOnClass did not find required class 'org.springframework.web.reactive.function.client.WebClient' (OnClassCondition)

   WebFluxAutoConfiguration:
      Did not match:
         - @ConditionalOnClass did not find required class 'org.springframework.web.reactive.config.WebFluxConfigurer' (OnClassCondition)

   WebFluxEndpointManagementContextConfiguration:
      Did not match:
         - @ConditionalOnClass did not find required class 'org.springframework.web.reactive.DispatcherHandler' (OnClassCondition)

   WebFluxObservationAutoConfiguration:
      Did not match:
         - @ConditionalOnWebApplication did not find reactive web application classes (OnWebApplicationCondition)

   WebMvcAutoConfiguration#hiddenHttpMethodFilter:
      Did not match:
         - @ConditionalOnProperty (spring.mvc.hiddenmethod.filter.enabled) did not find property 'enabled' (OnPropertyCondition)

   WebMvcAutoConfiguration.ProblemDetailsErrorHandlingConfiguration:
      Did not match:
         - @ConditionalOnProperty (spring.mvc.problemdetails.enabled=true) did not find property 'enabled' (OnPropertyCondition)

   WebMvcAutoConfiguration.ResourceChainCustomizerConfiguration:
      Did not match:
         - @ConditionalOnEnabledResourceChain did not find class org.webjars.WebJarAssetLocator (OnEnabledResourceChainCondition)

   WebMvcAutoConfiguration.WebMvcAutoConfigurationAdapter#beanNameViewResolver:
      Did not match:
         - @ConditionalOnMissingBean (types: org.springframework.web.servlet.view.BeanNameViewResolver; SearchStrategy: all) found beans of type 'org.springframework.web.servlet.view.BeanNameViewResolver' beanNameViewResolver (OnBeanCondition)

   WebMvcEndpointManagementContextConfiguration#managementHealthEndpointWebMvcHandlerMapping:
      Did not match:
         - Management Port actual port type (SAME) did not match required type (DIFFERENT) (OnManagementPortCondition)

   WebServiceTemplateAutoConfiguration:
      Did not match:
         - @ConditionalOnClass did not find required class 'org.springframework.oxm.Marshaller' (OnClassCondition)

   WebServicesAutoConfiguration:
      Did not match:
         - @ConditionalOnClass did not find required class 'org.springframework.ws.transport.http.MessageDispatcherServlet' (OnClassCondition)

   WebSessionIdResolverAutoConfiguration:
      Did not match:
         - @ConditionalOnClass did not find required class 'reactor.core.publisher.Mono' (OnClassCondition)

   WebSocketMessagingAutoConfiguration:
      Did not match:
         - @ConditionalOnClass did not find required class 'org.springframework.web.socket.config.annotation.WebSocketMessageBrokerConfigurer' (OnClassCondition)

   WebSocketReactiveAutoConfiguration:
      Did not match:
         - @ConditionalOnWebApplication did not find reactive web application classes (OnWebApplicationCondition)

   WebSocketServletAutoConfiguration.JettyWebSocketConfiguration:
      Did not match:
         - @ConditionalOnClass did not find required class 'org.eclipse.jetty.ee10.websocket.jakarta.server.config.JakartaWebSocketServletContainerInitializer' (OnClassCondition)

   WebSocketServletAutoConfiguration.UndertowWebSocketConfiguration:
      Did not match:
         - @ConditionalOnClass did not find required class 'io.undertow.websockets.jsr.Bootstrap' (OnClassCondition)

   XADataSourceAutoConfiguration:
      Did not match:
         - @ConditionalOnBean (types: org.springframework.boot.jdbc.XADataSourceWrapper; SearchStrategy: all) did not find any beans of type org.springframework.boot.jdbc.XADataSourceWrapper (OnBeanCondition)
      Matched:
         - @ConditionalOnClass found required classes 'javax.sql.DataSource', 'jakarta.transaction.TransactionManager', 'org.springframework.jdbc.datasource.embedded.EmbeddedDatabaseType' (OnClassCondition)

   ZipkinAutoConfiguration:
      Did not match:
         - @ConditionalOnClass did not find required class 'zipkin2.reporter.Encoding' (OnClassCondition)


Exclusions:
-----------

    None


Unconditional classes:
----------------------

    org.springframework.boot.autoconfigure.context.ConfigurationPropertiesAutoConfiguration

    org.springframework.boot.actuate.autoconfigure.availability.AvailabilityHealthContributorAutoConfiguration

    org.springframework.boot.autoconfigure.ssl.SslAutoConfiguration

    org.springframework.boot.actuate.autoconfigure.info.InfoContributorAutoConfiguration

    org.springframework.boot.autoconfigure.context.PropertyPlaceholderAutoConfiguration

    org.springframework.boot.autoconfigure.context.LifecycleAutoConfiguration

    org.springframework.boot.actuate.autoconfigure.metrics.integration.IntegrationMetricsAutoConfiguration

    org.springframework.boot.actuate.autoconfigure.endpoint.EndpointAutoConfiguration

    org.springframework.boot.actuate.autoconfigure.web.server.ManagementContextAutoConfiguration

    org.springframework.boot.actuate.autoconfigure.health.HealthContributorAutoConfiguration

    org.springframework.boot.actuate.autoconfigure.endpoint.jackson.JacksonEndpointAutoConfiguration

    org.springframework.boot.autoconfigure.availability.ApplicationAvailabilityAutoConfiguration

    org.springframework.boot.autoconfigure.info.ProjectInfoAutoConfiguration



2026-08-21T08:26:20.896+05:30  INFO 29456 --- [demo] [           main] c.c.assistant.AssistantApplication       : Started AssistantApplication in 6.378 seconds (process running for 6.734)
2026-08-21T08:26:20.951+05:30 DEBUG 29456 --- [demo] [           main] o.s.b.a.ApplicationAvailabilityBean      : Application availability state LivenessState changed to CORRECT
2026-08-21T08:26:21.008+05:30 DEBUG 29456 --- [demo] [           main] org.hibernate.SQL                        : select count(*) from patients p1_0
2026-08-21T08:26:21.021+05:30  INFO 29456 --- [demo] [           main] c.c.assistant.service.DemoDataSeeder     : Seeding demo data...
2026-08-21T08:26:21.024+05:30  INFO 29456 --- [demo] [           main] c.c.a.service.IdentityResolutionService  : Resolving patient from HOSPITAL_A with source ID A123
2026-08-21T08:26:21.051+05:30 DEBUG 29456 --- [demo] [           main] org.hibernate.SQL                        : select pi1_0.id,pi1_0.created_at,pi1_0.match_score,pi1_0.match_status,pi1_0.patient_id,pi1_0.source_patient_id,pi1_0.source_system from patient_identities pi1_0 where pi1_0.source_system=? and pi1_0.source_patient_id=?
2026-08-21T08:26:21.060+05:30 DEBUG 29456 --- [demo] [           main] org.hibernate.SQL                        : select p1_0.id,p1_0.canonical_patient_id,p1_0.consent_status,p1_0.created_at,p1_0.date_of_birth,p1_0.email,p1_0.first_name,p1_0.gender,p1_0.last_name,p1_0.phone,p1_0.updated_at from patients p1_0 where lower(p1_0.first_name)=lower(?) and lower(p1_0.last_name)=lower(?) and p1_0.date_of_birth=?
2026-08-21T08:26:21.065+05:30  INFO 29456 --- [demo] [           main] c.c.a.service.IdentityResolutionService  : No match found for John Smith, creating new patient
2026-08-21T08:26:21.066+05:30 DEBUG 29456 --- [demo] [           main] org.hibernate.SQL                        : select count(*) from patients p1_0
2026-08-21T08:26:21.086+05:30 DEBUG 29456 --- [demo] [           main] org.hibernate.SQL                        : insert into patients (canonical_patient_id,consent_status,created_at,date_of_birth,email,first_name,gender,last_name,phone,updated_at) values (?,?,?,?,?,?,?,?,?,?)
2026-08-21T08:26:21.099+05:30 DEBUG 29456 --- [demo] [           main] org.hibernate.SQL                        : insert into patient_identities (created_at,match_score,match_status,patient_id,source_patient_id,source_system) values (?,?,?,?,?,?)
2026-08-21T08:26:21.109+05:30 DEBUG 29456 --- [demo] [           main] org.hibernate.SQL                        : select al1_0.id,al1_0.action,al1_0.current_hash,al1_0.details,al1_0.entity_id,al1_0.entity_type,al1_0.performed_by,al1_0.previous_hash,al1_0.timestamp from audit_logs al1_0 order by al1_0.id desc limit ?
2026-08-21T08:26:21.112+05:30 DEBUG 29456 --- [demo] [           main] org.hibernate.SQL                        : insert into audit_logs (action,current_hash,details,entity_id,entity_type,performed_by,previous_hash,timestamp) values (?,?,?,?,?,?,?,?)
2026-08-21T08:26:21.117+05:30  INFO 29456 --- [demo] [           main] c.c.a.service.IdentityResolutionService  : Resolving patient from HOSPITAL_B with source ID B928
2026-08-21T08:26:21.119+05:30 DEBUG 29456 --- [demo] [           main] org.hibernate.SQL                        : select pi1_0.id,pi1_0.created_at,pi1_0.match_score,pi1_0.match_status,pi1_0.patient_id,pi1_0.source_patient_id,pi1_0.source_system from patient_identities pi1_0 where pi1_0.source_system=? and pi1_0.source_patient_id=?
2026-08-21T08:26:21.121+05:30 DEBUG 29456 --- [demo] [           main] org.hibernate.SQL                        : select p1_0.id,p1_0.canonical_patient_id,p1_0.consent_status,p1_0.created_at,p1_0.date_of_birth,p1_0.email,p1_0.first_name,p1_0.gender,p1_0.last_name,p1_0.phone,p1_0.updated_at from patients p1_0 where lower(p1_0.first_name)=lower(?) and lower(p1_0.last_name)=lower(?) and p1_0.date_of_birth=?
2026-08-21T08:26:21.126+05:30  INFO 29456 --- [demo] [           main] c.c.a.service.IdentityResolutionService  : Found exact match for patient John Smith, creating confirmed identity
2026-08-21T08:26:21.127+05:30 DEBUG 29456 --- [demo] [           main] org.hibernate.SQL                        : insert into patient_identities (created_at,match_score,match_status,patient_id,source_patient_id,source_system) values (?,?,?,?,?,?)
2026-08-21T08:26:21.131+05:30 DEBUG 29456 --- [demo] [           main] org.hibernate.SQL                        : select al1_0.id,al1_0.action,al1_0.current_hash,al1_0.details,al1_0.entity_id,al1_0.entity_type,al1_0.performed_by,al1_0.previous_hash,al1_0.timestamp from audit_logs al1_0 order by al1_0.id desc limit ?
2026-08-21T08:26:21.135+05:30 DEBUG 29456 --- [demo] [           main] org.hibernate.SQL                        : insert into audit_logs (action,current_hash,details,entity_id,entity_type,performed_by,previous_hash,timestamp) values (?,?,?,?,?,?,?,?)
2026-08-21T08:26:21.139+05:30  INFO 29456 --- [demo] [           main] c.c.a.service.IdentityResolutionService  : Resolving patient from LAB_A with source ID L991
2026-08-21T08:26:21.141+05:30 DEBUG 29456 --- [demo] [           main] org.hibernate.SQL                        : select pi1_0.id,pi1_0.created_at,pi1_0.match_score,pi1_0.match_status,pi1_0.patient_id,pi1_0.source_patient_id,pi1_0.source_system from patient_identities pi1_0 where pi1_0.source_system=? and pi1_0.source_patient_id=?
2026-08-21T08:26:21.143+05:30 DEBUG 29456 --- [demo] [           main] org.hibernate.SQL                        : select p1_0.id,p1_0.canonical_patient_id,p1_0.consent_status,p1_0.created_at,p1_0.date_of_birth,p1_0.email,p1_0.first_name,p1_0.gender,p1_0.last_name,p1_0.phone,p1_0.updated_at from patients p1_0 where lower(p1_0.first_name)=lower(?) and lower(p1_0.last_name)=lower(?) and p1_0.date_of_birth=?
2026-08-21T08:26:21.146+05:30  INFO 29456 --- [demo] [           main] c.c.a.service.IdentityResolutionService  : Found exact match for patient John Smith, creating confirmed identity
2026-08-21T08:26:21.147+05:30 DEBUG 29456 --- [demo] [           main] org.hibernate.SQL                        : insert into patient_identities (created_at,match_score,match_status,patient_id,source_patient_id,source_system) values (?,?,?,?,?,?)
2026-08-21T08:26:21.150+05:30 DEBUG 29456 --- [demo] [           main] org.hibernate.SQL                        : select al1_0.id,al1_0.action,al1_0.current_hash,al1_0.details,al1_0.entity_id,al1_0.entity_type,al1_0.performed_by,al1_0.previous_hash,al1_0.timestamp from audit_logs al1_0 order by al1_0.id desc limit ?
2026-08-21T08:26:21.152+05:30 DEBUG 29456 --- [demo] [           main] org.hibernate.SQL                        : insert into audit_logs (action,current_hash,details,entity_id,entity_type,performed_by,previous_hash,timestamp) values (?,?,?,?,?,?,?,?)
2026-08-21T08:26:21.156+05:30  INFO 29456 --- [demo] [           main] c.c.a.service.IdentityResolutionService  : Resolving patient from LAB_B with source ID LB472
2026-08-21T08:26:21.158+05:30 DEBUG 29456 --- [demo] [           main] org.hibernate.SQL                        : select pi1_0.id,pi1_0.created_at,pi1_0.match_score,pi1_0.match_status,pi1_0.patient_id,pi1_0.source_patient_id,pi1_0.source_system from patient_identities pi1_0 where pi1_0.source_system=? and pi1_0.source_patient_id=?
2026-08-21T08:26:21.160+05:30 DEBUG 29456 --- [demo] [           main] org.hibernate.SQL                        : select p1_0.id,p1_0.canonical_patient_id,p1_0.consent_status,p1_0.created_at,p1_0.date_of_birth,p1_0.email,p1_0.first_name,p1_0.gender,p1_0.last_name,p1_0.phone,p1_0.updated_at from patients p1_0 where lower(p1_0.first_name)=lower(?) and lower(p1_0.last_name)=lower(?) and p1_0.date_of_birth=?
2026-08-21T08:26:21.162+05:30  INFO 29456 --- [demo] [           main] c.c.a.service.IdentityResolutionService  : Found exact match for patient John Smith, creating confirmed identity
2026-08-21T08:26:21.163+05:30 DEBUG 29456 --- [demo] [           main] org.hibernate.SQL                        : insert into patient_identities (created_at,match_score,match_status,patient_id,source_patient_id,source_system) values (?,?,?,?,?,?)
2026-08-21T08:26:21.166+05:30 DEBUG 29456 --- [demo] [           main] org.hibernate.SQL                        : select al1_0.id,al1_0.action,al1_0.current_hash,al1_0.details,al1_0.entity_id,al1_0.entity_type,al1_0.performed_by,al1_0.previous_hash,al1_0.timestamp from audit_logs al1_0 order by al1_0.id desc limit ?
2026-08-21T08:26:21.168+05:30 DEBUG 29456 --- [demo] [           main] org.hibernate.SQL                        : insert into audit_logs (action,current_hash,details,entity_id,entity_type,performed_by,previous_hash,timestamp) values (?,?,?,?,?,?,?,?)
2026-08-21T08:26:21.173+05:30  INFO 29456 --- [demo] [           main] c.c.a.service.IdentityResolutionService  : Resolving patient from HOSPITAL_A with source ID A456
2026-08-21T08:26:21.174+05:30 DEBUG 29456 --- [demo] [           main] org.hibernate.SQL                        : select pi1_0.id,pi1_0.created_at,pi1_0.match_score,pi1_0.match_status,pi1_0.patient_id,pi1_0.source_patient_id,pi1_0.source_system from patient_identities pi1_0 where pi1_0.source_system=? and pi1_0.source_patient_id=?
2026-08-21T08:26:21.176+05:30 DEBUG 29456 --- [demo] [           main] org.hibernate.SQL                        : select p1_0.id,p1_0.canonical_patient_id,p1_0.consent_status,p1_0.created_at,p1_0.date_of_birth,p1_0.email,p1_0.first_name,p1_0.gender,p1_0.last_name,p1_0.phone,p1_0.updated_at from patients p1_0 where lower(p1_0.first_name)=lower(?) and lower(p1_0.last_name)=lower(?) and p1_0.date_of_birth=?
2026-08-21T08:26:21.178+05:30  INFO 29456 --- [demo] [           main] c.c.a.service.IdentityResolutionService  : No match found for Jane Doe, creating new patient
2026-08-21T08:26:21.179+05:30 DEBUG 29456 --- [demo] [           main] org.hibernate.SQL                        : select count(*) from patients p1_0
2026-08-21T08:26:21.181+05:30 DEBUG 29456 --- [demo] [           main] org.hibernate.SQL                        : insert into patients (canonical_patient_id,consent_status,created_at,date_of_birth,email,first_name,gender,last_name,phone,updated_at) values (?,?,?,?,?,?,?,?,?,?)
2026-08-21T08:26:21.184+05:30 DEBUG 29456 --- [demo] [           main] org.hibernate.SQL                        : insert into patient_identities (created_at,match_score,match_status,patient_id,source_patient_id,source_system) values (?,?,?,?,?,?)
2026-08-21T08:26:21.186+05:30 DEBUG 29456 --- [demo] [           main] org.hibernate.SQL                        : select al1_0.id,al1_0.action,al1_0.current_hash,al1_0.details,al1_0.entity_id,al1_0.entity_type,al1_0.performed_by,al1_0.previous_hash,al1_0.timestamp from audit_logs al1_0 order by al1_0.id desc limit ?
2026-08-21T08:26:21.188+05:30 DEBUG 29456 --- [demo] [           main] org.hibernate.SQL                        : insert into audit_logs (action,current_hash,details,entity_id,entity_type,performed_by,previous_hash,timestamp) values (?,?,?,?,?,?,?,?)
2026-08-21T08:26:21.192+05:30  INFO 29456 --- [demo] [           main] c.c.a.service.IdentityResolutionService  : Resolving patient from HOSPITAL_C with source ID C204
2026-08-21T08:26:21.193+05:30 DEBUG 29456 --- [demo] [           main] org.hibernate.SQL                        : select pi1_0.id,pi1_0.created_at,pi1_0.match_score,pi1_0.match_status,pi1_0.patient_id,pi1_0.source_patient_id,pi1_0.source_system from patient_identities pi1_0 where pi1_0.source_system=? and pi1_0.source_patient_id=?
2026-08-21T08:26:21.196+05:30 DEBUG 29456 --- [demo] [           main] org.hibernate.SQL                        : select p1_0.id,p1_0.canonical_patient_id,p1_0.consent_status,p1_0.created_at,p1_0.date_of_birth,p1_0.email,p1_0.first_name,p1_0.gender,p1_0.last_name,p1_0.phone,p1_0.updated_at from patients p1_0 where lower(p1_0.first_name)=lower(?) and lower(p1_0.last_name)=lower(?) and p1_0.date_of_birth=?
2026-08-21T08:26:21.198+05:30  INFO 29456 --- [demo] [           main] c.c.a.service.IdentityResolutionService  : No match found for Maya Patel, creating new patient
2026-08-21T08:26:21.199+05:30 DEBUG 29456 --- [demo] [           main] org.hibernate.SQL                        : select count(*) from patients p1_0
2026-08-21T08:26:21.200+05:30 DEBUG 29456 --- [demo] [           main] org.hibernate.SQL                        : insert into patients (canonical_patient_id,consent_status,created_at,date_of_birth,email,first_name,gender,last_name,phone,updated_at) values (?,?,?,?,?,?,?,?,?,?)
2026-08-21T08:26:21.202+05:30 DEBUG 29456 --- [demo] [           main] org.hibernate.SQL                        : insert into patient_identities (created_at,match_score,match_status,patient_id,source_patient_id,source_system) values (?,?,?,?,?,?)
2026-08-21T08:26:21.205+05:30 DEBUG 29456 --- [demo] [           main] org.hibernate.SQL                        : select al1_0.id,al1_0.action,al1_0.current_hash,al1_0.details,al1_0.entity_id,al1_0.entity_type,al1_0.performed_by,al1_0.previous_hash,al1_0.timestamp from audit_logs al1_0 order by al1_0.id desc limit ?
2026-08-21T08:26:21.206+05:30 DEBUG 29456 --- [demo] [           main] org.hibernate.SQL                        : insert into audit_logs (action,current_hash,details,entity_id,entity_type,performed_by,previous_hash,timestamp) values (?,?,?,?,?,?,?,?)
2026-08-21T08:26:21.212+05:30  INFO 29456 --- [demo] [           main] c.c.a.service.IdentityResolutionService  : Resolving patient from COMMUNITY_CLINIC with source ID CC-882
2026-08-21T08:26:21.214+05:30 DEBUG 29456 --- [demo] [           main] org.hibernate.SQL                        : select pi1_0.id,pi1_0.created_at,pi1_0.match_score,pi1_0.match_status,pi1_0.patient_id,pi1_0.source_patient_id,pi1_0.source_system from patient_identities pi1_0 where pi1_0.source_system=? and pi1_0.source_patient_id=?
2026-08-21T08:26:21.216+05:30 DEBUG 29456 --- [demo] [           main] org.hibernate.SQL                        : select p1_0.id,p1_0.canonical_patient_id,p1_0.consent_status,p1_0.created_at,p1_0.date_of_birth,p1_0.email,p1_0.first_name,p1_0.gender,p1_0.last_name,p1_0.phone,p1_0.updated_at from patients p1_0 where lower(p1_0.first_name)=lower(?) and lower(p1_0.last_name)=lower(?) and p1_0.date_of_birth=?
2026-08-21T08:26:21.218+05:30  INFO 29456 --- [demo] [           main] c.c.a.service.IdentityResolutionService  : Found exact match for patient Maya Patel, creating confirmed identity
2026-08-21T08:26:21.219+05:30 DEBUG 29456 --- [demo] [           main] org.hibernate.SQL                        : insert into patient_identities (created_at,match_score,match_status,patient_id,source_patient_id,source_system) values (?,?,?,?,?,?)
2026-08-21T08:26:21.221+05:30 DEBUG 29456 --- [demo] [           main] org.hibernate.SQL                        : select al1_0.id,al1_0.action,al1_0.current_hash,al1_0.details,al1_0.entity_id,al1_0.entity_type,al1_0.performed_by,al1_0.previous_hash,al1_0.timestamp from audit_logs al1_0 order by al1_0.id desc limit ?
2026-08-21T08:26:21.223+05:30 DEBUG 29456 --- [demo] [           main] org.hibernate.SQL                        : insert into audit_logs (action,current_hash,details,entity_id,entity_type,performed_by,previous_hash,timestamp) values (?,?,?,?,?,?,?,?)
2026-08-21T08:26:21.227+05:30  INFO 29456 --- [demo] [           main] c.c.a.service.IdentityResolutionService  : Resolving patient from HOSPITAL_B with source ID B310
2026-08-21T08:26:21.229+05:30 DEBUG 29456 --- [demo] [           main] org.hibernate.SQL                        : select pi1_0.id,pi1_0.created_at,pi1_0.match_score,pi1_0.match_status,pi1_0.patient_id,pi1_0.source_patient_id,pi1_0.source_system from patient_identities pi1_0 where pi1_0.source_system=? and pi1_0.source_patient_id=?
2026-08-21T08:26:21.232+05:30 DEBUG 29456 --- [demo] [           main] org.hibernate.SQL                        : select p1_0.id,p1_0.canonical_patient_id,p1_0.consent_status,p1_0.created_at,p1_0.date_of_birth,p1_0.email,p1_0.first_name,p1_0.gender,p1_0.last_name,p1_0.phone,p1_0.updated_at from patients p1_0 where lower(p1_0.first_name)=lower(?) and lower(p1_0.last_name)=lower(?) and p1_0.date_of_birth=?
2026-08-21T08:26:21.233+05:30  INFO 29456 --- [demo] [           main] c.c.a.service.IdentityResolutionService  : No match found for Robert Chen, creating new patient
2026-08-21T08:26:21.234+05:30 DEBUG 29456 --- [demo] [           main] org.hibernate.SQL                        : select count(*) from patients p1_0
2026-08-21T08:26:21.235+05:30 DEBUG 29456 --- [demo] [           main] org.hibernate.SQL                        : insert into patients (canonical_patient_id,consent_status,created_at,date_of_birth,email,first_name,gender,last_name,phone,updated_at) values (?,?,?,?,?,?,?,?,?,?)
2026-08-21T08:26:21.236+05:30 DEBUG 29456 --- [demo] [           main] org.hibernate.SQL                        : insert into patient_identities (created_at,match_score,match_status,patient_id,source_patient_id,source_system) values (?,?,?,?,?,?)
2026-08-21T08:26:21.238+05:30 DEBUG 29456 --- [demo] [           main] org.hibernate.SQL                        : select al1_0.id,al1_0.action,al1_0.current_hash,al1_0.details,al1_0.entity_id,al1_0.entity_type,al1_0.performed_by,al1_0.previous_hash,al1_0.timestamp from audit_logs al1_0 order by al1_0.id desc limit ?
2026-08-21T08:26:21.240+05:30 DEBUG 29456 --- [demo] [           main] org.hibernate.SQL                        : insert into audit_logs (action,current_hash,details,entity_id,entity_type,performed_by,previous_hash,timestamp) values (?,?,?,?,?,?,?,?)
2026-08-21T08:26:21.245+05:30  INFO 29456 --- [demo] [           main] c.c.a.service.IdentityResolutionService  : Resolving patient from HOSPITAL_A with source ID A719
2026-08-21T08:26:21.246+05:30 DEBUG 29456 --- [demo] [           main] org.hibernate.SQL                        : select pi1_0.id,pi1_0.created_at,pi1_0.match_score,pi1_0.match_status,pi1_0.patient_id,pi1_0.source_patient_id,pi1_0.source_system from patient_identities pi1_0 where pi1_0.source_system=? and pi1_0.source_patient_id=?
2026-08-21T08:26:21.249+05:30 DEBUG 29456 --- [demo] [           main] org.hibernate.SQL                        : select p1_0.id,p1_0.canonical_patient_id,p1_0.consent_status,p1_0.created_at,p1_0.date_of_birth,p1_0.email,p1_0.first_name,p1_0.gender,p1_0.last_name,p1_0.phone,p1_0.updated_at from patients p1_0 where lower(p1_0.first_name)=lower(?) and lower(p1_0.last_name)=lower(?) and p1_0.date_of_birth=?
2026-08-21T08:26:21.250+05:30  INFO 29456 --- [demo] [           main] c.c.a.service.IdentityResolutionService  : No match found for Elena Garcia, creating new patient
2026-08-21T08:26:21.251+05:30 DEBUG 29456 --- [demo] [           main] org.hibernate.SQL                        : select count(*) from patients p1_0
2026-08-21T08:26:21.252+05:30 DEBUG 29456 --- [demo] [           main] org.hibernate.SQL                        : insert into patients (canonical_patient_id,consent_status,created_at,date_of_birth,email,first_name,gender,last_name,phone,updated_at) values (?,?,?,?,?,?,?,?,?,?)
2026-08-21T08:26:21.254+05:30 DEBUG 29456 --- [demo] [           main] org.hibernate.SQL                        : insert into patient_identities (created_at,match_score,match_status,patient_id,source_patient_id,source_system) values (?,?,?,?,?,?)
2026-08-21T08:26:21.257+05:30 DEBUG 29456 --- [demo] [           main] org.hibernate.SQL                        : select al1_0.id,al1_0.action,al1_0.current_hash,al1_0.details,al1_0.entity_id,al1_0.entity_type,al1_0.performed_by,al1_0.previous_hash,al1_0.timestamp from audit_logs al1_0 order by al1_0.id desc limit ?
2026-08-21T08:26:21.259+05:30 DEBUG 29456 --- [demo] [           main] org.hibernate.SQL                        : insert into audit_logs (action,current_hash,details,entity_id,entity_type,performed_by,previous_hash,timestamp) values (?,?,?,?,?,?,?,?)
2026-08-21T08:26:21.266+05:30  INFO 29456 --- [demo] [           main] c.c.a.service.IdentityResolutionService  : Resolving patient from HOSPITAL_C with source ID C551
2026-08-21T08:26:21.268+05:30 DEBUG 29456 --- [demo] [           main] org.hibernate.SQL                        : select pi1_0.id,pi1_0.created_at,pi1_0.match_score,pi1_0.match_status,pi1_0.patient_id,pi1_0.source_patient_id,pi1_0.source_system from patient_identities pi1_0 where pi1_0.source_system=? and pi1_0.source_patient_id=?
2026-08-21T08:26:21.270+05:30 DEBUG 29456 --- [demo] [           main] org.hibernate.SQL                        : select p1_0.id,p1_0.canonical_patient_id,p1_0.consent_status,p1_0.created_at,p1_0.date_of_birth,p1_0.email,p1_0.first_name,p1_0.gender,p1_0.last_name,p1_0.phone,p1_0.updated_at from patients p1_0 where lower(p1_0.first_name)=lower(?) and lower(p1_0.last_name)=lower(?) and p1_0.date_of_birth=?
2026-08-21T08:26:21.271+05:30  INFO 29456 --- [demo] [           main] c.c.a.service.IdentityResolutionService  : No match found for Aisha Khan, creating new patient
2026-08-21T08:26:21.272+05:30 DEBUG 29456 --- [demo] [           main] org.hibernate.SQL                        : select count(*) from patients p1_0
2026-08-21T08:26:21.273+05:30 DEBUG 29456 --- [demo] [           main] org.hibernate.SQL                        : insert into patients (canonical_patient_id,consent_status,created_at,date_of_birth,email,first_name,gender,last_name,phone,updated_at) values (?,?,?,?,?,?,?,?,?,?)
2026-08-21T08:26:21.275+05:30 DEBUG 29456 --- [demo] [           main] org.hibernate.SQL                        : insert into patient_identities (created_at,match_score,match_status,patient_id,source_patient_id,source_system) values (?,?,?,?,?,?)
2026-08-21T08:26:21.278+05:30 DEBUG 29456 --- [demo] [           main] org.hibernate.SQL                        : select al1_0.id,al1_0.action,al1_0.current_hash,al1_0.details,al1_0.entity_id,al1_0.entity_type,al1_0.performed_by,al1_0.previous_hash,al1_0.timestamp from audit_logs al1_0 order by al1_0.id desc limit ?
2026-08-21T08:26:21.280+05:30 DEBUG 29456 --- [demo] [           main] org.hibernate.SQL                        : insert into audit_logs (action,current_hash,details,entity_id,entity_type,performed_by,previous_hash,timestamp) values (?,?,?,?,?,?,?,?)
2026-08-21T08:26:21.286+05:30  INFO 29456 --- [demo] [           main] c.c.a.service.IdentityResolutionService  : Resolving patient from HOSPITAL_A with source ID A884
2026-08-21T08:26:21.287+05:30 DEBUG 29456 --- [demo] [           main] org.hibernate.SQL                        : select pi1_0.id,pi1_0.created_at,pi1_0.match_score,pi1_0.match_status,pi1_0.patient_id,pi1_0.source_patient_id,pi1_0.source_system from patient_identities pi1_0 where pi1_0.source_system=? and pi1_0.source_patient_id=?
2026-08-21T08:26:21.289+05:30 DEBUG 29456 --- [demo] [           main] org.hibernate.SQL                        : select p1_0.id,p1_0.canonical_patient_id,p1_0.consent_status,p1_0.created_at,p1_0.date_of_birth,p1_0.email,p1_0.first_name,p1_0.gender,p1_0.last_name,p1_0.phone,p1_0.updated_at from patients p1_0 where lower(p1_0.first_name)=lower(?) and lower(p1_0.last_name)=lower(?) and p1_0.date_of_birth=?
2026-08-21T08:26:21.291+05:30  INFO 29456 --- [demo] [           main] c.c.a.service.IdentityResolutionService  : No match found for David Williams, creating new patient
2026-08-21T08:26:21.292+05:30 DEBUG 29456 --- [demo] [           main] org.hibernate.SQL                        : select count(*) from patients p1_0
2026-08-21T08:26:21.293+05:30 DEBUG 29456 --- [demo] [           main] org.hibernate.SQL                        : insert into patients (canonical_patient_id,consent_status,created_at,date_of_birth,email,first_name,gender,last_name,phone,updated_at) values (?,?,?,?,?,?,?,?,?,?)
2026-08-21T08:26:21.304+05:30 DEBUG 29456 --- [demo] [           main] org.hibernate.SQL                        : insert into patient_identities (created_at,match_score,match_status,patient_id,source_patient_id,source_system) values (?,?,?,?,?,?)
2026-08-21T08:26:21.308+05:30 DEBUG 29456 --- [demo] [           main] org.hibernate.SQL                        : select al1_0.id,al1_0.action,al1_0.current_hash,al1_0.details,al1_0.entity_id,al1_0.entity_type,al1_0.performed_by,al1_0.previous_hash,al1_0.timestamp from audit_logs al1_0 order by al1_0.id desc limit ?
2026-08-21T08:26:21.311+05:30 DEBUG 29456 --- [demo] [           main] org.hibernate.SQL                        : insert into audit_logs (action,current_hash,details,entity_id,entity_type,performed_by,previous_hash,timestamp) values (?,?,?,?,?,?,?,?)
2026-08-21T08:26:21.315+05:30  INFO 29456 --- [demo] [           main] c.c.a.service.IdentityResolutionService  : Resolving patient from HOSPITAL_B with source ID B662
2026-08-21T08:26:21.317+05:30 DEBUG 29456 --- [demo] [           main] org.hibernate.SQL                        : select pi1_0.id,pi1_0.created_at,pi1_0.match_score,pi1_0.match_status,pi1_0.patient_id,pi1_0.source_patient_id,pi1_0.source_system from patient_identities pi1_0 where pi1_0.source_system=? and pi1_0.source_patient_id=?
2026-08-21T08:26:21.319+05:30 DEBUG 29456 --- [demo] [           main] org.hibernate.SQL                        : select p1_0.id,p1_0.canonical_patient_id,p1_0.consent_status,p1_0.created_at,p1_0.date_of_birth,p1_0.email,p1_0.first_name,p1_0.gender,p1_0.last_name,p1_0.phone,p1_0.updated_at from patients p1_0 where lower(p1_0.first_name)=lower(?) and lower(p1_0.last_name)=lower(?) and p1_0.date_of_birth=?
2026-08-21T08:26:21.321+05:30  INFO 29456 --- [demo] [           main] c.c.a.service.IdentityResolutionService  : No match found for Priya Raman, creating new patient
2026-08-21T08:26:21.322+05:30 DEBUG 29456 --- [demo] [           main] org.hibernate.SQL                        : select count(*) from patients p1_0
2026-08-21T08:26:21.323+05:30 DEBUG 29456 --- [demo] [           main] org.hibernate.SQL                        : insert into patients (canonical_patient_id,consent_status,created_at,date_of_birth,email,first_name,gender,last_name,phone,updated_at) values (?,?,?,?,?,?,?,?,?,?)
2026-08-21T08:26:21.325+05:30 DEBUG 29456 --- [demo] [           main] org.hibernate.SQL                        : insert into patient_identities (created_at,match_score,match_status,patient_id,source_patient_id,source_system) values (?,?,?,?,?,?)
2026-08-21T08:26:21.327+05:30 DEBUG 29456 --- [demo] [           main] org.hibernate.SQL                        : select al1_0.id,al1_0.action,al1_0.current_hash,al1_0.details,al1_0.entity_id,al1_0.entity_type,al1_0.performed_by,al1_0.previous_hash,al1_0.timestamp from audit_logs al1_0 order by al1_0.id desc limit ?
2026-08-21T08:26:21.330+05:30 DEBUG 29456 --- [demo] [           main] org.hibernate.SQL                        : insert into audit_logs (action,current_hash,details,entity_id,entity_type,performed_by,previous_hash,timestamp) values (?,?,?,?,?,?,?,?)
2026-08-21T08:26:21.334+05:30  INFO 29456 --- [demo] [           main] c.c.a.service.IdentityResolutionService  : Resolving patient from HOSPITAL_C with source ID C903
2026-08-21T08:26:21.336+05:30 DEBUG 29456 --- [demo] [           main] org.hibernate.SQL                        : select pi1_0.id,pi1_0.created_at,pi1_0.match_score,pi1_0.match_status,pi1_0.patient_id,pi1_0.source_patient_id,pi1_0.source_system from patient_identities pi1_0 where pi1_0.source_system=? and pi1_0.source_patient_id=?
2026-08-21T08:26:21.338+05:30 DEBUG 29456 --- [demo] [           main] org.hibernate.SQL                        : select p1_0.id,p1_0.canonical_patient_id,p1_0.consent_status,p1_0.created_at,p1_0.date_of_birth,p1_0.email,p1_0.first_name,p1_0.gender,p1_0.last_name,p1_0.phone,p1_0.updated_at from patients p1_0 where lower(p1_0.first_name)=lower(?) and lower(p1_0.last_name)=lower(?) and p1_0.date_of_birth=?
2026-08-21T08:26:21.343+05:30  INFO 29456 --- [demo] [           main] c.c.a.service.IdentityResolutionService  : No match found for Marcus Johnson, creating new patient
2026-08-21T08:26:21.344+05:30 DEBUG 29456 --- [demo] [           main] org.hibernate.SQL                        : select count(*) from patients p1_0
2026-08-21T08:26:21.346+05:30 DEBUG 29456 --- [demo] [           main] org.hibernate.SQL                        : insert into patients (canonical_patient_id,consent_status,created_at,date_of_birth,email,first_name,gender,last_name,phone,updated_at) values (?,?,?,?,?,?,?,?,?,?)
2026-08-21T08:26:21.349+05:30 DEBUG 29456 --- [demo] [           main] org.hibernate.SQL                        : insert into patient_identities (created_at,match_score,match_status,patient_id,source_patient_id,source_system) values (?,?,?,?,?,?)
2026-08-21T08:26:21.352+05:30 DEBUG 29456 --- [demo] [           main] org.hibernate.SQL                        : select al1_0.id,al1_0.action,al1_0.current_hash,al1_0.details,al1_0.entity_id,al1_0.entity_type,al1_0.performed_by,al1_0.previous_hash,al1_0.timestamp from audit_logs al1_0 order by al1_0.id desc limit ?
2026-08-21T08:26:21.354+05:30 DEBUG 29456 --- [demo] [           main] org.hibernate.SQL                        : insert into audit_logs (action,current_hash,details,entity_id,entity_type,performed_by,previous_hash,timestamp) values (?,?,?,?,?,?,?,?)
2026-08-21T08:26:21.358+05:30  INFO 29456 --- [demo] [           main] c.c.a.service.IdentityResolutionService  : Resolving patient from COMMUNITY_CLINIC with source ID CC-441
2026-08-21T08:26:21.359+05:30 DEBUG 29456 --- [demo] [           main] org.hibernate.SQL                        : select pi1_0.id,pi1_0.created_at,pi1_0.match_score,pi1_0.match_status,pi1_0.patient_id,pi1_0.source_patient_id,pi1_0.source_system from patient_identities pi1_0 where pi1_0.source_system=? and pi1_0.source_patient_id=?
2026-08-21T08:26:21.362+05:30 DEBUG 29456 --- [demo] [           main] org.hibernate.SQL                        : select p1_0.id,p1_0.canonical_patient_id,p1_0.consent_status,p1_0.created_at,p1_0.date_of_birth,p1_0.email,p1_0.first_name,p1_0.gender,p1_0.last_name,p1_0.phone,p1_0.updated_at from patients p1_0 where lower(p1_0.first_name)=lower(?) and lower(p1_0.last_name)=lower(?) and p1_0.date_of_birth=?
2026-08-21T08:26:21.363+05:30  INFO 29456 --- [demo] [           main] c.c.a.service.IdentityResolutionService  : No match found for Sofia Martinez, creating new patient
2026-08-21T08:26:21.364+05:30 DEBUG 29456 --- [demo] [           main] org.hibernate.SQL                        : select count(*) from patients p1_0
2026-08-21T08:26:21.365+05:30 DEBUG 29456 --- [demo] [           main] org.hibernate.SQL                        : insert into patients (canonical_patient_id,consent_status,created_at,date_of_birth,email,first_name,gender,last_name,phone,updated_at) values (?,?,?,?,?,?,?,?,?,?)
2026-08-21T08:26:21.367+05:30 DEBUG 29456 --- [demo] [           main] org.hibernate.SQL                        : insert into patient_identities (created_at,match_score,match_status,patient_id,source_patient_id,source_system) values (?,?,?,?,?,?)
2026-08-21T08:26:21.369+05:30 DEBUG 29456 --- [demo] [           main] org.hibernate.SQL                        : select al1_0.id,al1_0.action,al1_0.current_hash,al1_0.details,al1_0.entity_id,al1_0.entity_type,al1_0.performed_by,al1_0.previous_hash,al1_0.timestamp from audit_logs al1_0 order by al1_0.id desc limit ?
2026-08-21T08:26:21.371+05:30 DEBUG 29456 --- [demo] [           main] org.hibernate.SQL                        : insert into audit_logs (action,current_hash,details,entity_id,entity_type,performed_by,previous_hash,timestamp) values (?,?,?,?,?,?,?,?)
2026-08-21T08:26:21.375+05:30  INFO 29456 --- [demo] [           main] c.c.a.service.IdentityResolutionService  : Resolving patient from HOSPITAL_A with source ID A991
2026-08-21T08:26:21.377+05:30 DEBUG 29456 --- [demo] [           main] org.hibernate.SQL                        : select pi1_0.id,pi1_0.created_at,pi1_0.match_score,pi1_0.match_status,pi1_0.patient_id,pi1_0.source_patient_id,pi1_0.source_system from patient_identities pi1_0 where pi1_0.source_system=? and pi1_0.source_patient_id=?
2026-08-21T08:26:21.379+05:30 DEBUG 29456 --- [demo] [           main] org.hibernate.SQL                        : select p1_0.id,p1_0.canonical_patient_id,p1_0.consent_status,p1_0.created_at,p1_0.date_of_birth,p1_0.email,p1_0.first_name,p1_0.gender,p1_0.last_name,p1_0.phone,p1_0.updated_at from patients p1_0 where lower(p1_0.first_name)=lower(?) and lower(p1_0.last_name)=lower(?) and p1_0.date_of_birth=?
2026-08-21T08:26:21.381+05:30  INFO 29456 --- [demo] [           main] c.c.a.service.IdentityResolutionService  : No match found for Noah Brown, creating new patient
2026-08-21T08:26:21.381+05:30 DEBUG 29456 --- [demo] [           main] org.hibernate.SQL                        : select count(*) from patients p1_0
2026-08-21T08:26:21.382+05:30 DEBUG 29456 --- [demo] [           main] org.hibernate.SQL                        : insert into patients (canonical_patient_id,consent_status,created_at,date_of_birth,email,first_name,gender,last_name,phone,updated_at) values (?,?,?,?,?,?,?,?,?,?)
2026-08-21T08:26:21.384+05:30 DEBUG 29456 --- [demo] [           main] org.hibernate.SQL                        : insert into patient_identities (created_at,match_score,match_status,patient_id,source_patient_id,source_system) values (?,?,?,?,?,?)
2026-08-21T08:26:21.387+05:30 DEBUG 29456 --- [demo] [           main] org.hibernate.SQL                        : select al1_0.id,al1_0.action,al1_0.current_hash,al1_0.details,al1_0.entity_id,al1_0.entity_type,al1_0.performed_by,al1_0.previous_hash,al1_0.timestamp from audit_logs al1_0 order by al1_0.id desc limit ?
2026-08-21T08:26:21.388+05:30 DEBUG 29456 --- [demo] [           main] org.hibernate.SQL                        : insert into audit_logs (action,current_hash,details,entity_id,entity_type,performed_by,previous_hash,timestamp) values (?,?,?,?,?,?,?,?)
2026-08-21T08:26:21.394+05:30 DEBUG 29456 --- [demo] [           main] org.hibernate.SQL                        : select ce1_0.id,ce1_0.code,ce1_0.created_at,ce1_0.display_name,ce1_0.event_timestamp,ce1_0.event_type,ce1_0.numeric_value,ce1_0.patient_id,ce1_0.raw_fhir_json,ce1_0.source_record_id,ce1_0.source_system,ce1_0.unit,ce1_0.value from clinical_events ce1_0 where ce1_0.source_system=? and ce1_0.source_record_id=?
2026-08-21T08:26:21.397+05:30 DEBUG 29456 --- [demo] [           main] org.hibernate.SQL                        : select pi1_0.id,pi1_0.created_at,pi1_0.match_score,pi1_0.match_status,pi1_0.patient_id,pi1_0.source_patient_id,pi1_0.source_system from patient_identities pi1_0 where pi1_0.source_system=? and pi1_0.source_patient_id=?
2026-08-21T08:26:21.404+05:30 DEBUG 29456 --- [demo] [           main] org.hibernate.SQL                        : insert into clinical_events (code,created_at,display_name,event_timestamp,event_type,numeric_value,patient_id,raw_fhir_json,source_record_id,source_system,unit,value) values (?,?,?,?,?,?,?,?,?,?,?,?)
2026-08-21T08:26:21.407+05:30 DEBUG 29456 --- [demo] [           main] org.hibernate.SQL                        : select al1_0.id,al1_0.action,al1_0.current_hash,al1_0.details,al1_0.entity_id,al1_0.entity_type,al1_0.performed_by,al1_0.previous_hash,al1_0.timestamp from audit_logs al1_0 order by al1_0.id desc limit ?
2026-08-21T08:26:21.409+05:30 DEBUG 29456 --- [demo] [           main] org.hibernate.SQL                        : insert into audit_logs (action,current_hash,details,entity_id,entity_type,performed_by,previous_hash,timestamp) values (?,?,?,?,?,?,?,?)
2026-08-21T08:26:21.416+05:30 DEBUG 29456 --- [demo] [           main] org.hibernate.SQL                        : select ce1_0.id,ce1_0.code,ce1_0.created_at,ce1_0.display_name,ce1_0.event_timestamp,ce1_0.event_type,ce1_0.numeric_value,ce1_0.patient_id,ce1_0.raw_fhir_json,ce1_0.source_record_id,ce1_0.source_system,ce1_0.unit,ce1_0.value from clinical_events ce1_0 where ce1_0.source_system=? and ce1_0.source_record_id=?
2026-08-21T08:26:21.418+05:30 DEBUG 29456 --- [demo] [           main] org.hibernate.SQL                        : select pi1_0.id,pi1_0.created_at,pi1_0.match_score,pi1_0.match_status,pi1_0.patient_id,pi1_0.source_patient_id,pi1_0.source_system from patient_identities pi1_0 where pi1_0.source_system=? and pi1_0.source_patient_id=?
2026-08-21T08:26:21.420+05:30 DEBUG 29456 --- [demo] [           main] org.hibernate.SQL                        : insert into clinical_events (code,created_at,display_name,event_timestamp,event_type,numeric_value,patient_id,raw_fhir_json,source_record_id,source_system,unit,value) values (?,?,?,?,?,?,?,?,?,?,?,?)
2026-08-21T08:26:21.422+05:30 DEBUG 29456 --- [demo] [           main] org.hibernate.SQL                        : select al1_0.id,al1_0.action,al1_0.current_hash,al1_0.details,al1_0.entity_id,al1_0.entity_type,al1_0.performed_by,al1_0.previous_hash,al1_0.timestamp from audit_logs al1_0 order by al1_0.id desc limit ?
2026-08-21T08:26:21.424+05:30 DEBUG 29456 --- [demo] [           main] org.hibernate.SQL                        : insert into audit_logs (action,current_hash,details,entity_id,entity_type,performed_by,previous_hash,timestamp) values (?,?,?,?,?,?,?,?)
2026-08-21T08:26:21.430+05:30 DEBUG 29456 --- [demo] [           main] org.hibernate.SQL                        : select ce1_0.id,ce1_0.code,ce1_0.created_at,ce1_0.display_name,ce1_0.event_timestamp,ce1_0.event_type,ce1_0.numeric_value,ce1_0.patient_id,ce1_0.raw_fhir_json,ce1_0.source_record_id,ce1_0.source_system,ce1_0.unit,ce1_0.value from clinical_events ce1_0 where ce1_0.source_system=? and ce1_0.source_record_id=?
2026-08-21T08:26:21.432+05:30 DEBUG 29456 --- [demo] [           main] org.hibernate.SQL                        : select pi1_0.id,pi1_0.created_at,pi1_0.match_score,pi1_0.match_status,pi1_0.patient_id,pi1_0.source_patient_id,pi1_0.source_system from patient_identities pi1_0 where pi1_0.source_system=? and pi1_0.source_patient_id=?
2026-08-21T08:26:21.433+05:30 DEBUG 29456 --- [demo] [           main] org.hibernate.SQL                        : insert into clinical_events (code,created_at,display_name,event_timestamp,event_type,numeric_value,patient_id,raw_fhir_json,source_record_id,source_system,unit,value) values (?,?,?,?,?,?,?,?,?,?,?,?)
2026-08-21T08:26:21.435+05:30 DEBUG 29456 --- [demo] [           main] org.hibernate.SQL                        : select al1_0.id,al1_0.action,al1_0.current_hash,al1_0.details,al1_0.entity_id,al1_0.entity_type,al1_0.performed_by,al1_0.previous_hash,al1_0.timestamp from audit_logs al1_0 order by al1_0.id desc limit ?
2026-08-21T08:26:21.437+05:30 DEBUG 29456 --- [demo] [           main] org.hibernate.SQL                        : insert into audit_logs (action,current_hash,details,entity_id,entity_type,performed_by,previous_hash,timestamp) values (?,?,?,?,?,?,?,?)
2026-08-21T08:26:21.441+05:30 DEBUG 29456 --- [demo] [           main] org.hibernate.SQL                        : select ce1_0.id,ce1_0.code,ce1_0.created_at,ce1_0.display_name,ce1_0.event_timestamp,ce1_0.event_type,ce1_0.numeric_value,ce1_0.patient_id,ce1_0.raw_fhir_json,ce1_0.source_record_id,ce1_0.source_system,ce1_0.unit,ce1_0.value from clinical_events ce1_0 where ce1_0.source_system=? and ce1_0.source_record_id=?
2026-08-21T08:26:21.443+05:30 DEBUG 29456 --- [demo] [           main] org.hibernate.SQL                        : select pi1_0.id,pi1_0.created_at,pi1_0.match_score,pi1_0.match_status,pi1_0.patient_id,pi1_0.source_patient_id,pi1_0.source_system from patient_identities pi1_0 where pi1_0.source_system=? and pi1_0.source_patient_id=?
2026-08-21T08:26:21.445+05:30 DEBUG 29456 --- [demo] [           main] org.hibernate.SQL                        : insert into clinical_events (code,created_at,display_name,event_timestamp,event_type,numeric_value,patient_id,raw_fhir_json,source_record_id,source_system,unit,value) values (?,?,?,?,?,?,?,?,?,?,?,?)
2026-08-21T08:26:21.448+05:30 DEBUG 29456 --- [demo] [           main] org.hibernate.SQL                        : select al1_0.id,al1_0.action,al1_0.current_hash,al1_0.details,al1_0.entity_id,al1_0.entity_type,al1_0.performed_by,al1_0.previous_hash,al1_0.timestamp from audit_logs al1_0 order by al1_0.id desc limit ?
2026-08-21T08:26:21.451+05:30 DEBUG 29456 --- [demo] [           main] org.hibernate.SQL                        : insert into audit_logs (action,current_hash,details,entity_id,entity_type,performed_by,previous_hash,timestamp) values (?,?,?,?,?,?,?,?)
2026-08-21T08:26:21.456+05:30 DEBUG 29456 --- [demo] [           main] org.hibernate.SQL                        : select ce1_0.id,ce1_0.code,ce1_0.created_at,ce1_0.display_name,ce1_0.event_timestamp,ce1_0.event_type,ce1_0.numeric_value,ce1_0.patient_id,ce1_0.raw_fhir_json,ce1_0.source_record_id,ce1_0.source_system,ce1_0.unit,ce1_0.value from clinical_events ce1_0 where ce1_0.source_system=? and ce1_0.source_record_id=?
2026-08-21T08:26:21.458+05:30 DEBUG 29456 --- [demo] [           main] org.hibernate.SQL                        : select pi1_0.id,pi1_0.created_at,pi1_0.match_score,pi1_0.match_status,pi1_0.patient_id,pi1_0.source_patient_id,pi1_0.source_system from patient_identities pi1_0 where pi1_0.source_system=? and pi1_0.source_patient_id=?
2026-08-21T08:26:21.460+05:30 DEBUG 29456 --- [demo] [           main] org.hibernate.SQL                        : insert into clinical_events (code,created_at,display_name,event_timestamp,event_type,numeric_value,patient_id,raw_fhir_json,source_record_id,source_system,unit,value) values (?,?,?,?,?,?,?,?,?,?,?,?)
2026-08-21T08:26:21.463+05:30 DEBUG 29456 --- [demo] [           main] org.hibernate.SQL                        : select al1_0.id,al1_0.action,al1_0.current_hash,al1_0.details,al1_0.entity_id,al1_0.entity_type,al1_0.performed_by,al1_0.previous_hash,al1_0.timestamp from audit_logs al1_0 order by al1_0.id desc limit ?
2026-08-21T08:26:21.465+05:30 DEBUG 29456 --- [demo] [           main] org.hibernate.SQL                        : insert into audit_logs (action,current_hash,details,entity_id,entity_type,performed_by,previous_hash,timestamp) values (?,?,?,?,?,?,?,?)
2026-08-21T08:26:21.469+05:30 DEBUG 29456 --- [demo] [           main] org.hibernate.SQL                        : select ce1_0.id,ce1_0.code,ce1_0.created_at,ce1_0.display_name,ce1_0.event_timestamp,ce1_0.event_type,ce1_0.numeric_value,ce1_0.patient_id,ce1_0.raw_fhir_json,ce1_0.source_record_id,ce1_0.source_system,ce1_0.unit,ce1_0.value from clinical_events ce1_0 where ce1_0.source_system=? and ce1_0.source_record_id=?
2026-08-21T08:26:21.471+05:30 DEBUG 29456 --- [demo] [           main] org.hibernate.SQL                        : select pi1_0.id,pi1_0.created_at,pi1_0.match_score,pi1_0.match_status,pi1_0.patient_id,pi1_0.source_patient_id,pi1_0.source_system from patient_identities pi1_0 where pi1_0.source_system=? and pi1_0.source_patient_id=?
2026-08-21T08:26:21.473+05:30 DEBUG 29456 --- [demo] [           main] org.hibernate.SQL                        : insert into clinical_events (code,created_at,display_name,event_timestamp,event_type,numeric_value,patient_id,raw_fhir_json,source_record_id,source_system,unit,value) values (?,?,?,?,?,?,?,?,?,?,?,?)
2026-08-21T08:26:21.475+05:30 DEBUG 29456 --- [demo] [           main] org.hibernate.SQL                        : select al1_0.id,al1_0.action,al1_0.current_hash,al1_0.details,al1_0.entity_id,al1_0.entity_type,al1_0.performed_by,al1_0.previous_hash,al1_0.timestamp from audit_logs al1_0 order by al1_0.id desc limit ?
2026-08-21T08:26:21.477+05:30 DEBUG 29456 --- [demo] [           main] org.hibernate.SQL                        : insert into audit_logs (action,current_hash,details,entity_id,entity_type,performed_by,previous_hash,timestamp) values (?,?,?,?,?,?,?,?)
2026-08-21T08:26:21.483+05:30 DEBUG 29456 --- [demo] [           main] org.hibernate.SQL                        : select ce1_0.id,ce1_0.code,ce1_0.created_at,ce1_0.display_name,ce1_0.event_timestamp,ce1_0.event_type,ce1_0.numeric_value,ce1_0.patient_id,ce1_0.raw_fhir_json,ce1_0.source_record_id,ce1_0.source_system,ce1_0.unit,ce1_0.value from clinical_events ce1_0 where ce1_0.source_system=? and ce1_0.source_record_id=?
2026-08-21T08:26:21.485+05:30 DEBUG 29456 --- [demo] [           main] org.hibernate.SQL                        : select pi1_0.id,pi1_0.created_at,pi1_0.match_score,pi1_0.match_status,pi1_0.patient_id,pi1_0.source_patient_id,pi1_0.source_system from patient_identities pi1_0 where pi1_0.source_system=? and pi1_0.source_patient_id=?
2026-08-21T08:26:21.486+05:30 DEBUG 29456 --- [demo] [           main] org.hibernate.SQL                        : insert into clinical_events (code,created_at,display_name,event_timestamp,event_type,numeric_value,patient_id,raw_fhir_json,source_record_id,source_system,unit,value) values (?,?,?,?,?,?,?,?,?,?,?,?)
2026-08-21T08:26:21.488+05:30 DEBUG 29456 --- [demo] [           main] org.hibernate.SQL                        : select al1_0.id,al1_0.action,al1_0.current_hash,al1_0.details,al1_0.entity_id,al1_0.entity_type,al1_0.performed_by,al1_0.previous_hash,al1_0.timestamp from audit_logs al1_0 order by al1_0.id desc limit ?
2026-08-21T08:26:21.490+05:30 DEBUG 29456 --- [demo] [           main] org.hibernate.SQL                        : insert into audit_logs (action,current_hash,details,entity_id,entity_type,performed_by,previous_hash,timestamp) values (?,?,?,?,?,?,?,?)
2026-08-21T08:26:21.495+05:30 DEBUG 29456 --- [demo] [           main] org.hibernate.SQL                        : select ce1_0.id,ce1_0.code,ce1_0.created_at,ce1_0.display_name,ce1_0.event_timestamp,ce1_0.event_type,ce1_0.numeric_value,ce1_0.patient_id,ce1_0.raw_fhir_json,ce1_0.source_record_id,ce1_0.source_system,ce1_0.unit,ce1_0.value from clinical_events ce1_0 where ce1_0.source_system=? and ce1_0.source_record_id=?
2026-08-21T08:26:21.497+05:30 DEBUG 29456 --- [demo] [           main] org.hibernate.SQL                        : select pi1_0.id,pi1_0.created_at,pi1_0.match_score,pi1_0.match_status,pi1_0.patient_id,pi1_0.source_patient_id,pi1_0.source_system from patient_identities pi1_0 where pi1_0.source_system=? and pi1_0.source_patient_id=?
2026-08-21T08:26:21.499+05:30 DEBUG 29456 --- [demo] [           main] org.hibernate.SQL                        : insert into clinical_events (code,created_at,display_name,event_timestamp,event_type,numeric_value,patient_id,raw_fhir_json,source_record_id,source_system,unit,value) values (?,?,?,?,?,?,?,?,?,?,?,?)
2026-08-21T08:26:21.501+05:30 DEBUG 29456 --- [demo] [           main] org.hibernate.SQL                        : select al1_0.id,al1_0.action,al1_0.current_hash,al1_0.details,al1_0.entity_id,al1_0.entity_type,al1_0.performed_by,al1_0.previous_hash,al1_0.timestamp from audit_logs al1_0 order by al1_0.id desc limit ?
2026-08-21T08:26:21.503+05:30 DEBUG 29456 --- [demo] [           main] org.hibernate.SQL                        : insert into audit_logs (action,current_hash,details,entity_id,entity_type,performed_by,previous_hash,timestamp) values (?,?,?,?,?,?,?,?)
2026-08-21T08:26:21.507+05:30 DEBUG 29456 --- [demo] [           main] org.hibernate.SQL                        : select ce1_0.id,ce1_0.code,ce1_0.created_at,ce1_0.display_name,ce1_0.event_timestamp,ce1_0.event_type,ce1_0.numeric_value,ce1_0.patient_id,ce1_0.raw_fhir_json,ce1_0.source_record_id,ce1_0.source_system,ce1_0.unit,ce1_0.value from clinical_events ce1_0 where ce1_0.source_system=? and ce1_0.source_record_id=?
2026-08-21T08:26:21.510+05:30 DEBUG 29456 --- [demo] [           main] org.hibernate.SQL                        : select pi1_0.id,pi1_0.created_at,pi1_0.match_score,pi1_0.match_status,pi1_0.patient_id,pi1_0.source_patient_id,pi1_0.source_system from patient_identities pi1_0 where pi1_0.source_system=? and pi1_0.source_patient_id=?
2026-08-21T08:26:21.512+05:30 DEBUG 29456 --- [demo] [           main] org.hibernate.SQL                        : insert into clinical_events (code,created_at,display_name,event_timestamp,event_type,numeric_value,patient_id,raw_fhir_json,source_record_id,source_system,unit,value) values (?,?,?,?,?,?,?,?,?,?,?,?)
2026-08-21T08:26:21.515+05:30 DEBUG 29456 --- [demo] [           main] org.hibernate.SQL                        : select al1_0.id,al1_0.action,al1_0.current_hash,al1_0.details,al1_0.entity_id,al1_0.entity_type,al1_0.performed_by,al1_0.previous_hash,al1_0.timestamp from audit_logs al1_0 order by al1_0.id desc limit ?
2026-08-21T08:26:21.516+05:30 DEBUG 29456 --- [demo] [           main] org.hibernate.SQL                        : insert into audit_logs (action,current_hash,details,entity_id,entity_type,performed_by,previous_hash,timestamp) values (?,?,?,?,?,?,?,?)
2026-08-21T08:26:21.520+05:30 DEBUG 29456 --- [demo] [           main] org.hibernate.SQL                        : select ce1_0.id,ce1_0.code,ce1_0.created_at,ce1_0.display_name,ce1_0.event_timestamp,ce1_0.event_type,ce1_0.numeric_value,ce1_0.patient_id,ce1_0.raw_fhir_json,ce1_0.source_record_id,ce1_0.source_system,ce1_0.unit,ce1_0.value from clinical_events ce1_0 where ce1_0.source_system=? and ce1_0.source_record_id=?
2026-08-21T08:26:21.522+05:30 DEBUG 29456 --- [demo] [           main] org.hibernate.SQL                        : select pi1_0.id,pi1_0.created_at,pi1_0.match_score,pi1_0.match_status,pi1_0.patient_id,pi1_0.source_patient_id,pi1_0.source_system from patient_identities pi1_0 where pi1_0.source_system=? and pi1_0.source_patient_id=?
2026-08-21T08:26:21.524+05:30 DEBUG 29456 --- [demo] [           main] org.hibernate.SQL                        : insert into clinical_events (code,created_at,display_name,event_timestamp,event_type,numeric_value,patient_id,raw_fhir_json,source_record_id,source_system,unit,value) values (?,?,?,?,?,?,?,?,?,?,?,?)
2026-08-21T08:26:21.526+05:30 DEBUG 29456 --- [demo] [           main] org.hibernate.SQL                        : select al1_0.id,al1_0.action,al1_0.current_hash,al1_0.details,al1_0.entity_id,al1_0.entity_type,al1_0.performed_by,al1_0.previous_hash,al1_0.timestamp from audit_logs al1_0 order by al1_0.id desc limit ?
2026-08-21T08:26:21.528+05:30 DEBUG 29456 --- [demo] [           main] org.hibernate.SQL                        : insert into audit_logs (action,current_hash,details,entity_id,entity_type,performed_by,previous_hash,timestamp) values (?,?,?,?,?,?,?,?)
2026-08-21T08:26:21.533+05:30 DEBUG 29456 --- [demo] [           main] org.hibernate.SQL                        : select ce1_0.id,ce1_0.code,ce1_0.created_at,ce1_0.display_name,ce1_0.event_timestamp,ce1_0.event_type,ce1_0.numeric_value,ce1_0.patient_id,ce1_0.raw_fhir_json,ce1_0.source_record_id,ce1_0.source_system,ce1_0.unit,ce1_0.value from clinical_events ce1_0 where ce1_0.source_system=? and ce1_0.source_record_id=?
2026-08-21T08:26:21.535+05:30 DEBUG 29456 --- [demo] [           main] org.hibernate.SQL                        : select pi1_0.id,pi1_0.created_at,pi1_0.match_score,pi1_0.match_status,pi1_0.patient_id,pi1_0.source_patient_id,pi1_0.source_system from patient_identities pi1_0 where pi1_0.source_system=? and pi1_0.source_patient_id=?
2026-08-21T08:26:21.537+05:30 DEBUG 29456 --- [demo] [           main] org.hibernate.SQL                        : insert into clinical_events (code,created_at,display_name,event_timestamp,event_type,numeric_value,patient_id,raw_fhir_json,source_record_id,source_system,unit,value) values (?,?,?,?,?,?,?,?,?,?,?,?)
2026-08-21T08:26:21.539+05:30 DEBUG 29456 --- [demo] [           main] org.hibernate.SQL                        : select al1_0.id,al1_0.action,al1_0.current_hash,al1_0.details,al1_0.entity_id,al1_0.entity_type,al1_0.performed_by,al1_0.previous_hash,al1_0.timestamp from audit_logs al1_0 order by al1_0.id desc limit ?
2026-08-21T08:26:21.540+05:30 DEBUG 29456 --- [demo] [           main] org.hibernate.SQL                        : insert into audit_logs (action,current_hash,details,entity_id,entity_type,performed_by,previous_hash,timestamp) values (?,?,?,?,?,?,?,?)
2026-08-21T08:26:21.545+05:30 DEBUG 29456 --- [demo] [           main] org.hibernate.SQL                        : select ce1_0.id,ce1_0.code,ce1_0.created_at,ce1_0.display_name,ce1_0.event_timestamp,ce1_0.event_type,ce1_0.numeric_value,ce1_0.patient_id,ce1_0.raw_fhir_json,ce1_0.source_record_id,ce1_0.source_system,ce1_0.unit,ce1_0.value from clinical_events ce1_0 where ce1_0.source_system=? and ce1_0.source_record_id=?
2026-08-21T08:26:21.547+05:30 DEBUG 29456 --- [demo] [           main] org.hibernate.SQL                        : select pi1_0.id,pi1_0.created_at,pi1_0.match_score,pi1_0.match_status,pi1_0.patient_id,pi1_0.source_patient_id,pi1_0.source_system from patient_identities pi1_0 where pi1_0.source_system=? and pi1_0.source_patient_id=?
2026-08-21T08:26:21.549+05:30 DEBUG 29456 --- [demo] [           main] org.hibernate.SQL                        : insert into clinical_events (code,created_at,display_name,event_timestamp,event_type,numeric_value,patient_id,raw_fhir_json,source_record_id,source_system,unit,value) values (?,?,?,?,?,?,?,?,?,?,?,?)
2026-08-21T08:26:21.551+05:30 DEBUG 29456 --- [demo] [           main] org.hibernate.SQL                        : select al1_0.id,al1_0.action,al1_0.current_hash,al1_0.details,al1_0.entity_id,al1_0.entity_type,al1_0.performed_by,al1_0.previous_hash,al1_0.timestamp from audit_logs al1_0 order by al1_0.id desc limit ?
2026-08-21T08:26:21.552+05:30 DEBUG 29456 --- [demo] [           main] org.hibernate.SQL                        : insert into audit_logs (action,current_hash,details,entity_id,entity_type,performed_by,previous_hash,timestamp) values (?,?,?,?,?,?,?,?)
2026-08-21T08:26:21.557+05:30 DEBUG 29456 --- [demo] [           main] org.hibernate.SQL                        : select ce1_0.id,ce1_0.code,ce1_0.created_at,ce1_0.display_name,ce1_0.event_timestamp,ce1_0.event_type,ce1_0.numeric_value,ce1_0.patient_id,ce1_0.raw_fhir_json,ce1_0.source_record_id,ce1_0.source_system,ce1_0.unit,ce1_0.value from clinical_events ce1_0 where ce1_0.source_system=? and ce1_0.source_record_id=?
2026-08-21T08:26:21.559+05:30 DEBUG 29456 --- [demo] [           main] org.hibernate.SQL                        : select pi1_0.id,pi1_0.created_at,pi1_0.match_score,pi1_0.match_status,pi1_0.patient_id,pi1_0.source_patient_id,pi1_0.source_system from patient_identities pi1_0 where pi1_0.source_system=? and pi1_0.source_patient_id=?
2026-08-21T08:26:21.560+05:30 DEBUG 29456 --- [demo] [           main] org.hibernate.SQL                        : insert into clinical_events (code,created_at,display_name,event_timestamp,event_type,numeric_value,patient_id,raw_fhir_json,source_record_id,source_system,unit,value) values (?,?,?,?,?,?,?,?,?,?,?,?)
2026-08-21T08:26:21.562+05:30 DEBUG 29456 --- [demo] [           main] org.hibernate.SQL                        : select al1_0.id,al1_0.action,al1_0.current_hash,al1_0.details,al1_0.entity_id,al1_0.entity_type,al1_0.performed_by,al1_0.previous_hash,al1_0.timestamp from audit_logs al1_0 order by al1_0.id desc limit ?
2026-08-21T08:26:21.564+05:30 DEBUG 29456 --- [demo] [           main] org.hibernate.SQL                        : insert into audit_logs (action,current_hash,details,entity_id,entity_type,performed_by,previous_hash,timestamp) values (?,?,?,?,?,?,?,?)
2026-08-21T08:26:21.569+05:30 DEBUG 29456 --- [demo] [           main] org.hibernate.SQL                        : select ce1_0.id,ce1_0.code,ce1_0.created_at,ce1_0.display_name,ce1_0.event_timestamp,ce1_0.event_type,ce1_0.numeric_value,ce1_0.patient_id,ce1_0.raw_fhir_json,ce1_0.source_record_id,ce1_0.source_system,ce1_0.unit,ce1_0.value from clinical_events ce1_0 where ce1_0.source_system=? and ce1_0.source_record_id=?
2026-08-21T08:26:21.571+05:30 DEBUG 29456 --- [demo] [           main] org.hibernate.SQL                        : select pi1_0.id,pi1_0.created_at,pi1_0.match_score,pi1_0.match_status,pi1_0.patient_id,pi1_0.source_patient_id,pi1_0.source_system from patient_identities pi1_0 where pi1_0.source_system=? and pi1_0.source_patient_id=?
2026-08-21T08:26:21.573+05:30 DEBUG 29456 --- [demo] [           main] org.hibernate.SQL                        : insert into clinical_events (code,created_at,display_name,event_timestamp,event_type,numeric_value,patient_id,raw_fhir_json,source_record_id,source_system,unit,value) values (?,?,?,?,?,?,?,?,?,?,?,?)
2026-08-21T08:26:21.575+05:30 DEBUG 29456 --- [demo] [           main] org.hibernate.SQL                        : select al1_0.id,al1_0.action,al1_0.current_hash,al1_0.details,al1_0.entity_id,al1_0.entity_type,al1_0.performed_by,al1_0.previous_hash,al1_0.timestamp from audit_logs al1_0 order by al1_0.id desc limit ?
2026-08-21T08:26:21.577+05:30 DEBUG 29456 --- [demo] [           main] org.hibernate.SQL                        : insert into audit_logs (action,current_hash,details,entity_id,entity_type,performed_by,previous_hash,timestamp) values (?,?,?,?,?,?,?,?)
2026-08-21T08:26:21.582+05:30 DEBUG 29456 --- [demo] [           main] org.hibernate.SQL                        : select ce1_0.id,ce1_0.code,ce1_0.created_at,ce1_0.display_name,ce1_0.event_timestamp,ce1_0.event_type,ce1_0.numeric_value,ce1_0.patient_id,ce1_0.raw_fhir_json,ce1_0.source_record_id,ce1_0.source_system,ce1_0.unit,ce1_0.value from clinical_events ce1_0 where ce1_0.source_system=? and ce1_0.source_record_id=?
2026-08-21T08:26:21.584+05:30 DEBUG 29456 --- [demo] [           main] org.hibernate.SQL                        : select pi1_0.id,pi1_0.created_at,pi1_0.match_score,pi1_0.match_status,pi1_0.patient_id,pi1_0.source_patient_id,pi1_0.source_system from patient_identities pi1_0 where pi1_0.source_system=? and pi1_0.source_patient_id=?
2026-08-21T08:26:21.586+05:30 DEBUG 29456 --- [demo] [           main] org.hibernate.SQL                        : insert into clinical_events (code,created_at,display_name,event_timestamp,event_type,numeric_value,patient_id,raw_fhir_json,source_record_id,source_system,unit,value) values (?,?,?,?,?,?,?,?,?,?,?,?)
2026-08-21T08:26:21.588+05:30 DEBUG 29456 --- [demo] [           main] org.hibernate.SQL                        : select al1_0.id,al1_0.action,al1_0.current_hash,al1_0.details,al1_0.entity_id,al1_0.entity_type,al1_0.performed_by,al1_0.previous_hash,al1_0.timestamp from audit_logs al1_0 order by al1_0.id desc limit ?
2026-08-21T08:26:21.589+05:30 DEBUG 29456 --- [demo] [           main] org.hibernate.SQL                        : insert into audit_logs (action,current_hash,details,entity_id,entity_type,performed_by,previous_hash,timestamp) values (?,?,?,?,?,?,?,?)
2026-08-21T08:26:21.594+05:30 DEBUG 29456 --- [demo] [           main] org.hibernate.SQL                        : select ce1_0.id,ce1_0.code,ce1_0.created_at,ce1_0.display_name,ce1_0.event_timestamp,ce1_0.event_type,ce1_0.numeric_value,ce1_0.patient_id,ce1_0.raw_fhir_json,ce1_0.source_record_id,ce1_0.source_system,ce1_0.unit,ce1_0.value from clinical_events ce1_0 where ce1_0.source_system=? and ce1_0.source_record_id=?
2026-08-21T08:26:21.596+05:30 DEBUG 29456 --- [demo] [           main] org.hibernate.SQL                        : select pi1_0.id,pi1_0.created_at,pi1_0.match_score,pi1_0.match_status,pi1_0.patient_id,pi1_0.source_patient_id,pi1_0.source_system from patient_identities pi1_0 where pi1_0.source_system=? and pi1_0.source_patient_id=?
2026-08-21T08:26:21.597+05:30 DEBUG 29456 --- [demo] [           main] org.hibernate.SQL                        : insert into clinical_events (code,created_at,display_name,event_timestamp,event_type,numeric_value,patient_id,raw_fhir_json,source_record_id,source_system,unit,value) values (?,?,?,?,?,?,?,?,?,?,?,?)
2026-08-21T08:26:21.599+05:30 DEBUG 29456 --- [demo] [           main] org.hibernate.SQL                        : select al1_0.id,al1_0.action,al1_0.current_hash,al1_0.details,al1_0.entity_id,al1_0.entity_type,al1_0.performed_by,al1_0.previous_hash,al1_0.timestamp from audit_logs al1_0 order by al1_0.id desc limit ?
2026-08-21T08:26:21.601+05:30 DEBUG 29456 --- [demo] [           main] org.hibernate.SQL                        : insert into audit_logs (action,current_hash,details,entity_id,entity_type,performed_by,previous_hash,timestamp) values (?,?,?,?,?,?,?,?)
2026-08-21T08:26:21.606+05:30 DEBUG 29456 --- [demo] [           main] org.hibernate.SQL                        : select ce1_0.id,ce1_0.code,ce1_0.created_at,ce1_0.display_name,ce1_0.event_timestamp,ce1_0.event_type,ce1_0.numeric_value,ce1_0.patient_id,ce1_0.raw_fhir_json,ce1_0.source_record_id,ce1_0.source_system,ce1_0.unit,ce1_0.value from clinical_events ce1_0 where ce1_0.source_system=? and ce1_0.source_record_id=?
2026-08-21T08:26:21.608+05:30 DEBUG 29456 --- [demo] [           main] org.hibernate.SQL                        : select pi1_0.id,pi1_0.created_at,pi1_0.match_score,pi1_0.match_status,pi1_0.patient_id,pi1_0.source_patient_id,pi1_0.source_system from patient_identities pi1_0 where pi1_0.source_system=? and pi1_0.source_patient_id=?
2026-08-21T08:26:21.610+05:30 DEBUG 29456 --- [demo] [           main] org.hibernate.SQL                        : insert into clinical_events (code,created_at,display_name,event_timestamp,event_type,numeric_value,patient_id,raw_fhir_json,source_record_id,source_system,unit,value) values (?,?,?,?,?,?,?,?,?,?,?,?)
2026-08-21T08:26:21.612+05:30 DEBUG 29456 --- [demo] [           main] org.hibernate.SQL                        : select al1_0.id,al1_0.action,al1_0.current_hash,al1_0.details,al1_0.entity_id,al1_0.entity_type,al1_0.performed_by,al1_0.previous_hash,al1_0.timestamp from audit_logs al1_0 order by al1_0.id desc limit ?
2026-08-21T08:26:21.614+05:30 DEBUG 29456 --- [demo] [           main] org.hibernate.SQL                        : insert into audit_logs (action,current_hash,details,entity_id,entity_type,performed_by,previous_hash,timestamp) values (?,?,?,?,?,?,?,?)
2026-08-21T08:26:21.618+05:30 DEBUG 29456 --- [demo] [           main] org.hibernate.SQL                        : select ce1_0.id,ce1_0.code,ce1_0.created_at,ce1_0.display_name,ce1_0.event_timestamp,ce1_0.event_type,ce1_0.numeric_value,ce1_0.patient_id,ce1_0.raw_fhir_json,ce1_0.source_record_id,ce1_0.source_system,ce1_0.unit,ce1_0.value from clinical_events ce1_0 where ce1_0.source_system=? and ce1_0.source_record_id=?
2026-08-21T08:26:21.620+05:30 DEBUG 29456 --- [demo] [           main] org.hibernate.SQL                        : select pi1_0.id,pi1_0.created_at,pi1_0.match_score,pi1_0.match_status,pi1_0.patient_id,pi1_0.source_patient_id,pi1_0.source_system from patient_identities pi1_0 where pi1_0.source_system=? and pi1_0.source_patient_id=?
2026-08-21T08:26:21.622+05:30 DEBUG 29456 --- [demo] [           main] org.hibernate.SQL                        : insert into clinical_events (code,created_at,display_name,event_timestamp,event_type,numeric_value,patient_id,raw_fhir_json,source_record_id,source_system,unit,value) values (?,?,?,?,?,?,?,?,?,?,?,?)
2026-08-21T08:26:21.624+05:30 DEBUG 29456 --- [demo] [           main] org.hibernate.SQL                        : select al1_0.id,al1_0.action,al1_0.current_hash,al1_0.details,al1_0.entity_id,al1_0.entity_type,al1_0.performed_by,al1_0.previous_hash,al1_0.timestamp from audit_logs al1_0 order by al1_0.id desc limit ?
2026-08-21T08:26:21.625+05:30 DEBUG 29456 --- [demo] [           main] org.hibernate.SQL                        : insert into audit_logs (action,current_hash,details,entity_id,entity_type,performed_by,previous_hash,timestamp) values (?,?,?,?,?,?,?,?)
2026-08-21T08:26:21.630+05:30 DEBUG 29456 --- [demo] [           main] org.hibernate.SQL                        : select ce1_0.id,ce1_0.code,ce1_0.created_at,ce1_0.display_name,ce1_0.event_timestamp,ce1_0.event_type,ce1_0.numeric_value,ce1_0.patient_id,ce1_0.raw_fhir_json,ce1_0.source_record_id,ce1_0.source_system,ce1_0.unit,ce1_0.value from clinical_events ce1_0 where ce1_0.source_system=? and ce1_0.source_record_id=?
2026-08-21T08:26:21.632+05:30 DEBUG 29456 --- [demo] [           main] org.hibernate.SQL                        : select pi1_0.id,pi1_0.created_at,pi1_0.match_score,pi1_0.match_status,pi1_0.patient_id,pi1_0.source_patient_id,pi1_0.source_system from patient_identities pi1_0 where pi1_0.source_system=? and pi1_0.source_patient_id=?
2026-08-21T08:26:21.634+05:30 DEBUG 29456 --- [demo] [           main] org.hibernate.SQL                        : insert into clinical_events (code,created_at,display_name,event_timestamp,event_type,numeric_value,patient_id,raw_fhir_json,source_record_id,source_system,unit,value) values (?,?,?,?,?,?,?,?,?,?,?,?)
2026-08-21T08:26:21.635+05:30 DEBUG 29456 --- [demo] [           main] org.hibernate.SQL                        : select al1_0.id,al1_0.action,al1_0.current_hash,al1_0.details,al1_0.entity_id,al1_0.entity_type,al1_0.performed_by,al1_0.previous_hash,al1_0.timestamp from audit_logs al1_0 order by al1_0.id desc limit ?
2026-08-21T08:26:21.637+05:30 DEBUG 29456 --- [demo] [           main] org.hibernate.SQL                        : insert into audit_logs (action,current_hash,details,entity_id,entity_type,performed_by,previous_hash,timestamp) values (?,?,?,?,?,?,?,?)
2026-08-21T08:26:21.641+05:30 DEBUG 29456 --- [demo] [           main] org.hibernate.SQL                        : select ce1_0.id,ce1_0.code,ce1_0.created_at,ce1_0.display_name,ce1_0.event_timestamp,ce1_0.event_type,ce1_0.numeric_value,ce1_0.patient_id,ce1_0.raw_fhir_json,ce1_0.source_record_id,ce1_0.source_system,ce1_0.unit,ce1_0.value from clinical_events ce1_0 where ce1_0.source_system=? and ce1_0.source_record_id=?
2026-08-21T08:26:21.642+05:30 DEBUG 29456 --- [demo] [           main] org.hibernate.SQL                        : select pi1_0.id,pi1_0.created_at,pi1_0.match_score,pi1_0.match_status,pi1_0.patient_id,pi1_0.source_patient_id,pi1_0.source_system from patient_identities pi1_0 where pi1_0.source_system=? and pi1_0.source_patient_id=?
2026-08-21T08:26:21.644+05:30 DEBUG 29456 --- [demo] [           main] org.hibernate.SQL                        : insert into clinical_events (code,created_at,display_name,event_timestamp,event_type,numeric_value,patient_id,raw_fhir_json,source_record_id,source_system,unit,value) values (?,?,?,?,?,?,?,?,?,?,?,?)
2026-08-21T08:26:21.647+05:30 DEBUG 29456 --- [demo] [           main] org.hibernate.SQL                        : select al1_0.id,al1_0.action,al1_0.current_hash,al1_0.details,al1_0.entity_id,al1_0.entity_type,al1_0.performed_by,al1_0.previous_hash,al1_0.timestamp from audit_logs al1_0 order by al1_0.id desc limit ?
2026-08-21T08:26:21.649+05:30 DEBUG 29456 --- [demo] [           main] org.hibernate.SQL                        : insert into audit_logs (action,current_hash,details,entity_id,entity_type,performed_by,previous_hash,timestamp) values (?,?,?,?,?,?,?,?)
2026-08-21T08:26:21.653+05:30 DEBUG 29456 --- [demo] [           main] org.hibernate.SQL                        : select ce1_0.id,ce1_0.code,ce1_0.created_at,ce1_0.display_name,ce1_0.event_timestamp,ce1_0.event_type,ce1_0.numeric_value,ce1_0.patient_id,ce1_0.raw_fhir_json,ce1_0.source_record_id,ce1_0.source_system,ce1_0.unit,ce1_0.value from clinical_events ce1_0 where ce1_0.source_system=? and ce1_0.source_record_id=?
2026-08-21T08:26:21.655+05:30 DEBUG 29456 --- [demo] [           main] org.hibernate.SQL                        : select pi1_0.id,pi1_0.created_at,pi1_0.match_score,pi1_0.match_status,pi1_0.patient_id,pi1_0.source_patient_id,pi1_0.source_system from patient_identities pi1_0 where pi1_0.source_system=? and pi1_0.source_patient_id=?
2026-08-21T08:26:21.656+05:30 DEBUG 29456 --- [demo] [           main] org.hibernate.SQL                        : insert into clinical_events (code,created_at,display_name,event_timestamp,event_type,numeric_value,patient_id,raw_fhir_json,source_record_id,source_system,unit,value) values (?,?,?,?,?,?,?,?,?,?,?,?)
2026-08-21T08:26:21.658+05:30 DEBUG 29456 --- [demo] [           main] org.hibernate.SQL                        : select al1_0.id,al1_0.action,al1_0.current_hash,al1_0.details,al1_0.entity_id,al1_0.entity_type,al1_0.performed_by,al1_0.previous_hash,al1_0.timestamp from audit_logs al1_0 order by al1_0.id desc limit ?
2026-08-21T08:26:21.660+05:30 DEBUG 29456 --- [demo] [           main] org.hibernate.SQL                        : insert into audit_logs (action,current_hash,details,entity_id,entity_type,performed_by,previous_hash,timestamp) values (?,?,?,?,?,?,?,?)
2026-08-21T08:26:21.665+05:30 DEBUG 29456 --- [demo] [           main] org.hibernate.SQL                        : select ce1_0.id,ce1_0.code,ce1_0.created_at,ce1_0.display_name,ce1_0.event_timestamp,ce1_0.event_type,ce1_0.numeric_value,ce1_0.patient_id,ce1_0.raw_fhir_json,ce1_0.source_record_id,ce1_0.source_system,ce1_0.unit,ce1_0.value from clinical_events ce1_0 where ce1_0.source_system=? and ce1_0.source_record_id=?
2026-08-21T08:26:21.667+05:30 DEBUG 29456 --- [demo] [           main] org.hibernate.SQL                        : select pi1_0.id,pi1_0.created_at,pi1_0.match_score,pi1_0.match_status,pi1_0.patient_id,pi1_0.source_patient_id,pi1_0.source_system from patient_identities pi1_0 where pi1_0.source_system=? and pi1_0.source_patient_id=?
2026-08-21T08:26:21.669+05:30 DEBUG 29456 --- [demo] [           main] org.hibernate.SQL                        : insert into clinical_events (code,created_at,display_name,event_timestamp,event_type,numeric_value,patient_id,raw_fhir_json,source_record_id,source_system,unit,value) values (?,?,?,?,?,?,?,?,?,?,?,?)
2026-08-21T08:26:21.671+05:30 DEBUG 29456 --- [demo] [           main] org.hibernate.SQL                        : select al1_0.id,al1_0.action,al1_0.current_hash,al1_0.details,al1_0.entity_id,al1_0.entity_type,al1_0.performed_by,al1_0.previous_hash,al1_0.timestamp from audit_logs al1_0 order by al1_0.id desc limit ?
2026-08-21T08:26:21.672+05:30 DEBUG 29456 --- [demo] [           main] org.hibernate.SQL                        : insert into audit_logs (action,current_hash,details,entity_id,entity_type,performed_by,previous_hash,timestamp) values (?,?,?,?,?,?,?,?)
2026-08-21T08:26:21.677+05:30 DEBUG 29456 --- [demo] [           main] org.hibernate.SQL                        : select ce1_0.id,ce1_0.code,ce1_0.created_at,ce1_0.display_name,ce1_0.event_timestamp,ce1_0.event_type,ce1_0.numeric_value,ce1_0.patient_id,ce1_0.raw_fhir_json,ce1_0.source_record_id,ce1_0.source_system,ce1_0.unit,ce1_0.value from clinical_events ce1_0 where ce1_0.source_system=? and ce1_0.source_record_id=?
2026-08-21T08:26:21.680+05:30 DEBUG 29456 --- [demo] [           main] org.hibernate.SQL                        : select pi1_0.id,pi1_0.created_at,pi1_0.match_score,pi1_0.match_status,pi1_0.patient_id,pi1_0.source_patient_id,pi1_0.source_system from patient_identities pi1_0 where pi1_0.source_system=? and pi1_0.source_patient_id=?
2026-08-21T08:26:21.682+05:30 DEBUG 29456 --- [demo] [           main] org.hibernate.SQL                        : insert into clinical_events (code,created_at,display_name,event_timestamp,event_type,numeric_value,patient_id,raw_fhir_json,source_record_id,source_system,unit,value) values (?,?,?,?,?,?,?,?,?,?,?,?)
2026-08-21T08:26:21.685+05:30 DEBUG 29456 --- [demo] [           main] org.hibernate.SQL                        : select al1_0.id,al1_0.action,al1_0.current_hash,al1_0.details,al1_0.entity_id,al1_0.entity_type,al1_0.performed_by,al1_0.previous_hash,al1_0.timestamp from audit_logs al1_0 order by al1_0.id desc limit ?
2026-08-21T08:26:21.685+05:30 DEBUG 29456 --- [demo] [           main] org.hibernate.SQL                        : insert into audit_logs (action,current_hash,details,entity_id,entity_type,performed_by,previous_hash,timestamp) values (?,?,?,?,?,?,?,?)
2026-08-21T08:26:21.691+05:30 DEBUG 29456 --- [demo] [           main] org.hibernate.SQL                        : select ce1_0.id,ce1_0.code,ce1_0.created_at,ce1_0.display_name,ce1_0.event_timestamp,ce1_0.event_type,ce1_0.numeric_value,ce1_0.patient_id,ce1_0.raw_fhir_json,ce1_0.source_record_id,ce1_0.source_system,ce1_0.unit,ce1_0.value from clinical_events ce1_0 where ce1_0.source_system=? and ce1_0.source_record_id=?
2026-08-21T08:26:21.693+05:30 DEBUG 29456 --- [demo] [           main] org.hibernate.SQL                        : select pi1_0.id,pi1_0.created_at,pi1_0.match_score,pi1_0.match_status,pi1_0.patient_id,pi1_0.source_patient_id,pi1_0.source_system from patient_identities pi1_0 where pi1_0.source_system=? and pi1_0.source_patient_id=?
2026-08-21T08:26:21.694+05:30 DEBUG 29456 --- [demo] [           main] org.hibernate.SQL                        : insert into clinical_events (code,created_at,display_name,event_timestamp,event_type,numeric_value,patient_id,raw_fhir_json,source_record_id,source_system,unit,value) values (?,?,?,?,?,?,?,?,?,?,?,?)
2026-08-21T08:26:21.697+05:30 DEBUG 29456 --- [demo] [           main] org.hibernate.SQL                        : select al1_0.id,al1_0.action,al1_0.current_hash,al1_0.details,al1_0.entity_id,al1_0.entity_type,al1_0.performed_by,al1_0.previous_hash,al1_0.timestamp from audit_logs al1_0 order by al1_0.id desc limit ?
2026-08-21T08:26:21.700+05:30 DEBUG 29456 --- [demo] [           main] org.hibernate.SQL                        : insert into audit_logs (action,current_hash,details,entity_id,entity_type,performed_by,previous_hash,timestamp) values (?,?,?,?,?,?,?,?)
2026-08-21T08:26:21.704+05:30 DEBUG 29456 --- [demo] [           main] org.hibernate.SQL                        : select ce1_0.id,ce1_0.code,ce1_0.created_at,ce1_0.display_name,ce1_0.event_timestamp,ce1_0.event_type,ce1_0.numeric_value,ce1_0.patient_id,ce1_0.raw_fhir_json,ce1_0.source_record_id,ce1_0.source_system,ce1_0.unit,ce1_0.value from clinical_events ce1_0 where ce1_0.source_system=? and ce1_0.source_record_id=?
2026-08-21T08:26:21.706+05:30 DEBUG 29456 --- [demo] [           main] org.hibernate.SQL                        : select pi1_0.id,pi1_0.created_at,pi1_0.match_score,pi1_0.match_status,pi1_0.patient_id,pi1_0.source_patient_id,pi1_0.source_system from patient_identities pi1_0 where pi1_0.source_system=? and pi1_0.source_patient_id=?
2026-08-21T08:26:21.707+05:30 DEBUG 29456 --- [demo] [           main] org.hibernate.SQL                        : insert into clinical_events (code,created_at,display_name,event_timestamp,event_type,numeric_value,patient_id,raw_fhir_json,source_record_id,source_system,unit,value) values (?,?,?,?,?,?,?,?,?,?,?,?)
2026-08-21T08:26:21.710+05:30 DEBUG 29456 --- [demo] [           main] org.hibernate.SQL                        : select al1_0.id,al1_0.action,al1_0.current_hash,al1_0.details,al1_0.entity_id,al1_0.entity_type,al1_0.performed_by,al1_0.previous_hash,al1_0.timestamp from audit_logs al1_0 order by al1_0.id desc limit ?
2026-08-21T08:26:21.711+05:30 DEBUG 29456 --- [demo] [           main] org.hibernate.SQL                        : insert into audit_logs (action,current_hash,details,entity_id,entity_type,performed_by,previous_hash,timestamp) values (?,?,?,?,?,?,?,?)
2026-08-21T08:26:21.716+05:30 DEBUG 29456 --- [demo] [           main] org.hibernate.SQL                        : select ce1_0.id,ce1_0.code,ce1_0.created_at,ce1_0.display_name,ce1_0.event_timestamp,ce1_0.event_type,ce1_0.numeric_value,ce1_0.patient_id,ce1_0.raw_fhir_json,ce1_0.source_record_id,ce1_0.source_system,ce1_0.unit,ce1_0.value from clinical_events ce1_0 where ce1_0.source_system=? and ce1_0.source_record_id=?
2026-08-21T08:26:21.717+05:30 DEBUG 29456 --- [demo] [           main] org.hibernate.SQL                        : select pi1_0.id,pi1_0.created_at,pi1_0.match_score,pi1_0.match_status,pi1_0.patient_id,pi1_0.source_patient_id,pi1_0.source_system from patient_identities pi1_0 where pi1_0.source_system=? and pi1_0.source_patient_id=?
2026-08-21T08:26:21.720+05:30 DEBUG 29456 --- [demo] [           main] org.hibernate.SQL                        : insert into clinical_events (code,created_at,display_name,event_timestamp,event_type,numeric_value,patient_id,raw_fhir_json,source_record_id,source_system,unit,value) values (?,?,?,?,?,?,?,?,?,?,?,?)
2026-08-21T08:26:21.722+05:30 DEBUG 29456 --- [demo] [           main] org.hibernate.SQL                        : select al1_0.id,al1_0.action,al1_0.current_hash,al1_0.details,al1_0.entity_id,al1_0.entity_type,al1_0.performed_by,al1_0.previous_hash,al1_0.timestamp from audit_logs al1_0 order by al1_0.id desc limit ?
2026-08-21T08:26:21.723+05:30 DEBUG 29456 --- [demo] [           main] org.hibernate.SQL                        : insert into audit_logs (action,current_hash,details,entity_id,entity_type,performed_by,previous_hash,timestamp) values (?,?,?,?,?,?,?,?)
2026-08-21T08:26:21.727+05:30 DEBUG 29456 --- [demo] [           main] org.hibernate.SQL                        : select ce1_0.id,ce1_0.code,ce1_0.created_at,ce1_0.display_name,ce1_0.event_timestamp,ce1_0.event_type,ce1_0.numeric_value,ce1_0.patient_id,ce1_0.raw_fhir_json,ce1_0.source_record_id,ce1_0.source_system,ce1_0.unit,ce1_0.value from clinical_events ce1_0 where ce1_0.source_system=? and ce1_0.source_record_id=?
2026-08-21T08:26:21.729+05:30 DEBUG 29456 --- [demo] [           main] org.hibernate.SQL                        : select pi1_0.id,pi1_0.created_at,pi1_0.match_score,pi1_0.match_status,pi1_0.patient_id,pi1_0.source_patient_id,pi1_0.source_system from patient_identities pi1_0 where pi1_0.source_system=? and pi1_0.source_patient_id=?
2026-08-21T08:26:21.731+05:30 DEBUG 29456 --- [demo] [           main] org.hibernate.SQL                        : insert into clinical_events (code,created_at,display_name,event_timestamp,event_type,numeric_value,patient_id,raw_fhir_json,source_record_id,source_system,unit,value) values (?,?,?,?,?,?,?,?,?,?,?,?)
2026-08-21T08:26:21.732+05:30 DEBUG 29456 --- [demo] [           main] org.hibernate.SQL                        : select al1_0.id,al1_0.action,al1_0.current_hash,al1_0.details,al1_0.entity_id,al1_0.entity_type,al1_0.performed_by,al1_0.previous_hash,al1_0.timestamp from audit_logs al1_0 order by al1_0.id desc limit ?
2026-08-21T08:26:21.734+05:30 DEBUG 29456 --- [demo] [           main] org.hibernate.SQL                        : insert into audit_logs (action,current_hash,details,entity_id,entity_type,performed_by,previous_hash,timestamp) values (?,?,?,?,?,?,?,?)
2026-08-21T08:26:21.738+05:30 DEBUG 29456 --- [demo] [           main] org.hibernate.SQL                        : select ce1_0.id,ce1_0.code,ce1_0.created_at,ce1_0.display_name,ce1_0.event_timestamp,ce1_0.event_type,ce1_0.numeric_value,ce1_0.patient_id,ce1_0.raw_fhir_json,ce1_0.source_record_id,ce1_0.source_system,ce1_0.unit,ce1_0.value from clinical_events ce1_0 where ce1_0.source_system=? and ce1_0.source_record_id=?
2026-08-21T08:26:21.740+05:30 DEBUG 29456 --- [demo] [           main] org.hibernate.SQL                        : select pi1_0.id,pi1_0.created_at,pi1_0.match_score,pi1_0.match_status,pi1_0.patient_id,pi1_0.source_patient_id,pi1_0.source_system from patient_identities pi1_0 where pi1_0.source_system=? and pi1_0.source_patient_id=?
2026-08-21T08:26:21.742+05:30 DEBUG 29456 --- [demo] [           main] org.hibernate.SQL                        : insert into clinical_events (code,created_at,display_name,event_timestamp,event_type,numeric_value,patient_id,raw_fhir_json,source_record_id,source_system,unit,value) values (?,?,?,?,?,?,?,?,?,?,?,?)
2026-08-21T08:26:21.744+05:30 DEBUG 29456 --- [demo] [           main] org.hibernate.SQL                        : select al1_0.id,al1_0.action,al1_0.current_hash,al1_0.details,al1_0.entity_id,al1_0.entity_type,al1_0.performed_by,al1_0.previous_hash,al1_0.timestamp from audit_logs al1_0 order by al1_0.id desc limit ?
2026-08-21T08:26:21.746+05:30 DEBUG 29456 --- [demo] [           main] org.hibernate.SQL                        : insert into audit_logs (action,current_hash,details,entity_id,entity_type,performed_by,previous_hash,timestamp) values (?,?,?,?,?,?,?,?)
2026-08-21T08:26:21.752+05:30 DEBUG 29456 --- [demo] [           main] org.hibernate.SQL                        : select ce1_0.id,ce1_0.code,ce1_0.created_at,ce1_0.display_name,ce1_0.event_timestamp,ce1_0.event_type,ce1_0.numeric_value,ce1_0.patient_id,ce1_0.raw_fhir_json,ce1_0.source_record_id,ce1_0.source_system,ce1_0.unit,ce1_0.value from clinical_events ce1_0 where ce1_0.source_system=? and ce1_0.source_record_id=?
2026-08-21T08:26:21.753+05:30 DEBUG 29456 --- [demo] [           main] org.hibernate.SQL                        : select pi1_0.id,pi1_0.created_at,pi1_0.match_score,pi1_0.match_status,pi1_0.patient_id,pi1_0.source_patient_id,pi1_0.source_system from patient_identities pi1_0 where pi1_0.source_system=? and pi1_0.source_patient_id=?
2026-08-21T08:26:21.755+05:30 DEBUG 29456 --- [demo] [           main] org.hibernate.SQL                        : insert into clinical_events (code,created_at,display_name,event_timestamp,event_type,numeric_value,patient_id,raw_fhir_json,source_record_id,source_system,unit,value) values (?,?,?,?,?,?,?,?,?,?,?,?)
2026-08-21T08:26:21.757+05:30 DEBUG 29456 --- [demo] [           main] org.hibernate.SQL                        : select al1_0.id,al1_0.action,al1_0.current_hash,al1_0.details,al1_0.entity_id,al1_0.entity_type,al1_0.performed_by,al1_0.previous_hash,al1_0.timestamp from audit_logs al1_0 order by al1_0.id desc limit ?
2026-08-21T08:26:21.758+05:30 DEBUG 29456 --- [demo] [           main] org.hibernate.SQL                        : insert into audit_logs (action,current_hash,details,entity_id,entity_type,performed_by,previous_hash,timestamp) values (?,?,?,?,?,?,?,?)
2026-08-21T08:26:21.762+05:30 DEBUG 29456 --- [demo] [           main] org.hibernate.SQL                        : select ce1_0.id,ce1_0.code,ce1_0.created_at,ce1_0.display_name,ce1_0.event_timestamp,ce1_0.event_type,ce1_0.numeric_value,ce1_0.patient_id,ce1_0.raw_fhir_json,ce1_0.source_record_id,ce1_0.source_system,ce1_0.unit,ce1_0.value from clinical_events ce1_0 where ce1_0.source_system=? and ce1_0.source_record_id=?
2026-08-21T08:26:21.764+05:30 DEBUG 29456 --- [demo] [           main] org.hibernate.SQL                        : select pi1_0.id,pi1_0.created_at,pi1_0.match_score,pi1_0.match_status,pi1_0.patient_id,pi1_0.source_patient_id,pi1_0.source_system from patient_identities pi1_0 where pi1_0.source_system=? and pi1_0.source_patient_id=?
2026-08-21T08:26:21.766+05:30 DEBUG 29456 --- [demo] [           main] org.hibernate.SQL                        : insert into clinical_events (code,created_at,display_name,event_timestamp,event_type,numeric_value,patient_id,raw_fhir_json,source_record_id,source_system,unit,value) values (?,?,?,?,?,?,?,?,?,?,?,?)
2026-08-21T08:26:21.768+05:30 DEBUG 29456 --- [demo] [           main] org.hibernate.SQL                        : select al1_0.id,al1_0.action,al1_0.current_hash,al1_0.details,al1_0.entity_id,al1_0.entity_type,al1_0.performed_by,al1_0.previous_hash,al1_0.timestamp from audit_logs al1_0 order by al1_0.id desc limit ?
2026-08-21T08:26:21.769+05:30 DEBUG 29456 --- [demo] [           main] org.hibernate.SQL                        : insert into audit_logs (action,current_hash,details,entity_id,entity_type,performed_by,previous_hash,timestamp) values (?,?,?,?,?,?,?,?)
2026-08-21T08:26:21.773+05:30 DEBUG 29456 --- [demo] [           main] org.hibernate.SQL                        : select ce1_0.id,ce1_0.code,ce1_0.created_at,ce1_0.display_name,ce1_0.event_timestamp,ce1_0.event_type,ce1_0.numeric_value,ce1_0.patient_id,ce1_0.raw_fhir_json,ce1_0.source_record_id,ce1_0.source_system,ce1_0.unit,ce1_0.value from clinical_events ce1_0 where ce1_0.source_system=? and ce1_0.source_record_id=?
2026-08-21T08:26:21.775+05:30 DEBUG 29456 --- [demo] [           main] org.hibernate.SQL                        : select pi1_0.id,pi1_0.created_at,pi1_0.match_score,pi1_0.match_status,pi1_0.patient_id,pi1_0.source_patient_id,pi1_0.source_system from patient_identities pi1_0 where pi1_0.source_system=? and pi1_0.source_patient_id=?
2026-08-21T08:26:21.777+05:30 DEBUG 29456 --- [demo] [           main] org.hibernate.SQL                        : insert into clinical_events (code,created_at,display_name,event_timestamp,event_type,numeric_value,patient_id,raw_fhir_json,source_record_id,source_system,unit,value) values (?,?,?,?,?,?,?,?,?,?,?,?)
2026-08-21T08:26:21.780+05:30 DEBUG 29456 --- [demo] [           main] org.hibernate.SQL                        : select al1_0.id,al1_0.action,al1_0.current_hash,al1_0.details,al1_0.entity_id,al1_0.entity_type,al1_0.performed_by,al1_0.previous_hash,al1_0.timestamp from audit_logs al1_0 order by al1_0.id desc limit ?
2026-08-21T08:26:21.781+05:30 DEBUG 29456 --- [demo] [           main] org.hibernate.SQL                        : insert into audit_logs (action,current_hash,details,entity_id,entity_type,performed_by,previous_hash,timestamp) values (?,?,?,?,?,?,?,?)
2026-08-21T08:26:21.786+05:30 DEBUG 29456 --- [demo] [           main] org.hibernate.SQL                        : select ce1_0.id,ce1_0.code,ce1_0.created_at,ce1_0.display_name,ce1_0.event_timestamp,ce1_0.event_type,ce1_0.numeric_value,ce1_0.patient_id,ce1_0.raw_fhir_json,ce1_0.source_record_id,ce1_0.source_system,ce1_0.unit,ce1_0.value from clinical_events ce1_0 where ce1_0.source_system=? and ce1_0.source_record_id=?
2026-08-21T08:26:21.788+05:30 DEBUG 29456 --- [demo] [           main] org.hibernate.SQL                        : select pi1_0.id,pi1_0.created_at,pi1_0.match_score,pi1_0.match_status,pi1_0.patient_id,pi1_0.source_patient_id,pi1_0.source_system from patient_identities pi1_0 where pi1_0.source_system=? and pi1_0.source_patient_id=?
2026-08-21T08:26:21.790+05:30 DEBUG 29456 --- [demo] [           main] org.hibernate.SQL                        : insert into clinical_events (code,created_at,display_name,event_timestamp,event_type,numeric_value,patient_id,raw_fhir_json,source_record_id,source_system,unit,value) values (?,?,?,?,?,?,?,?,?,?,?,?)
2026-08-21T08:26:21.793+05:30 DEBUG 29456 --- [demo] [           main] org.hibernate.SQL                        : select al1_0.id,al1_0.action,al1_0.current_hash,al1_0.details,al1_0.entity_id,al1_0.entity_type,al1_0.performed_by,al1_0.previous_hash,al1_0.timestamp from audit_logs al1_0 order by al1_0.id desc limit ?
2026-08-21T08:26:21.795+05:30 DEBUG 29456 --- [demo] [           main] org.hibernate.SQL                        : insert into audit_logs (action,current_hash,details,entity_id,entity_type,performed_by,previous_hash,timestamp) values (?,?,?,?,?,?,?,?)
2026-08-21T08:26:21.800+05:30 DEBUG 29456 --- [demo] [           main] org.hibernate.SQL                        : select ce1_0.id,ce1_0.code,ce1_0.created_at,ce1_0.display_name,ce1_0.event_timestamp,ce1_0.event_type,ce1_0.numeric_value,ce1_0.patient_id,ce1_0.raw_fhir_json,ce1_0.source_record_id,ce1_0.source_system,ce1_0.unit,ce1_0.value from clinical_events ce1_0 where ce1_0.source_system=? and ce1_0.source_record_id=?
2026-08-21T08:26:21.801+05:30 DEBUG 29456 --- [demo] [           main] org.hibernate.SQL                        : select pi1_0.id,pi1_0.created_at,pi1_0.match_score,pi1_0.match_status,pi1_0.patient_id,pi1_0.source_patient_id,pi1_0.source_system from patient_identities pi1_0 where pi1_0.source_system=? and pi1_0.source_patient_id=?
2026-08-21T08:26:21.802+05:30 DEBUG 29456 --- [demo] [           main] org.hibernate.SQL                        : insert into clinical_events (code,created_at,display_name,event_timestamp,event_type,numeric_value,patient_id,raw_fhir_json,source_record_id,source_system,unit,value) values (?,?,?,?,?,?,?,?,?,?,?,?)
2026-08-21T08:26:21.804+05:30 DEBUG 29456 --- [demo] [           main] org.hibernate.SQL                        : select al1_0.id,al1_0.action,al1_0.current_hash,al1_0.details,al1_0.entity_id,al1_0.entity_type,al1_0.performed_by,al1_0.previous_hash,al1_0.timestamp from audit_logs al1_0 order by al1_0.id desc limit ?
2026-08-21T08:26:21.806+05:30 DEBUG 29456 --- [demo] [           main] org.hibernate.SQL                        : insert into audit_logs (action,current_hash,details,entity_id,entity_type,performed_by,previous_hash,timestamp) values (?,?,?,?,?,?,?,?)
2026-08-21T08:26:21.816+05:30 DEBUG 29456 --- [demo] [           main] org.hibernate.SQL                        : insert into trials (created_at,description,original_eligibility_text,title,trial_code) values (?,?,?,?,?)
2026-08-21T08:26:21.820+05:30 DEBUG 29456 --- [demo] [           main] org.hibernate.SQL                        : insert into trial_criteria (clinical_field,criterion_type,description,max_value,min_value,operator,reviewed_by_human,trial_id,unit,value) values (?,?,?,?,?,?,?,?,?,?)
2026-08-21T08:26:21.821+05:30 DEBUG 29456 --- [demo] [           main] org.hibernate.SQL                        : insert into trial_criteria (clinical_field,criterion_type,description,max_value,min_value,operator,reviewed_by_human,trial_id,unit,value) values (?,?,?,?,?,?,?,?,?,?)
2026-08-21T08:26:21.822+05:30 DEBUG 29456 --- [demo] [           main] org.hibernate.SQL                        : insert into trial_criteria (clinical_field,criterion_type,description,max_value,min_value,operator,reviewed_by_human,trial_id,unit,value) values (?,?,?,?,?,?,?,?,?,?)
2026-08-21T08:26:21.823+05:30 DEBUG 29456 --- [demo] [           main] org.hibernate.SQL                        : insert into trial_criteria (clinical_field,criterion_type,description,max_value,min_value,operator,reviewed_by_human,trial_id,unit,value) values (?,?,?,?,?,?,?,?,?,?)
2026-08-21T08:26:21.834+05:30 DEBUG 29456 --- [demo] [           main] org.hibernate.SQL                        : insert into trials (created_at,description,original_eligibility_text,title,trial_code) values (?,?,?,?,?)
2026-08-21T08:26:21.835+05:30 DEBUG 29456 --- [demo] [           main] org.hibernate.SQL                        : insert into trial_criteria (clinical_field,criterion_type,description,max_value,min_value,operator,reviewed_by_human,trial_id,unit,value) values (?,?,?,?,?,?,?,?,?,?)
2026-08-21T08:26:21.836+05:30 DEBUG 29456 --- [demo] [           main] org.hibernate.SQL                        : insert into trial_criteria (clinical_field,criterion_type,description,max_value,min_value,operator,reviewed_by_human,trial_id,unit,value) values (?,?,?,?,?,?,?,?,?,?)
2026-08-21T08:26:21.840+05:30 DEBUG 29456 --- [demo] [           main] org.hibernate.SQL                        : insert into trials (created_at,description,original_eligibility_text,title,trial_code) values (?,?,?,?,?)
2026-08-21T08:26:21.842+05:30 DEBUG 29456 --- [demo] [           main] org.hibernate.SQL                        : insert into trial_criteria (clinical_field,criterion_type,description,max_value,min_value,operator,reviewed_by_human,trial_id,unit,value) values (?,?,?,?,?,?,?,?,?,?)
2026-08-21T08:26:21.843+05:30 DEBUG 29456 --- [demo] [           main] org.hibernate.SQL                        : insert into trial_criteria (clinical_field,criterion_type,description,max_value,min_value,operator,reviewed_by_human,trial_id,unit,value) values (?,?,?,?,?,?,?,?,?,?)
2026-08-21T08:26:21.844+05:30 DEBUG 29456 --- [demo] [           main] org.hibernate.SQL                        : insert into trial_criteria (clinical_field,criterion_type,description,max_value,min_value,operator,reviewed_by_human,trial_id,unit,value) values (?,?,?,?,?,?,?,?,?,?)
2026-08-21T08:26:21.850+05:30 DEBUG 29456 --- [demo] [           main] org.hibernate.SQL                        : select t1_0.id,t1_0.created_at,t1_0.description,t1_0.original_eligibility_text,t1_0.title,t1_0.trial_code from trials t1_0
2026-08-21T08:26:21.854+05:30 DEBUG 29456 --- [demo] [           main] org.hibernate.SQL                        : select p1_0.id,p1_0.canonical_patient_id,p1_0.consent_status,p1_0.created_at,p1_0.date_of_birth,p1_0.email,p1_0.first_name,p1_0.gender,p1_0.last_name,p1_0.phone,p1_0.updated_at from patients p1_0
2026-08-21T08:26:21.863+05:30 DEBUG 29456 --- [demo] [           main] org.hibernate.SQL                        : select t1_0.id,t1_0.created_at,t1_0.description,t1_0.original_eligibility_text,t1_0.title,t1_0.trial_code from trials t1_0 where t1_0.id=?
2026-08-21T08:26:21.864+05:30 DEBUG 29456 --- [demo] [           main] org.hibernate.SQL                        : select p1_0.id,p1_0.canonical_patient_id,p1_0.consent_status,p1_0.created_at,p1_0.date_of_birth,p1_0.email,p1_0.first_name,p1_0.gender,p1_0.last_name,p1_0.phone,p1_0.updated_at from patients p1_0 where p1_0.id=?
2026-08-21T08:26:21.869+05:30 DEBUG 29456 --- [demo] [           main] org.hibernate.SQL                        : select tm1_0.id,tm1_0.matched_at,tm1_0.patient_id,tm1_0.review_notes,tm1_0.status,tm1_0.trial_id from trial_matches tm1_0 where tm1_0.trial_id=? and tm1_0.patient_id=?
2026-08-21T08:26:21.872+05:30 DEBUG 29456 --- [demo] [           main] org.hibernate.SQL                        : select c1_0.trial_id,c1_0.id,c1_0.clinical_field,c1_0.criterion_type,c1_0.description,c1_0.max_value,c1_0.min_value,c1_0.operator,c1_0.reviewed_by_human,c1_0.unit,c1_0.value from trial_criteria c1_0 where c1_0.trial_id=?
2026-08-21T08:26:21.878+05:30 DEBUG 29456 --- [demo] [           main] org.hibernate.SQL                        : select ce1_0.id,ce1_0.code,ce1_0.created_at,ce1_0.display_name,ce1_0.event_timestamp,ce1_0.event_type,ce1_0.numeric_value,ce1_0.patient_id,ce1_0.raw_fhir_json,ce1_0.source_record_id,ce1_0.source_system,ce1_0.unit,ce1_0.value from clinical_events ce1_0 where ce1_0.patient_id=? and ce1_0.event_type=? order by ce1_0.event_timestamp desc
2026-08-21T08:26:21.881+05:30 DEBUG 29456 --- [demo] [           main] org.hibernate.SQL                        : select ce1_0.id,ce1_0.code,ce1_0.created_at,ce1_0.display_name,ce1_0.event_timestamp,ce1_0.event_type,ce1_0.numeric_value,ce1_0.patient_id,ce1_0.raw_fhir_json,ce1_0.source_record_id,ce1_0.source_system,ce1_0.unit,ce1_0.value from clinical_events ce1_0 where ce1_0.patient_id=? and ce1_0.event_type=? order by ce1_0.event_timestamp desc
2026-08-21T08:26:21.883+05:30 DEBUG 29456 --- [demo] [           main] org.hibernate.SQL                        : select ce1_0.id,ce1_0.code,ce1_0.created_at,ce1_0.display_name,ce1_0.event_timestamp,ce1_0.event_type,ce1_0.numeric_value,ce1_0.patient_id,ce1_0.raw_fhir_json,ce1_0.source_record_id,ce1_0.source_system,ce1_0.unit,ce1_0.value from clinical_events ce1_0 where ce1_0.patient_id=? and ce1_0.event_type=? order by ce1_0.event_timestamp desc
2026-08-21T08:26:21.885+05:30 DEBUG 29456 --- [demo] [           main] org.hibernate.SQL                        : insert into trial_matches (matched_at,patient_id,review_notes,status,trial_id) values (?,?,?,?,?)
2026-08-21T08:26:21.886+05:30 DEBUG 29456 --- [demo] [           main] org.hibernate.SQL                        : insert into criterion_results (clinical_event_id,criterion_id,explanation,gap_description,gap_to_pass,patient_value,status,trial_match_id) values (?,?,?,?,?,?,?,?)
2026-08-21T08:26:21.888+05:30 DEBUG 29456 --- [demo] [           main] org.hibernate.SQL                        : insert into criterion_results (clinical_event_id,criterion_id,explanation,gap_description,gap_to_pass,patient_value,status,trial_match_id) values (?,?,?,?,?,?,?,?)
2026-08-21T08:26:21.889+05:30 DEBUG 29456 --- [demo] [           main] org.hibernate.SQL                        : insert into criterion_results (clinical_event_id,criterion_id,explanation,gap_description,gap_to_pass,patient_value,status,trial_match_id) values (?,?,?,?,?,?,?,?)
2026-08-21T08:26:21.890+05:30 DEBUG 29456 --- [demo] [           main] org.hibernate.SQL                        : insert into criterion_results (clinical_event_id,criterion_id,explanation,gap_description,gap_to_pass,patient_value,status,trial_match_id) values (?,?,?,?,?,?,?,?)
2026-08-21T08:26:21.892+05:30 DEBUG 29456 --- [demo] [           main] org.hibernate.SQL                        : select al1_0.id,al1_0.action,al1_0.current_hash,al1_0.details,al1_0.entity_id,al1_0.entity_type,al1_0.performed_by,al1_0.previous_hash,al1_0.timestamp from audit_logs al1_0 order by al1_0.id desc limit ?
2026-08-21T08:26:21.894+05:30 DEBUG 29456 --- [demo] [           main] org.hibernate.SQL                        : insert into audit_logs (action,current_hash,details,entity_id,entity_type,performed_by,previous_hash,timestamp) values (?,?,?,?,?,?,?,?)
2026-08-21T08:26:21.900+05:30 DEBUG 29456 --- [demo] [           main] org.hibernate.SQL                        : select t1_0.id,t1_0.created_at,t1_0.description,t1_0.original_eligibility_text,t1_0.title,t1_0.trial_code from trials t1_0 where t1_0.id=?
2026-08-21T08:26:21.901+05:30 DEBUG 29456 --- [demo] [           main] org.hibernate.SQL                        : select p1_0.id,p1_0.canonical_patient_id,p1_0.consent_status,p1_0.created_at,p1_0.date_of_birth,p1_0.email,p1_0.first_name,p1_0.gender,p1_0.last_name,p1_0.phone,p1_0.updated_at from patients p1_0 where p1_0.id=?
2026-08-21T08:26:21.903+05:30 DEBUG 29456 --- [demo] [           main] org.hibernate.SQL                        : select tm1_0.id,tm1_0.matched_at,tm1_0.patient_id,tm1_0.review_notes,tm1_0.status,tm1_0.trial_id from trial_matches tm1_0 where tm1_0.trial_id=? and tm1_0.patient_id=?
2026-08-21T08:26:21.904+05:30 DEBUG 29456 --- [demo] [           main] org.hibernate.SQL                        : select c1_0.trial_id,c1_0.id,c1_0.clinical_field,c1_0.criterion_type,c1_0.description,c1_0.max_value,c1_0.min_value,c1_0.operator,c1_0.reviewed_by_human,c1_0.unit,c1_0.value from trial_criteria c1_0 where c1_0.trial_id=?
2026-08-21T08:26:21.906+05:30 DEBUG 29456 --- [demo] [           main] org.hibernate.SQL                        : select ce1_0.id,ce1_0.code,ce1_0.created_at,ce1_0.display_name,ce1_0.event_timestamp,ce1_0.event_type,ce1_0.numeric_value,ce1_0.patient_id,ce1_0.raw_fhir_json,ce1_0.source_record_id,ce1_0.source_system,ce1_0.unit,ce1_0.value from clinical_events ce1_0 where ce1_0.patient_id=? and ce1_0.event_type=? order by ce1_0.event_timestamp desc
2026-08-21T08:26:21.908+05:30 DEBUG 29456 --- [demo] [           main] org.hibernate.SQL                        : select ce1_0.id,ce1_0.code,ce1_0.created_at,ce1_0.display_name,ce1_0.event_timestamp,ce1_0.event_type,ce1_0.numeric_value,ce1_0.patient_id,ce1_0.raw_fhir_json,ce1_0.source_record_id,ce1_0.source_system,ce1_0.unit,ce1_0.value from clinical_events ce1_0 where ce1_0.patient_id=? and ce1_0.event_type=? order by ce1_0.event_timestamp desc
2026-08-21T08:26:21.911+05:30 DEBUG 29456 --- [demo] [           main] org.hibernate.SQL                        : select ce1_0.id,ce1_0.code,ce1_0.created_at,ce1_0.display_name,ce1_0.event_timestamp,ce1_0.event_type,ce1_0.numeric_value,ce1_0.patient_id,ce1_0.raw_fhir_json,ce1_0.source_record_id,ce1_0.source_system,ce1_0.unit,ce1_0.value from clinical_events ce1_0 where ce1_0.patient_id=? and ce1_0.event_type=? order by ce1_0.event_timestamp desc
2026-08-21T08:26:21.913+05:30 DEBUG 29456 --- [demo] [           main] org.hibernate.SQL                        : insert into trial_matches (matched_at,patient_id,review_notes,status,trial_id) values (?,?,?,?,?)
2026-08-21T08:26:21.914+05:30 DEBUG 29456 --- [demo] [           main] org.hibernate.SQL                        : insert into criterion_results (clinical_event_id,criterion_id,explanation,gap_description,gap_to_pass,patient_value,status,trial_match_id) values (?,?,?,?,?,?,?,?)
2026-08-21T08:26:21.916+05:30 DEBUG 29456 --- [demo] [           main] org.hibernate.SQL                        : insert into criterion_results (clinical_event_id,criterion_id,explanation,gap_description,gap_to_pass,patient_value,status,trial_match_id) values (?,?,?,?,?,?,?,?)
2026-08-21T08:26:21.917+05:30 DEBUG 29456 --- [demo] [           main] org.hibernate.SQL                        : insert into criterion_results (clinical_event_id,criterion_id,explanation,gap_description,gap_to_pass,patient_value,status,trial_match_id) values (?,?,?,?,?,?,?,?)
2026-08-21T08:26:21.919+05:30 DEBUG 29456 --- [demo] [           main] org.hibernate.SQL                        : insert into criterion_results (clinical_event_id,criterion_id,explanation,gap_description,gap_to_pass,patient_value,status,trial_match_id) values (?,?,?,?,?,?,?,?)
2026-08-21T08:26:21.921+05:30 DEBUG 29456 --- [demo] [           main] org.hibernate.SQL                        : select al1_0.id,al1_0.action,al1_0.current_hash,al1_0.details,al1_0.entity_id,al1_0.entity_type,al1_0.performed_by,al1_0.previous_hash,al1_0.timestamp from audit_logs al1_0 order by al1_0.id desc limit ?
2026-08-21T08:26:21.922+05:30 DEBUG 29456 --- [demo] [           main] org.hibernate.SQL                        : insert into audit_logs (action,current_hash,details,entity_id,entity_type,performed_by,previous_hash,timestamp) values (?,?,?,?,?,?,?,?)
2026-08-21T08:26:21.927+05:30 DEBUG 29456 --- [demo] [           main] org.hibernate.SQL                        : select t1_0.id,t1_0.created_at,t1_0.description,t1_0.original_eligibility_text,t1_0.title,t1_0.trial_code from trials t1_0 where t1_0.id=?
2026-08-21T08:26:21.929+05:30 DEBUG 29456 --- [demo] [           main] org.hibernate.SQL                        : select p1_0.id,p1_0.canonical_patient_id,p1_0.consent_status,p1_0.created_at,p1_0.date_of_birth,p1_0.email,p1_0.first_name,p1_0.gender,p1_0.last_name,p1_0.phone,p1_0.updated_at from patients p1_0 where p1_0.id=?
2026-08-21T08:26:21.931+05:30 DEBUG 29456 --- [demo] [           main] org.hibernate.SQL                        : select tm1_0.id,tm1_0.matched_at,tm1_0.patient_id,tm1_0.review_notes,tm1_0.status,tm1_0.trial_id from trial_matches tm1_0 where tm1_0.trial_id=? and tm1_0.patient_id=?
2026-08-21T08:26:21.932+05:30 DEBUG 29456 --- [demo] [           main] org.hibernate.SQL                        : select c1_0.trial_id,c1_0.id,c1_0.clinical_field,c1_0.criterion_type,c1_0.description,c1_0.max_value,c1_0.min_value,c1_0.operator,c1_0.reviewed_by_human,c1_0.unit,c1_0.value from trial_criteria c1_0 where c1_0.trial_id=?
2026-08-21T08:26:21.934+05:30 DEBUG 29456 --- [demo] [           main] org.hibernate.SQL                        : select ce1_0.id,ce1_0.code,ce1_0.created_at,ce1_0.display_name,ce1_0.event_timestamp,ce1_0.event_type,ce1_0.numeric_value,ce1_0.patient_id,ce1_0.raw_fhir_json,ce1_0.source_record_id,ce1_0.source_system,ce1_0.unit,ce1_0.value from clinical_events ce1_0 where ce1_0.patient_id=? and ce1_0.event_type=? order by ce1_0.event_timestamp desc
2026-08-21T08:26:21.936+05:30 DEBUG 29456 --- [demo] [           main] org.hibernate.SQL                        : select ce1_0.id,ce1_0.code,ce1_0.created_at,ce1_0.display_name,ce1_0.event_timestamp,ce1_0.event_type,ce1_0.numeric_value,ce1_0.patient_id,ce1_0.raw_fhir_json,ce1_0.source_record_id,ce1_0.source_system,ce1_0.unit,ce1_0.value from clinical_events ce1_0 where ce1_0.patient_id=? and ce1_0.event_type=? order by ce1_0.event_timestamp desc
2026-08-21T08:26:21.938+05:30 DEBUG 29456 --- [demo] [           main] org.hibernate.SQL                        : select ce1_0.id,ce1_0.code,ce1_0.created_at,ce1_0.display_name,ce1_0.event_timestamp,ce1_0.event_type,ce1_0.numeric_value,ce1_0.patient_id,ce1_0.raw_fhir_json,ce1_0.source_record_id,ce1_0.source_system,ce1_0.unit,ce1_0.value from clinical_events ce1_0 where ce1_0.patient_id=? and ce1_0.event_type=? order by ce1_0.event_timestamp desc
2026-08-21T08:26:21.939+05:30 DEBUG 29456 --- [demo] [           main] org.hibernate.SQL                        : insert into trial_matches (matched_at,patient_id,review_notes,status,trial_id) values (?,?,?,?,?)
2026-08-21T08:26:21.940+05:30 DEBUG 29456 --- [demo] [           main] org.hibernate.SQL                        : insert into criterion_results (clinical_event_id,criterion_id,explanation,gap_description,gap_to_pass,patient_value,status,trial_match_id) values (?,?,?,?,?,?,?,?)
2026-08-21T08:26:21.940+05:30 DEBUG 29456 --- [demo] [           main] org.hibernate.SQL                        : insert into criterion_results (clinical_event_id,criterion_id,explanation,gap_description,gap_to_pass,patient_value,status,trial_match_id) values (?,?,?,?,?,?,?,?)
2026-08-21T08:26:21.941+05:30 DEBUG 29456 --- [demo] [           main] org.hibernate.SQL                        : insert into criterion_results (clinical_event_id,criterion_id,explanation,gap_description,gap_to_pass,patient_value,status,trial_match_id) values (?,?,?,?,?,?,?,?)
2026-08-21T08:26:21.942+05:30 DEBUG 29456 --- [demo] [           main] org.hibernate.SQL                        : insert into criterion_results (clinical_event_id,criterion_id,explanation,gap_description,gap_to_pass,patient_value,status,trial_match_id) values (?,?,?,?,?,?,?,?)
2026-08-21T08:26:21.944+05:30 DEBUG 29456 --- [demo] [           main] org.hibernate.SQL                        : select al1_0.id,al1_0.action,al1_0.current_hash,al1_0.details,al1_0.entity_id,al1_0.entity_type,al1_0.performed_by,al1_0.previous_hash,al1_0.timestamp from audit_logs al1_0 order by al1_0.id desc limit ?
2026-08-21T08:26:21.945+05:30 DEBUG 29456 --- [demo] [           main] org.hibernate.SQL                        : insert into audit_logs (action,current_hash,details,entity_id,entity_type,performed_by,previous_hash,timestamp) values (?,?,?,?,?,?,?,?)
2026-08-21T08:26:21.950+05:30 DEBUG 29456 --- [demo] [           main] org.hibernate.SQL                        : select t1_0.id,t1_0.created_at,t1_0.description,t1_0.original_eligibility_text,t1_0.title,t1_0.trial_code from trials t1_0 where t1_0.id=?
2026-08-21T08:26:21.951+05:30 DEBUG 29456 --- [demo] [           main] org.hibernate.SQL                        : select p1_0.id,p1_0.canonical_patient_id,p1_0.consent_status,p1_0.created_at,p1_0.date_of_birth,p1_0.email,p1_0.first_name,p1_0.gender,p1_0.last_name,p1_0.phone,p1_0.updated_at from patients p1_0 where p1_0.id=?
2026-08-21T08:26:21.953+05:30 DEBUG 29456 --- [demo] [           main] org.hibernate.SQL                        : select tm1_0.id,tm1_0.matched_at,tm1_0.patient_id,tm1_0.review_notes,tm1_0.status,tm1_0.trial_id from trial_matches tm1_0 where tm1_0.trial_id=? and tm1_0.patient_id=?
2026-08-21T08:26:21.954+05:30 DEBUG 29456 --- [demo] [           main] org.hibernate.SQL                        : select c1_0.trial_id,c1_0.id,c1_0.clinical_field,c1_0.criterion_type,c1_0.description,c1_0.max_value,c1_0.min_value,c1_0.operator,c1_0.reviewed_by_human,c1_0.unit,c1_0.value from trial_criteria c1_0 where c1_0.trial_id=?
2026-08-21T08:26:21.956+05:30 DEBUG 29456 --- [demo] [           main] org.hibernate.SQL                        : select ce1_0.id,ce1_0.code,ce1_0.created_at,ce1_0.display_name,ce1_0.event_timestamp,ce1_0.event_type,ce1_0.numeric_value,ce1_0.patient_id,ce1_0.raw_fhir_json,ce1_0.source_record_id,ce1_0.source_system,ce1_0.unit,ce1_0.value from clinical_events ce1_0 where ce1_0.patient_id=? and ce1_0.event_type=? order by ce1_0.event_timestamp desc
2026-08-21T08:26:21.957+05:30 DEBUG 29456 --- [demo] [           main] org.hibernate.SQL                        : select ce1_0.id,ce1_0.code,ce1_0.created_at,ce1_0.display_name,ce1_0.event_timestamp,ce1_0.event_type,ce1_0.numeric_value,ce1_0.patient_id,ce1_0.raw_fhir_json,ce1_0.source_record_id,ce1_0.source_system,ce1_0.unit,ce1_0.value from clinical_events ce1_0 where ce1_0.patient_id=? and ce1_0.event_type=? order by ce1_0.event_timestamp desc
2026-08-21T08:26:21.959+05:30 DEBUG 29456 --- [demo] [           main] org.hibernate.SQL                        : select ce1_0.id,ce1_0.code,ce1_0.created_at,ce1_0.display_name,ce1_0.event_timestamp,ce1_0.event_type,ce1_0.numeric_value,ce1_0.patient_id,ce1_0.raw_fhir_json,ce1_0.source_record_id,ce1_0.source_system,ce1_0.unit,ce1_0.value from clinical_events ce1_0 where ce1_0.patient_id=? and ce1_0.event_type=? order by ce1_0.event_timestamp desc
2026-08-21T08:26:21.961+05:30 DEBUG 29456 --- [demo] [           main] org.hibernate.SQL                        : insert into trial_matches (matched_at,patient_id,review_notes,status,trial_id) values (?,?,?,?,?)
2026-08-21T08:26:21.962+05:30 DEBUG 29456 --- [demo] [           main] org.hibernate.SQL                        : insert into criterion_results (clinical_event_id,criterion_id,explanation,gap_description,gap_to_pass,patient_value,status,trial_match_id) values (?,?,?,?,?,?,?,?)
2026-08-21T08:26:21.963+05:30 DEBUG 29456 --- [demo] [           main] org.hibernate.SQL                        : insert into criterion_results (clinical_event_id,criterion_id,explanation,gap_description,gap_to_pass,patient_value,status,trial_match_id) values (?,?,?,?,?,?,?,?)
2026-08-21T08:26:21.964+05:30 DEBUG 29456 --- [demo] [           main] org.hibernate.SQL                        : insert into criterion_results (clinical_event_id,criterion_id,explanation,gap_description,gap_to_pass,patient_value,status,trial_match_id) values (?,?,?,?,?,?,?,?)
2026-08-21T08:26:21.965+05:30 DEBUG 29456 --- [demo] [           main] org.hibernate.SQL                        : insert into criterion_results (clinical_event_id,criterion_id,explanation,gap_description,gap_to_pass,patient_value,status,trial_match_id) values (?,?,?,?,?,?,?,?)
2026-08-21T08:26:21.967+05:30 DEBUG 29456 --- [demo] [           main] org.hibernate.SQL                        : select al1_0.id,al1_0.action,al1_0.current_hash,al1_0.details,al1_0.entity_id,al1_0.entity_type,al1_0.performed_by,al1_0.previous_hash,al1_0.timestamp from audit_logs al1_0 order by al1_0.id desc limit ?
2026-08-21T08:26:21.969+05:30 DEBUG 29456 --- [demo] [           main] org.hibernate.SQL                        : insert into audit_logs (action,current_hash,details,entity_id,entity_type,performed_by,previous_hash,timestamp) values (?,?,?,?,?,?,?,?)
2026-08-21T08:26:21.973+05:30 DEBUG 29456 --- [demo] [           main] org.hibernate.SQL                        : select t1_0.id,t1_0.created_at,t1_0.description,t1_0.original_eligibility_text,t1_0.title,t1_0.trial_code from trials t1_0 where t1_0.id=?
2026-08-21T08:26:21.974+05:30 DEBUG 29456 --- [demo] [           main] org.hibernate.SQL                        : select p1_0.id,p1_0.canonical_patient_id,p1_0.consent_status,p1_0.created_at,p1_0.date_of_birth,p1_0.email,p1_0.first_name,p1_0.gender,p1_0.last_name,p1_0.phone,p1_0.updated_at from patients p1_0 where p1_0.id=?
2026-08-21T08:26:21.976+05:30 DEBUG 29456 --- [demo] [           main] org.hibernate.SQL                        : select tm1_0.id,tm1_0.matched_at,tm1_0.patient_id,tm1_0.review_notes,tm1_0.status,tm1_0.trial_id from trial_matches tm1_0 where tm1_0.trial_id=? and tm1_0.patient_id=?
2026-08-21T08:26:21.977+05:30 DEBUG 29456 --- [demo] [           main] org.hibernate.SQL                        : select c1_0.trial_id,c1_0.id,c1_0.clinical_field,c1_0.criterion_type,c1_0.description,c1_0.max_value,c1_0.min_value,c1_0.operator,c1_0.reviewed_by_human,c1_0.unit,c1_0.value from trial_criteria c1_0 where c1_0.trial_id=?
2026-08-21T08:26:21.980+05:30 DEBUG 29456 --- [demo] [           main] org.hibernate.SQL                        : select ce1_0.id,ce1_0.code,ce1_0.created_at,ce1_0.display_name,ce1_0.event_timestamp,ce1_0.event_type,ce1_0.numeric_value,ce1_0.patient_id,ce1_0.raw_fhir_json,ce1_0.source_record_id,ce1_0.source_system,ce1_0.unit,ce1_0.value from clinical_events ce1_0 where ce1_0.patient_id=? and ce1_0.event_type=? order by ce1_0.event_timestamp desc
2026-08-21T08:26:21.982+05:30 DEBUG 29456 --- [demo] [           main] org.hibernate.SQL                        : select ce1_0.id,ce1_0.code,ce1_0.created_at,ce1_0.display_name,ce1_0.event_timestamp,ce1_0.event_type,ce1_0.numeric_value,ce1_0.patient_id,ce1_0.raw_fhir_json,ce1_0.source_record_id,ce1_0.source_system,ce1_0.unit,ce1_0.value from clinical_events ce1_0 where ce1_0.patient_id=? and ce1_0.event_type=? order by ce1_0.event_timestamp desc
2026-08-21T08:26:21.983+05:30 DEBUG 29456 --- [demo] [           main] org.hibernate.SQL                        : select ce1_0.id,ce1_0.code,ce1_0.created_at,ce1_0.display_name,ce1_0.event_timestamp,ce1_0.event_type,ce1_0.numeric_value,ce1_0.patient_id,ce1_0.raw_fhir_json,ce1_0.source_record_id,ce1_0.source_system,ce1_0.unit,ce1_0.value from clinical_events ce1_0 where ce1_0.patient_id=? and ce1_0.event_type=? order by ce1_0.event_timestamp desc
2026-08-21T08:26:21.984+05:30 DEBUG 29456 --- [demo] [           main] org.hibernate.SQL                        : insert into trial_matches (matched_at,patient_id,review_notes,status,trial_id) values (?,?,?,?,?)
2026-08-21T08:26:21.985+05:30 DEBUG 29456 --- [demo] [           main] org.hibernate.SQL                        : insert into criterion_results (clinical_event_id,criterion_id,explanation,gap_description,gap_to_pass,patient_value,status,trial_match_id) values (?,?,?,?,?,?,?,?)
2026-08-21T08:26:21.986+05:30 DEBUG 29456 --- [demo] [           main] org.hibernate.SQL                        : insert into criterion_results (clinical_event_id,criterion_id,explanation,gap_description,gap_to_pass,patient_value,status,trial_match_id) values (?,?,?,?,?,?,?,?)
2026-08-21T08:26:21.987+05:30 DEBUG 29456 --- [demo] [           main] org.hibernate.SQL                        : insert into criterion_results (clinical_event_id,criterion_id,explanation,gap_description,gap_to_pass,patient_value,status,trial_match_id) values (?,?,?,?,?,?,?,?)
2026-08-21T08:26:21.988+05:30 DEBUG 29456 --- [demo] [           main] org.hibernate.SQL                        : insert into criterion_results (clinical_event_id,criterion_id,explanation,gap_description,gap_to_pass,patient_value,status,trial_match_id) values (?,?,?,?,?,?,?,?)
2026-08-21T08:26:21.989+05:30 DEBUG 29456 --- [demo] [           main] org.hibernate.SQL                        : select al1_0.id,al1_0.action,al1_0.current_hash,al1_0.details,al1_0.entity_id,al1_0.entity_type,al1_0.performed_by,al1_0.previous_hash,al1_0.timestamp from audit_logs al1_0 order by al1_0.id desc limit ?
2026-08-21T08:26:21.990+05:30 DEBUG 29456 --- [demo] [           main] org.hibernate.SQL                        : insert into audit_logs (action,current_hash,details,entity_id,entity_type,performed_by,previous_hash,timestamp) values (?,?,?,?,?,?,?,?)
2026-08-21T08:26:21.995+05:30 DEBUG 29456 --- [demo] [           main] org.hibernate.SQL                        : select t1_0.id,t1_0.created_at,t1_0.description,t1_0.original_eligibility_text,t1_0.title,t1_0.trial_code from trials t1_0 where t1_0.id=?
2026-08-21T08:26:21.997+05:30 DEBUG 29456 --- [demo] [           main] org.hibernate.SQL                        : select p1_0.id,p1_0.canonical_patient_id,p1_0.consent_status,p1_0.created_at,p1_0.date_of_birth,p1_0.email,p1_0.first_name,p1_0.gender,p1_0.last_name,p1_0.phone,p1_0.updated_at from patients p1_0 where p1_0.id=?
2026-08-21T08:26:21.998+05:30 DEBUG 29456 --- [demo] [           main] org.hibernate.SQL                        : select tm1_0.id,tm1_0.matched_at,tm1_0.patient_id,tm1_0.review_notes,tm1_0.status,tm1_0.trial_id from trial_matches tm1_0 where tm1_0.trial_id=? and tm1_0.patient_id=?
2026-08-21T08:26:21.999+05:30 DEBUG 29456 --- [demo] [           main] org.hibernate.SQL                        : select c1_0.trial_id,c1_0.id,c1_0.clinical_field,c1_0.criterion_type,c1_0.description,c1_0.max_value,c1_0.min_value,c1_0.operator,c1_0.reviewed_by_human,c1_0.unit,c1_0.value from trial_criteria c1_0 where c1_0.trial_id=?
2026-08-21T08:26:22.001+05:30 DEBUG 29456 --- [demo] [           main] org.hibernate.SQL                        : select ce1_0.id,ce1_0.code,ce1_0.created_at,ce1_0.display_name,ce1_0.event_timestamp,ce1_0.event_type,ce1_0.numeric_value,ce1_0.patient_id,ce1_0.raw_fhir_json,ce1_0.source_record_id,ce1_0.source_system,ce1_0.unit,ce1_0.value from clinical_events ce1_0 where ce1_0.patient_id=? and ce1_0.event_type=? order by ce1_0.event_timestamp desc
2026-08-21T08:26:22.003+05:30 DEBUG 29456 --- [demo] [           main] org.hibernate.SQL                        : select ce1_0.id,ce1_0.code,ce1_0.created_at,ce1_0.display_name,ce1_0.event_timestamp,ce1_0.event_type,ce1_0.numeric_value,ce1_0.patient_id,ce1_0.raw_fhir_json,ce1_0.source_record_id,ce1_0.source_system,ce1_0.unit,ce1_0.value from clinical_events ce1_0 where ce1_0.patient_id=? and ce1_0.event_type=? order by ce1_0.event_timestamp desc
2026-08-21T08:26:22.006+05:30 DEBUG 29456 --- [demo] [           main] org.hibernate.SQL                        : select ce1_0.id,ce1_0.code,ce1_0.created_at,ce1_0.display_name,ce1_0.event_timestamp,ce1_0.event_type,ce1_0.numeric_value,ce1_0.patient_id,ce1_0.raw_fhir_json,ce1_0.source_record_id,ce1_0.source_system,ce1_0.unit,ce1_0.value from clinical_events ce1_0 where ce1_0.patient_id=? and ce1_0.event_type=? order by ce1_0.event_timestamp desc
2026-08-21T08:26:22.007+05:30 DEBUG 29456 --- [demo] [           main] org.hibernate.SQL                        : insert into trial_matches (matched_at,patient_id,review_notes,status,trial_id) values (?,?,?,?,?)
2026-08-21T08:26:22.008+05:30 DEBUG 29456 --- [demo] [           main] org.hibernate.SQL                        : insert into criterion_results (clinical_event_id,criterion_id,explanation,gap_description,gap_to_pass,patient_value,status,trial_match_id) values (?,?,?,?,?,?,?,?)
2026-08-21T08:26:22.009+05:30 DEBUG 29456 --- [demo] [           main] org.hibernate.SQL                        : insert into criterion_results (clinical_event_id,criterion_id,explanation,gap_description,gap_to_pass,patient_value,status,trial_match_id) values (?,?,?,?,?,?,?,?)
2026-08-21T08:26:22.010+05:30 DEBUG 29456 --- [demo] [           main] org.hibernate.SQL                        : insert into criterion_results (clinical_event_id,criterion_id,explanation,gap_description,gap_to_pass,patient_value,status,trial_match_id) values (?,?,?,?,?,?,?,?)
2026-08-21T08:26:22.012+05:30 DEBUG 29456 --- [demo] [           main] org.hibernate.SQL                        : insert into criterion_results (clinical_event_id,criterion_id,explanation,gap_description,gap_to_pass,patient_value,status,trial_match_id) values (?,?,?,?,?,?,?,?)
2026-08-21T08:26:22.014+05:30 DEBUG 29456 --- [demo] [           main] org.hibernate.SQL                        : select al1_0.id,al1_0.action,al1_0.current_hash,al1_0.details,al1_0.entity_id,al1_0.entity_type,al1_0.performed_by,al1_0.previous_hash,al1_0.timestamp from audit_logs al1_0 order by al1_0.id desc limit ?
2026-08-21T08:26:22.015+05:30 DEBUG 29456 --- [demo] [           main] org.hibernate.SQL                        : insert into audit_logs (action,current_hash,details,entity_id,entity_type,performed_by,previous_hash,timestamp) values (?,?,?,?,?,?,?,?)
2026-08-21T08:26:22.019+05:30 DEBUG 29456 --- [demo] [           main] org.hibernate.SQL                        : select t1_0.id,t1_0.created_at,t1_0.description,t1_0.original_eligibility_text,t1_0.title,t1_0.trial_code from trials t1_0 where t1_0.id=?
2026-08-21T08:26:22.020+05:30 DEBUG 29456 --- [demo] [           main] org.hibernate.SQL                        : select p1_0.id,p1_0.canonical_patient_id,p1_0.consent_status,p1_0.created_at,p1_0.date_of_birth,p1_0.email,p1_0.first_name,p1_0.gender,p1_0.last_name,p1_0.phone,p1_0.updated_at from patients p1_0 where p1_0.id=?
2026-08-21T08:26:22.022+05:30 DEBUG 29456 --- [demo] [           main] org.hibernate.SQL                        : select tm1_0.id,tm1_0.matched_at,tm1_0.patient_id,tm1_0.review_notes,tm1_0.status,tm1_0.trial_id from trial_matches tm1_0 where tm1_0.trial_id=? and tm1_0.patient_id=?
2026-08-21T08:26:22.023+05:30 DEBUG 29456 --- [demo] [           main] org.hibernate.SQL                        : select c1_0.trial_id,c1_0.id,c1_0.clinical_field,c1_0.criterion_type,c1_0.description,c1_0.max_value,c1_0.min_value,c1_0.operator,c1_0.reviewed_by_human,c1_0.unit,c1_0.value from trial_criteria c1_0 where c1_0.trial_id=?
2026-08-21T08:26:22.025+05:30 DEBUG 29456 --- [demo] [           main] org.hibernate.SQL                        : select ce1_0.id,ce1_0.code,ce1_0.created_at,ce1_0.display_name,ce1_0.event_timestamp,ce1_0.event_type,ce1_0.numeric_value,ce1_0.patient_id,ce1_0.raw_fhir_json,ce1_0.source_record_id,ce1_0.source_system,ce1_0.unit,ce1_0.value from clinical_events ce1_0 where ce1_0.patient_id=? and ce1_0.event_type=? order by ce1_0.event_timestamp desc
2026-08-21T08:26:22.027+05:30 DEBUG 29456 --- [demo] [           main] org.hibernate.SQL                        : select ce1_0.id,ce1_0.code,ce1_0.created_at,ce1_0.display_name,ce1_0.event_timestamp,ce1_0.event_type,ce1_0.numeric_value,ce1_0.patient_id,ce1_0.raw_fhir_json,ce1_0.source_record_id,ce1_0.source_system,ce1_0.unit,ce1_0.value from clinical_events ce1_0 where ce1_0.patient_id=? and ce1_0.event_type=? order by ce1_0.event_timestamp desc
2026-08-21T08:26:22.029+05:30 DEBUG 29456 --- [demo] [           main] org.hibernate.SQL                        : insert into trial_matches (matched_at,patient_id,review_notes,status,trial_id) values (?,?,?,?,?)
2026-08-21T08:26:22.030+05:30 DEBUG 29456 --- [demo] [           main] org.hibernate.SQL                        : insert into criterion_results (clinical_event_id,criterion_id,explanation,gap_description,gap_to_pass,patient_value,status,trial_match_id) values (?,?,?,?,?,?,?,?)
2026-08-21T08:26:22.031+05:30 DEBUG 29456 --- [demo] [           main] org.hibernate.SQL                        : insert into criterion_results (clinical_event_id,criterion_id,explanation,gap_description,gap_to_pass,patient_value,status,trial_match_id) values (?,?,?,?,?,?,?,?)
2026-08-21T08:26:22.032+05:30 DEBUG 29456 --- [demo] [           main] org.hibernate.SQL                        : insert into criterion_results (clinical_event_id,criterion_id,explanation,gap_description,gap_to_pass,patient_value,status,trial_match_id) values (?,?,?,?,?,?,?,?)
2026-08-21T08:26:22.033+05:30 DEBUG 29456 --- [demo] [           main] org.hibernate.SQL                        : select al1_0.id,al1_0.action,al1_0.current_hash,al1_0.details,al1_0.entity_id,al1_0.entity_type,al1_0.performed_by,al1_0.previous_hash,al1_0.timestamp from audit_logs al1_0 order by al1_0.id desc limit ?
2026-08-21T08:26:22.034+05:30 DEBUG 29456 --- [demo] [           main] org.hibernate.SQL                        : insert into audit_logs (action,current_hash,details,entity_id,entity_type,performed_by,previous_hash,timestamp) values (?,?,?,?,?,?,?,?)
2026-08-21T08:26:22.038+05:30 DEBUG 29456 --- [demo] [           main] org.hibernate.SQL                        : select t1_0.id,t1_0.created_at,t1_0.description,t1_0.original_eligibility_text,t1_0.title,t1_0.trial_code from trials t1_0 where t1_0.id=?
2026-08-21T08:26:22.040+05:30 DEBUG 29456 --- [demo] [           main] org.hibernate.SQL                        : select p1_0.id,p1_0.canonical_patient_id,p1_0.consent_status,p1_0.created_at,p1_0.date_of_birth,p1_0.email,p1_0.first_name,p1_0.gender,p1_0.last_name,p1_0.phone,p1_0.updated_at from patients p1_0 where p1_0.id=?
2026-08-21T08:26:22.042+05:30 DEBUG 29456 --- [demo] [           main] org.hibernate.SQL                        : select tm1_0.id,tm1_0.matched_at,tm1_0.patient_id,tm1_0.review_notes,tm1_0.status,tm1_0.trial_id from trial_matches tm1_0 where tm1_0.trial_id=? and tm1_0.patient_id=?
2026-08-21T08:26:22.043+05:30 DEBUG 29456 --- [demo] [           main] org.hibernate.SQL                        : select c1_0.trial_id,c1_0.id,c1_0.clinical_field,c1_0.criterion_type,c1_0.description,c1_0.max_value,c1_0.min_value,c1_0.operator,c1_0.reviewed_by_human,c1_0.unit,c1_0.value from trial_criteria c1_0 where c1_0.trial_id=?
2026-08-21T08:26:22.045+05:30 DEBUG 29456 --- [demo] [           main] org.hibernate.SQL                        : select ce1_0.id,ce1_0.code,ce1_0.created_at,ce1_0.display_name,ce1_0.event_timestamp,ce1_0.event_type,ce1_0.numeric_value,ce1_0.patient_id,ce1_0.raw_fhir_json,ce1_0.source_record_id,ce1_0.source_system,ce1_0.unit,ce1_0.value from clinical_events ce1_0 where ce1_0.patient_id=? and ce1_0.event_type=? order by ce1_0.event_timestamp desc
2026-08-21T08:26:22.046+05:30 DEBUG 29456 --- [demo] [           main] org.hibernate.SQL                        : select ce1_0.id,ce1_0.code,ce1_0.created_at,ce1_0.display_name,ce1_0.event_timestamp,ce1_0.event_type,ce1_0.numeric_value,ce1_0.patient_id,ce1_0.raw_fhir_json,ce1_0.source_record_id,ce1_0.source_system,ce1_0.unit,ce1_0.value from clinical_events ce1_0 where ce1_0.patient_id=? and ce1_0.event_type=? order by ce1_0.event_timestamp desc
2026-08-21T08:26:22.047+05:30 DEBUG 29456 --- [demo] [           main] org.hibernate.SQL                        : insert into trial_matches (matched_at,patient_id,review_notes,status,trial_id) values (?,?,?,?,?)
2026-08-21T08:26:22.049+05:30 DEBUG 29456 --- [demo] [           main] org.hibernate.SQL                        : insert into criterion_results (clinical_event_id,criterion_id,explanation,gap_description,gap_to_pass,patient_value,status,trial_match_id) values (?,?,?,?,?,?,?,?)
2026-08-21T08:26:22.050+05:30 DEBUG 29456 --- [demo] [           main] org.hibernate.SQL                        : insert into criterion_results (clinical_event_id,criterion_id,explanation,gap_description,gap_to_pass,patient_value,status,trial_match_id) values (?,?,?,?,?,?,?,?)
2026-08-21T08:26:22.051+05:30 DEBUG 29456 --- [demo] [           main] org.hibernate.SQL                        : insert into criterion_results (clinical_event_id,criterion_id,explanation,gap_description,gap_to_pass,patient_value,status,trial_match_id) values (?,?,?,?,?,?,?,?)
2026-08-21T08:26:22.053+05:30 DEBUG 29456 --- [demo] [           main] org.hibernate.SQL                        : select al1_0.id,al1_0.action,al1_0.current_hash,al1_0.details,al1_0.entity_id,al1_0.entity_type,al1_0.performed_by,al1_0.previous_hash,al1_0.timestamp from audit_logs al1_0 order by al1_0.id desc limit ?
2026-08-21T08:26:22.055+05:30 DEBUG 29456 --- [demo] [           main] org.hibernate.SQL                        : insert into audit_logs (action,current_hash,details,entity_id,entity_type,performed_by,previous_hash,timestamp) values (?,?,?,?,?,?,?,?)
2026-08-21T08:26:22.059+05:30  INFO 29456 --- [demo] [           main] c.c.assistant.service.DemoDataSeeder     : Demo data seeding completed
2026-08-21T08:26:22.061+05:30 DEBUG 29456 --- [demo] [           main] o.s.b.a.ApplicationAvailabilityBean      : Application availability state ReadinessState changed to ACCEPTING_TRAFFIC
2026-08-21T08:26:37.875+05:30  INFO 29456 --- [demo] [nio-8081-exec-1] o.a.c.c.C.[Tomcat].[localhost].[/]       : Initializing Spring DispatcherServlet 'dispatcherServlet'
2026-08-21T08:26:37.876+05:30  INFO 29456 --- [demo] [nio-8081-exec-1] o.s.web.servlet.DispatcherServlet        : Initializing Servlet 'dispatcherServlet'
2026-08-21T08:26:37.876+05:30 DEBUG 29456 --- [demo] [nio-8081-exec-1] o.s.web.servlet.DispatcherServlet        : Detected StandardServletMultipartResolver
2026-08-21T08:26:37.876+05:30 DEBUG 29456 --- [demo] [nio-8081-exec-1] o.s.web.servlet.DispatcherServlet        : Detected AcceptHeaderLocaleResolver
2026-08-21T08:26:37.877+05:30 DEBUG 29456 --- [demo] [nio-8081-exec-1] o.s.web.servlet.DispatcherServlet        : Detected FixedThemeResolver
2026-08-21T08:26:37.878+05:30 DEBUG 29456 --- [demo] [nio-8081-exec-1] o.s.web.servlet.DispatcherServlet        : Detected org.springframework.web.servlet.view.DefaultRequestToViewNameTranslator@6dc4b990
2026-08-21T08:26:37.878+05:30 DEBUG 29456 --- [demo] [nio-8081-exec-1] o.s.web.servlet.DispatcherServlet        : Detected org.springframework.web.servlet.support.SessionFlashMapManager@7bf56370
2026-08-21T08:26:37.879+05:30 DEBUG 29456 --- [demo] [nio-8081-exec-1] o.s.web.servlet.DispatcherServlet        : enableLoggingRequestDetails='false': request parameters and headers will be masked to prevent unsafe logging of potentially sensitive data
2026-08-21T08:26:37.879+05:30  INFO 29456 --- [demo] [nio-8081-exec-1] o.s.web.servlet.DispatcherServlet        : Completed initialization in 3 ms
2026-08-21T08:26:37.892+05:30 DEBUG 29456 --- [demo] [nio-8081-exec-1] o.s.web.servlet.DispatcherServlet        : GET "/api/dashboard", parameters={}
2026-08-21T08:26:37.902+05:30 DEBUG 29456 --- [demo] [nio-8081-exec-1] s.w.s.m.m.a.RequestMappingHandlerMapping : Mapped to com.clinicaltrial.assistant.controller.DashboardController#getDashboard()
2026-08-21T08:26:37.916+05:30 DEBUG 29456 --- [demo] [nio-8081-exec-1] org.hibernate.SQL                        : select ce1_0.id,ce1_0.code,ce1_0.created_at,ce1_0.display_name,ce1_0.event_timestamp,ce1_0.event_type,ce1_0.numeric_value,ce1_0.patient_id,ce1_0.raw_fhir_json,ce1_0.source_record_id,ce1_0.source_system,ce1_0.unit,ce1_0.value from clinical_events ce1_0 order by ce1_0.created_at desc limit ?
2026-08-21T08:26:37.921+05:30 DEBUG 29456 --- [demo] [nio-8081-exec-1] org.hibernate.SQL                        : select count(ce1_0.id) from clinical_events ce1_0
2026-08-21T08:26:37.926+05:30 DEBUG 29456 --- [demo] [nio-8081-exec-1] org.hibernate.SQL                        : select count(*) from patients p1_0
2026-08-21T08:26:37.928+05:30 DEBUG 29456 --- [demo] [nio-8081-exec-1] org.hibernate.SQL                        : select count(*) from clinical_events ce1_0
2026-08-21T08:26:37.932+05:30 DEBUG 29456 --- [demo] [nio-8081-exec-1] org.hibernate.SQL                        : select count(*) from trials t1_0
2026-08-21T08:26:37.936+05:30 DEBUG 29456 --- [demo] [nio-8081-exec-1] org.hibernate.SQL                        : select count(tm1_0.id) from trial_matches tm1_0 where tm1_0.status in ('POTENTIALLY_ELIGIBLE','NEEDS_REVIEW')
2026-08-21T08:26:37.938+05:30 DEBUG 29456 --- [demo] [nio-8081-exec-1] org.hibernate.SQL                        : select count(tm1_0.id) from trial_matches tm1_0 where tm1_0.status='NEEDS_REVIEW'
2026-08-21T08:26:37.940+05:30 DEBUG 29456 --- [demo] [nio-8081-exec-1] org.hibernate.SQL                        : select count(p1_0.id) from patients p1_0 where p1_0.created_at>?
2026-08-21T08:26:37.942+05:30 DEBUG 29456 --- [demo] [nio-8081-exec-1] org.hibernate.SQL                        : select count(ce1_0.id) from clinical_events ce1_0 where ce1_0.created_at>?
2026-08-21T08:26:37.977+05:30 DEBUG 29456 --- [demo] [nio-8081-exec-1] o.s.w.s.m.m.a.HttpEntityMethodProcessor  : Using 'application/json', given [*/*] and supported [application/json, application/*+json]
2026-08-21T08:26:37.983+05:30 DEBUG 29456 --- [demo] [nio-8081-exec-1] o.s.w.s.m.m.a.HttpEntityMethodProcessor  : Writing [DashboardDTO(totalPatients=11, totalClinicalEvents=33, totalTrials=3, potentialMatches=1, needsRevie (truncated)...]
2026-08-21T08:26:37.999+05:30 DEBUG 29456 --- [demo] [nio-8081-exec-1] o.s.web.servlet.DispatcherServlet        : Completed 200 OK
2026-08-21T08:26:43.135+05:30 DEBUG 29456 --- [demo] [nio-8081-exec-3] o.s.web.servlet.DispatcherServlet        : GET "/api/dashboard", parameters={}
2026-08-21T08:26:43.146+05:30 DEBUG 29456 --- [demo] [nio-8081-exec-3] s.w.s.m.m.a.RequestMappingHandlerMapping : Mapped to com.clinicaltrial.assistant.controller.DashboardController#getDashboard()
2026-08-21T08:26:43.148+05:30 DEBUG 29456 --- [demo] [nio-8081-exec-3] org.hibernate.SQL                        : select ce1_0.id,ce1_0.code,ce1_0.created_at,ce1_0.display_name,ce1_0.event_timestamp,ce1_0.event_type,ce1_0.numeric_value,ce1_0.patient_id,ce1_0.raw_fhir_json,ce1_0.source_record_id,ce1_0.source_system,ce1_0.unit,ce1_0.value from clinical_events ce1_0 order by ce1_0.created_at desc limit ?
2026-08-21T08:26:43.150+05:30 DEBUG 29456 --- [demo] [nio-8081-exec-3] org.hibernate.SQL                        : select count(ce1_0.id) from clinical_events ce1_0
2026-08-21T08:26:43.152+05:30 DEBUG 29456 --- [demo] [nio-8081-exec-3] org.hibernate.SQL                        : select count(*) from patients p1_0
2026-08-21T08:26:43.154+05:30 DEBUG 29456 --- [demo] [nio-8081-exec-3] org.hibernate.SQL                        : select count(*) from clinical_events ce1_0
2026-08-21T08:26:43.155+05:30 DEBUG 29456 --- [demo] [nio-8081-exec-3] org.hibernate.SQL                        : select count(*) from trials t1_0
2026-08-21T08:26:43.157+05:30 DEBUG 29456 --- [demo] [nio-8081-exec-3] org.hibernate.SQL                        : select count(tm1_0.id) from trial_matches tm1_0 where tm1_0.status in ('POTENTIALLY_ELIGIBLE','NEEDS_REVIEW')
2026-08-21T08:26:43.158+05:30 DEBUG 29456 --- [demo] [nio-8081-exec-3] org.hibernate.SQL                        : select count(tm1_0.id) from trial_matches tm1_0 where tm1_0.status='NEEDS_REVIEW'
2026-08-21T08:26:43.160+05:30 DEBUG 29456 --- [demo] [nio-8081-exec-3] org.hibernate.SQL                        : select count(p1_0.id) from patients p1_0 where p1_0.created_at>?
2026-08-21T08:26:43.162+05:30 DEBUG 29456 --- [demo] [nio-8081-exec-3] org.hibernate.SQL                        : select count(ce1_0.id) from clinical_events ce1_0 where ce1_0.created_at>?
2026-08-21T08:26:43.163+05:30 DEBUG 29456 --- [demo] [nio-8081-exec-3] o.s.w.s.m.m.a.HttpEntityMethodProcessor  : Using 'application/json', given [*/*] and supported [application/json, application/*+json]
2026-08-21T08:26:43.163+05:30 DEBUG 29456 --- [demo] [nio-8081-exec-3] o.s.w.s.m.m.a.HttpEntityMethodProcessor  : Writing [DashboardDTO(totalPatients=11, totalClinicalEvents=33, totalTrials=3, potentialMatches=1, needsRevie (truncated)...]
2026-08-21T08:26:43.164+05:30 DEBUG 29456 --- [demo] [nio-8081-exec-3] o.s.web.servlet.DispatcherServlet        : Completed 200 OK
2026-08-21T08:26:43.173+05:30 DEBUG 29456 --- [demo] [nio-8081-exec-6] o.s.web.servlet.DispatcherServlet        : GET "/api/audit-logs/verify", parameters={}
2026-08-21T08:26:43.174+05:30 DEBUG 29456 --- [demo] [nio-8081-exec-6] s.w.s.m.m.a.RequestMappingHandlerMapping : Mapped to com.clinicaltrial.assistant.controller.DashboardController#verifyAuditLogs()
2026-08-21T08:26:43.175+05:30 DEBUG 29456 --- [demo] [nio-8081-exec-6] org.hibernate.SQL                        : select al1_0.id,al1_0.action,al1_0.current_hash,al1_0.details,al1_0.entity_id,al1_0.entity_type,al1_0.performed_by,al1_0.previous_hash,al1_0.timestamp from audit_logs al1_0 order by al1_0.id
2026-08-21T08:26:43.182+05:30 DEBUG 29456 --- [demo] [nio-8081-exec-6] o.s.w.s.m.m.a.HttpEntityMethodProcessor  : Using 'application/json', given [*/*] and supported [application/json, application/*+json]
2026-08-21T08:26:43.182+05:30 DEBUG 29456 --- [demo] [nio-8081-exec-6] o.s.w.s.m.m.a.HttpEntityMethodProcessor  : Writing [{brokenAtId=1, checkedEntries=56, valid=false}]
2026-08-21T08:26:43.185+05:30 DEBUG 29456 --- [demo] [nio-8081-exec-6] o.s.web.servlet.DispatcherServlet        : Completed 200 OK
2026-08-21T08:26:43.193+05:30 DEBUG 29456 --- [demo] [nio-8081-exec-4] o.s.web.servlet.DispatcherServlet        : GET "/api/trials", parameters={}
2026-08-21T08:26:43.194+05:30 DEBUG 29456 --- [demo] [nio-8081-exec-4] s.w.s.m.m.a.RequestMappingHandlerMapping : Mapped to com.clinicaltrial.assistant.controller.TrialController#getAll()
2026-08-21T08:26:43.196+05:30 DEBUG 29456 --- [demo] [nio-8081-exec-4] org.hibernate.SQL                        : select t1_0.id,t1_0.created_at,t1_0.description,t1_0.original_eligibility_text,t1_0.title,t1_0.trial_code from trials t1_0
2026-08-21T08:26:43.198+05:30 DEBUG 29456 --- [demo] [nio-8081-exec-4] org.hibernate.SQL                        : select c1_0.trial_id,c1_0.id,c1_0.clinical_field,c1_0.criterion_type,c1_0.description,c1_0.max_value,c1_0.min_value,c1_0.operator,c1_0.reviewed_by_human,c1_0.unit,c1_0.value from trial_criteria c1_0 where c1_0.trial_id=?
2026-08-21T08:26:43.201+05:30 DEBUG 29456 --- [demo] [nio-8081-exec-4] org.hibernate.SQL                        : select c1_0.trial_id,c1_0.id,c1_0.clinical_field,c1_0.criterion_type,c1_0.description,c1_0.max_value,c1_0.min_value,c1_0.operator,c1_0.reviewed_by_human,c1_0.unit,c1_0.value from trial_criteria c1_0 where c1_0.trial_id=?
2026-08-21T08:26:43.202+05:30 DEBUG 29456 --- [demo] [nio-8081-exec-4] org.hibernate.SQL                        : select c1_0.trial_id,c1_0.id,c1_0.clinical_field,c1_0.criterion_type,c1_0.description,c1_0.max_value,c1_0.min_value,c1_0.operator,c1_0.reviewed_by_human,c1_0.unit,c1_0.value from trial_criteria c1_0 where c1_0.trial_id=?
2026-08-21T08:26:43.206+05:30 DEBUG 29456 --- [demo] [nio-8081-exec-4] o.s.w.s.m.m.a.HttpEntityMethodProcessor  : Using 'application/json', given [*/*] and supported [application/json, application/*+json]
2026-08-21T08:26:43.208+05:30 DEBUG 29456 --- [demo] [nio-8081-exec-4] o.s.w.s.m.m.a.HttpEntityMethodProcessor  : Writing [[TrialDTO(id=1, title=Type 2 Diabetes Management Study, trialCode=TRIAL-DM2-001, description=A rando (truncated)...]
2026-08-21T08:26:43.218+05:30 DEBUG 29456 --- [demo] [nio-8081-exec-4] o.s.web.servlet.DispatcherServlet        : Completed 200 OK
2026-08-21T08:26:43.235+05:30 DEBUG 29456 --- [demo] [nio-8081-exec-5] o.s.web.servlet.DispatcherServlet        : GET "/api/trials/1/gap-analysis", parameters={}
2026-08-21T08:26:43.236+05:30 DEBUG 29456 --- [demo] [nio-8081-exec-5] s.w.s.m.m.a.RequestMappingHandlerMapping : Mapped to com.clinicaltrial.assistant.controller.TrialController#getGapAnalysis(Long)
2026-08-21T08:26:43.247+05:30 DEBUG 29456 --- [demo] [nio-8081-exec-5] org.hibernate.SQL                        : select tm1_0.id,tm1_0.matched_at,tm1_0.patient_id,tm1_0.review_notes,tm1_0.status,tm1_0.trial_id from trial_matches tm1_0 where tm1_0.trial_id=?
2026-08-21T08:26:43.250+05:30 DEBUG 29456 --- [demo] [nio-8081-exec-5] org.hibernate.SQL                        : select cr1_0.trial_match_id,cr1_0.id,cr1_0.clinical_event_id,cr1_0.criterion_id,cr1_0.explanation,cr1_0.gap_description,cr1_0.gap_to_pass,cr1_0.patient_value,cr1_0.status from criterion_results cr1_0 where cr1_0.trial_match_id=?
2026-08-21T08:26:43.254+05:30 DEBUG 29456 --- [demo] [nio-8081-exec-5] org.hibernate.SQL                        : select cr1_0.trial_match_id,cr1_0.id,cr1_0.clinical_event_id,cr1_0.criterion_id,cr1_0.explanation,cr1_0.gap_description,cr1_0.gap_to_pass,cr1_0.patient_value,cr1_0.status from criterion_results cr1_0 where cr1_0.trial_match_id=?
2026-08-21T08:26:43.255+05:30 DEBUG 29456 --- [demo] [nio-8081-exec-5] org.hibernate.SQL                        : select cr1_0.trial_match_id,cr1_0.id,cr1_0.clinical_event_id,cr1_0.criterion_id,cr1_0.explanation,cr1_0.gap_description,cr1_0.gap_to_pass,cr1_0.patient_value,cr1_0.status from criterion_results cr1_0 where cr1_0.trial_match_id=?
2026-08-21T08:26:43.258+05:30 DEBUG 29456 --- [demo] [nio-8081-exec-5] org.hibernate.SQL                        : select tc1_0.id,tc1_0.clinical_field,tc1_0.criterion_type,tc1_0.description,tc1_0.max_value,tc1_0.min_value,tc1_0.operator,tc1_0.reviewed_by_human,tc1_0.trial_id,tc1_0.unit,tc1_0.value from trial_criteria tc1_0 where tc1_0.id=?
2026-08-21T08:26:43.261+05:30 DEBUG 29456 --- [demo] [nio-8081-exec-5] o.s.w.s.m.m.a.HttpEntityMethodProcessor  : Using 'application/json', given [*/*] and supported [application/json, application/*+json]
2026-08-21T08:26:43.262+05:30 DEBUG 29456 --- [demo] [nio-8081-exec-5] o.s.w.s.m.m.a.HttpEntityMethodProcessor  : Writing [{notEligiblePatients=3, blockedByOneCriterion=2, blockedByMultipleCriteria=1, closestCriterion=HbA1c (truncated)...]
2026-08-21T08:26:43.263+05:30 DEBUG 29456 --- [demo] [nio-8081-exec-5] o.s.web.servlet.DispatcherServlet        : Completed 200 OK
2026-08-21T08:26:51.647+05:30 DEBUG 29456 --- [demo] [nio-8081-exec-2] o.s.web.servlet.DispatcherServlet        : GET "/api/audit-logs/verify", parameters={}
2026-08-21T08:26:51.657+05:30 DEBUG 29456 --- [demo] [nio-8081-exec-2] s.w.s.m.m.a.RequestMappingHandlerMapping : Mapped to com.clinicaltrial.assistant.controller.DashboardController#verifyAuditLogs()
2026-08-21T08:26:51.659+05:30 DEBUG 29456 --- [demo] [nio-8081-exec-2] org.hibernate.SQL                        : select al1_0.id,al1_0.action,al1_0.current_hash,al1_0.details,al1_0.entity_id,al1_0.entity_type,al1_0.performed_by,al1_0.previous_hash,al1_0.timestamp from audit_logs al1_0 order by al1_0.id
2026-08-21T08:26:51.662+05:30 DEBUG 29456 --- [demo] [nio-8081-exec-2] o.s.w.s.m.m.a.HttpEntityMethodProcessor  : Using 'application/json', given [*/*] and supported [application/json, application/*+json]
2026-08-21T08:26:51.663+05:30 DEBUG 29456 --- [demo] [nio-8081-exec-2] o.s.w.s.m.m.a.HttpEntityMethodProcessor  : Writing [{brokenAtId=1, checkedEntries=56, valid=false}]
2026-08-21T08:26:51.663+05:30 DEBUG 29456 --- [demo] [nio-8081-exec-2] o.s.web.servlet.DispatcherServlet        : Completed 200 OK
[INFO] ------------------------------------------------------------------------
[INFO] BUILD FAILURE
[INFO] ------------------------------------------------------------------------
[INFO] Total time:  02:03 min
[INFO] Finished at: 2026-08-21T08:28:15+05:30
[INFO] ------------------------------------------------------------------------
[ERROR] Failed to execute goal org.springframework.boot:spring-boot-maven-plugin:3.3.4:run (default-cli) on project research-assistant: Process terminated with exit code: -1 -> [Help 1]
[ERROR] 
[ERROR] To see the full stack trace of the errors, re-run Maven with the -e switch.
[ERROR] Re-run Maven using the -X switch to enable full debug logging.
[ERROR] 
[ERROR] For more information about the errors and possible solutions, please read the following articles:
[ERROR] [Help 1] http://cwiki.apache.org/confluence/display/MAVEN/MojoExecutionException
